station,date,bewd_i,bewd_ii,bewd_iii,bewm_i,bewm_ii,bewm_iii,bewm_mittel,bft6,bft8,cglo_j,dampf_i,dampf_ii,dampf_iii,dampf_mittel,dd32_i,dd32_ii,dd32_iii,erdb_i,erdb_ii,erdb_iii,ffx,gew,glatt,nebel,p_i,p_ii,p_iii,p_mittel,raureif,reif,rfb_i,rfb_ii,rfb_iii,rfb_mittel,rf_i,rf_ii,rf_iii,rf_mittel,rr,rr_i,rr_iii,rra_manu,rra_manu_i,rra_manu_iii,sh,sh_manu,sha_manu,shneu_manu,sicht_i,sicht_ii,sicht_iii,so_h,tau,tl_i,tl_ii,tl_iii,tlmax,tlmin,tl_mittel,tsmin,vvbft_i,vvbft_ii,vvbft_iii,vv_mittel,zeitx
1,2026-09-28,1.0,,0.0,3.0,0.0,1.0,13.0,0,0,1609.0,9.0,11.9,11.0,10.6,0.0,16.0,28.0,1,0,0,5.7,0,0,0,935.8,934.5,935.7,935.3,0,0,,,,,100.0,51.0,72.0,74.0,-1,-1,-1,,,,,-1.0,0,-1.0,4000.0,7000.0,6000.0,9,0,6,20,13,21,4,13,2,0,1,2,1.2,1706.0
2,2026-09-28,2.0,,,1.0,0.0,0.0,3.0,0,0,1583.0,8.3,12.7,11.9,11.0,20.0,4.0,4.0,1,0,0,9.5,0,0,1,949.7,946.7,947.6,948.0,0,0,,,,,97.0,46.0,65.0,69.0,0,-1,0,,0,0,,-1.0,0,-1.0,600.0,50000.0,40000.0,9,1,5,23,16,24,3,14,-1,1,3,2,2.8,1726.0
3,2026-09-28,,,,0.0,0.0,0.0,0.0,0,0,1583.0,9.5,12.1,9.9,10.5,4.0,12.0,8.0,1,0,0,9.1,0,0,0,953.6,953.8,954.0,953.8,0,0,,,,,92.0,53.0,59.0,68.0,-1,-1,-1,,0,0,,-1.0,0,-1.0,8000.0,30000.0,11000.0,11,1,7,20,15,20,6,13,2,1,3,2,2.8,2357.0
4,2026-09-28,,,,,,,,0,0,1582.0,11.3,13.7,12.5,12.5,0.0,8.0,8.0,,,,7.7,0,,,992.7,991.6,991.3,991.9,,,,,,,97.0,52.0,65.0,71.0,-1,-1,-1,,,,,,,,,,,11,,9,22,17,23,7,15,5,0,3,1,1.9,1507.0
5,2026-09-28,,,,,,,,0,0,,10.0,13.8,12.0,11.9,4.0,16.0,12.0,,,,6.4,0,,,938.1,936.2,936.8,937.0,,,,,,,91.0,50.0,79.0,73.0,-1,-1,-1,,,,,,,,,,,10,,8,23,13,24,7,15,,1,2,1,1.6,2135.0
6,2026-09-28,,,,,,,,0,0,1631.0,10.6,13.9,11.7,12.1,24.0,12.0,0.0,,,,6.2,0,,,919.9,919.5,920.2,919.9,,,,,,,100.0,68.0,93.0,87.0,-1,-1,-1,,,,,,,,,,,11,,8,18,10,18,6,12,3,1,2,0,1.2,1223.0
7,2026-09-28,,,,,,,,0,0,1356.0,8.1,9.3,10.1,9.2,12.0,32.0,16.0,,,,5.0,0,,,900.7,899.0,899.3,899.7,,,,,,,91.0,39.0,71.0,67.0,-1,-1,-1,,,,,,,,,,,6,,5,20,12,22,5,13,,1,1,2,1.6,1712.0
8,2026-09-28,,,,,,,,0,0,1599.0,9.2,10.8,11.7,10.6,28.0,16.0,32.0,,,,5.5,0,,,993.3,992.3,992.9,992.8,,,,,,,89.0,38.0,73.0,67.0,-1,-1,-1,,,,,,,,,,,10,,8,23,14,23,7,15,,1,2,1,1.6,1223.0
9,2026-09-28,,,,,,,,0,0,1545.0,9.5,12.3,13.3,11.7,8.0,16.0,4.0,,,,4.3,0,,,961.5,959.2,959.8,960.2,,,,,,,94.0,44.0,81.0,73.0,-1,-1,-1,,,,,,,,,,,9,,7,23,15,24,7,16,,1,1,2,1.6,1000.0
10,2026-09-28,0.0,1.0,,10.0,2.0,0.0,40.0,0,0,1544.0,8.1,11.0,12.1,10.4,0.0,16.0,0.0,1,0,0,4.4,0,0,1,932.6,930.3,931.0,931.3,0,0,,,,,98.0,37.0,78.0,71.0,-1,-1,-1,,0,0,,-1.0,0,-1.0,,20000.0,8000.0,11,0,4,24,14,24,3,14,,0,2,0,0.9,1103.0
11,2026-09-28,,,,,,,,0,0,1599.0,10.1,11.1,11.6,10.9,24.0,12.0,8.0,,,,7.2,0,,,1000.8,999.7,1000.0,1000.2,,,,,,,94.0,37.0,65.0,65.0,0,-1,0,,,,,,,,,,,11,,8,24,16,25,6,15,,2,2,1,2.1,1232.0
13,2026-09-28,,,,,,,,0,0,1748.0,9.7,9.9,9.2,9.6,20.0,16.0,4.0,,,,6.9,0,,,951.4,951.6,952.0,951.7,,,,,,,66.0,41.0,53.0,53.0,-1,-1,-1,,,,,,,,,,,11,,13,21,15,21,12,17,,1,2,1,1.6,1019.0
14,2026-09-28,,,,,,,,0,0,1578.0,9.1,10.9,12.7,10.9,12.0,20.0,12.0,,,,4.7,0,,,961.8,957.6,958.5,959.3,,,,,,,93.0,40.0,74.0,69.0,-1,-1,-1,,,,,,,,,,,9,,7,23,15,25,7,16,6,1,1,2,1.6,1848.0
15,2026-09-28,,,,,,,,0,0,1578.0,10.2,13.1,14.4,12.6,8.0,28.0,8.0,,,,5.2,0,,,969.7,968.1,967.9,968.6,,,,,,,79.0,47.0,71.0,66.0,-1,-1,-1,,,,,,,,,,,10,,11,23,18,25,11,18,7,1,1,1,1.1,2105.0
16,2026-09-28,,,,,,,,0,0,1575.0,8.6,8.6,9.3,8.8,12.0,12.0,12.0,,,,7.2,0,,,867.5,865.7,866.6,866.6,,,,,,,75.0,38.0,56.0,56.0,,-1,-1,,,,,,,,,,,8,,9,20,15,23,8,15,,1,2,2,2.1,2325.0
17,2026-09-28,,,,,,,,0,0,1441.0,9.3,10.5,10.8,10.2,0.0,8.0,4.0,,,,8.5,0,,,,,,,,,,,,,92.0,39.0,53.0,61.0,-1,-1,-1,,,,,,,,,,,9,,7,22,18,23,5,14,,0,3,3,3.0,1908.0
18,2026-09-28,,,,,,,,0,0,1639.0,10.9,11.1,11.5,11.2,8.0,16.0,8.0,,,,8.9,0,,,1005.3,1004.4,1004.6,1004.8,,,,,,,77.0,37.0,62.0,59.0,-1,-1,-1,,,,,,,,,,,11,,12,24,16,25,10,17,8,2,2,2,2.7,1214.0
19,2026-09-28,,,,,,,,0,0,,10.6,14.2,13.8,12.9,0.0,8.0,4.0,,,,5.0,0,,,952.2,949.9,951.3,951.1,,,,,,,94.0,52.0,82.0,76.0,-1,-1,-1,,,,0.0,,,,,,,10,,9,23,15,23,8,15,5,0,1,1,0.7,1541.0
20,2026-09-28,,,,,,,,0,0,1612.0,7.2,9.5,11.9,9.5,0.0,32.0,8.0,,,,7.1,0,,,912.1,909.7,910.3,910.7,,,,,,,89.0,27.0,75.0,64.0,-1,-1,-1,,,,,,,,,,,9,,4,27,14,27,4,15,2,0,2,1,1.2,1543.0
21,2026-09-28,,,,0.0,0.0,0.0,0.0,0,0,1547.0,8.8,13.6,13.3,11.9,12.0,24.0,12.0,1,0,0,9.6,0,0,0,953.4,951.6,952.7,952.6,0,0,,,,,96.0,58.0,87.0,80.0,-1,-1,-1,,,,,-1.0,0,-1.0,25000.0,30000.0,35000.0,10,1,6,20,13,21,5,13,3,1,2,1,1.6,1139.0
22,2026-09-28,,,,,,,,0,0,1559.0,11.3,10.7,11.4,11.1,8.0,12.0,4.0,,,,11.5,0,,,1002.9,1002.0,1002.4,1002.4,,,,,,,78.0,36.0,62.0,59.0,-1,-1,-1,0,0,0,,,,,,,,11,,13,24,16,24,10,17,9,2,3,1,2.8,1200.0
23,2026-09-28,,,,,,,,0,0,1685.0,11.4,13.4,14.0,12.9,12.0,8.0,8.0,,,,7.8,0,,,986.3,985.3,985.1,985.6,,,,,,,97.0,51.0,67.0,72.0,-1,-1,-1,,,,,,,,,,,11,,9,22,18,23,9,16,5,1,3,2,2.8,913.0
24,2026-09-28,1.0,0.0,0.0,3.0,1.0,2.0,20.0,0,0,1591.0,9.2,12.5,14.8,12.2,8.0,32.0,0.0,0,0,0,6.1,0,0,0,970.1,968.0,968.2,968.8,0,0,,,,,68.0,39.0,69.0,59.0,-1,-1,-1,,,,,-1.0,0,-1.0,30000.0,30000.0,30000.0,11,0,11,25,19,26,11,18,8,1,2,0,1.2,2109.0
25,2026-09-28,,,,,,,,0,0,1655.0,10.5,10.6,9.7,10.3,0.0,16.0,20.0,,,,5.9,0,,,906.8,907.1,907.8,907.2,,,,,,,85.0,52.0,70.0,69.0,-1,-1,-1,,,,,,,,,,,11,,10,18,12,18,8,13,4,0,2,1,1.2,1301.0
26,2026-09-28,,,,,,,,0,0,1650.0,8.1,12.5,11.9,10.8,12.0,16.0,8.0,,,,5.5,0,,,960.3,959.8,960.1,960.1,,,,,,,95.0,46.0,63.0,68.0,-1,-1,-1,,,,,,,,,,,10,,5,23,17,24,4,14,,1,1,1,1.1,1904.0
27,2026-09-28,,,,,,,,0,0,,11.9,14.1,13.6,13.2,12.0,12.0,12.0,,,,6.9,0,,,,,,,,,,,,,100.0,57.0,71.0,76.0,-1,-1,-1,,,,,,,,,,,11,,10,21,17,22,8,15,3,1,3,1,2.2,1441.0
28,2026-09-28,,,,,,,,0,0,1509.0,6.0,7.3,8.4,7.2,20.0,4.0,20.0,,,,9.3,0,,,850.3,848.5,849.6,849.5,,,,,,,67.0,27.0,63.0,52.0,-1,-1,-1,,,,,,,,,,,9,,5,22,11,23,5,14,2,1,3,1,2.2,1438.0
30,2026-09-28,,,,0.0,0.0,,,,,,10.6,10.5,12.8,11.3,,,,1,0,,,0,0,0,981.9,981.3,981.9,981.7,0,0,,,,,91.0,39.0,74.0,68.0,-1,-1,-1,,,,,-1.0,0,-1.0,22000.0,22000.0,,,1,9,22,15,23,8,16,7,,,,,
31,2026-09-28,,,,,,,,0,0,1573.0,10.9,10.0,11.5,10.8,12.0,12.0,12.0,,,,9.5,0,,,1006.7,1006.0,1006.4,1006.4,,,,,,,74.0,34.0,56.0,55.0,-1,-1,-1,,,,,,,,,,,11,,13,24,18,24,11,18,7,2,3,2,3.3,1246.0
32,2026-09-28,,,,,,,,0,0,1579.0,11.2,10.2,10.5,10.6,32.0,12.0,24.0,,,,9.8,0,,,999.5,998.6,999.2,999.1,,,,,,,75.0,34.0,60.0,56.0,,-1,-1,,,,,,,,,,,11,,13,24,16,25,9,17,4,1,3,1,2.2,1226.0
36,2026-09-28,,,,,,,,0,0,1682.0,9.8,10.2,9.7,9.9,12.0,12.0,12.0,,,,12.1,0,,,916.6,917.3,917.9,917.3,,,,,,,64.0,41.0,58.0,54.0,,-1,-1,,,,,,,,,,,11,,13,21,15,22,10,16,,2,3,3,3.9,2354.0
37,2026-09-28,,,,,,,,0,0,1624.0,10.2,11.9,10.8,11.0,24.0,12.0,8.0,,,,10.4,0,,,995.1,994.4,994.7,994.7,,,,,,,88.0,43.0,59.0,63.0,-1,-1,-1,,,,,,,,,,,11,,9,23,16,23,7,15,3,1,3,2,2.8,1418.0
38,2026-09-28,,,,0.0,,,,0,0,1627.0,8.6,8.7,10.6,9.3,4.0,16.0,32.0,1,,,4.9,0,,,935.6,931.6,932.2,933.1,,,,,,,88.0,26.0,56.0,57.0,-1,-1,-1,,0,,,-1.0,0,-1.0,20000.0,,,9,,7,26,17,27,6,17,,1,1,1,1.1,1546.0
39,2026-09-28,,,0.0,0.0,0.0,2.0,7.0,0,0,1602.0,10.0,11.1,11.4,10.8,20.0,8.0,4.0,1,0,0,6.0,0,0,0,953.6,949.9,950.2,951.2,0,0,,,,,88.0,34.0,53.0,58.0,-1,-1,-1,0,0,0,,-1.0,0,-1.0,9000.0,12000.0,8000.0,11,1,9,26,19,27,8,18,5,1,2,2,2.1,1429.0
40,2026-09-28,,,,,,,,0,0,1598.0,8.5,11.7,11.6,10.6,0.0,24.0,12.0,,,,6.3,0,,,944.7,942.0,942.9,943.2,,,,,,,96.0,44.0,74.0,71.0,-1,-1,-1,,,,,,,,,,,10,,5,22,14,24,5,14,2,0,1,3,1.9,1745.0
42,2026-09-28,,,,,,,,0,0,1588.0,10.1,12.3,13.6,12.0,24.0,8.0,4.0,,,,7.3,0,,,962.5,958.8,959.0,960.1,,,,,,,98.0,41.0,51.0,63.0,-1,-1,-1,,,,,,,,,,,10,,8,24,22,25,7,16,,1,3,3,3.4,1435.0
43,2026-09-28,,,,,,,,0,0,1578.0,7.9,12.0,11.2,10.4,4.0,20.0,0.0,,,,4.9,0,,,873.2,872.5,873.6,873.1,,,,,,,78.0,57.0,83.0,73.0,-1,-1,-1,,,,0.0,,,,,,,8,,7,18,11,20,6,13,3,1,2,0,1.2,1252.0
44,2026-09-28,,,,,,,,0,0,1565.0,8.0,12.3,11.8,10.7,8.0,12.0,24.0,,,,7.5,0,,,939.2,937.4,938.7,938.4,,,,,,,94.0,51.0,80.0,75.0,-1,-1,-1,,,,,,,,,,,10,,5,21,13,21,4,12,3,1,3,1,2.2,1308.0
46,2026-09-28,,,,,,,,0,0,1599.0,10.4,13.0,11.0,11.5,16.0,0.0,32.0,,,,5.6,0,,,1000.2,999.0,999.3,999.5,,,,,,,82.0,44.0,68.0,65.0,-1,-1,-1,,,,,,,,,,,11,,11,24,14,24,8,16,5,1,0,1,0.7,1402.0
47,2026-09-28,,,,,,,,0,0,1625.0,8.4,10.2,10.8,9.8,24.0,12.0,28.0,,,,2.9,0,,,909.3,907.6,907.9,908.3,,,,,,,82.0,39.0,71.0,64.0,-1,-1,-1,,,,,,,,,,,8,,7,22,13,22,7,15,5,1,1,1,1.1,1137.0
48,2026-09-28,1.0,0.0,,9.0,1.0,0.0,33.0,0,0,1624.0,10.4,13.3,13.5,12.4,0.0,16.0,4.0,1,1,0,5.6,0,0,0,972.9,970.9,971.3,971.7,0,0,,,,,99.0,54.0,76.0,76.0,-1,-1,-1,,,,0.0,-1.0,0,-1.0,350.0,35000.0,30000.0,10,1,8,21,16,22,6,14,5,0,2,1,1.2,1448.0
49,2026-09-28,,,,,,,,0,0,,9.5,11.0,10.4,10.3,0.0,16.0,0.0,,,,5.3,0,,,,,,,,,,,,,94.0,37.0,68.0,66.0,-1,-1,-1,,,,,,,,,,,10,,7,24,13,24,4,14,2,0,1,0,0.4,1305.0
50,2026-09-28,,,,,,,,0,0,1505.0,8.0,9.1,10.9,9.3,20.0,32.0,16.0,,,,8.0,0,,,932.0,927.6,928.6,929.4,,,,,,,66.0,26.0,56.0,49.0,-1,-1,-1,,,,,,,,,,,8,,10,27,17,28,10,19,7,2,1,1,1.6,1423.0
51,2026-09-28,,,,0.0,0.0,0.0,0.0,0,0,1596.0,10.6,12.0,11.1,11.2,20.0,8.0,4.0,0,0,0,10.5,0,0,0,1003.4,1002.5,1003.0,1003.0,0,0,,,,,85.0,40.0,53.0,59.0,-1,-1,-1,,0,0,,-1.0,0,-1.0,30000.0,30000.0,30000.0,11,0,10,24,18,25,8,16,7,1,4,3,4.1,1211.0
52,2026-09-28,,,,,,,,0,0,1591.0,9.9,11.8,10.0,10.6,28.0,8.0,4.0,,,,6.6,0,,,1000.1,999.0,999.3,999.5,,,,,,,82.0,41.0,47.0,57.0,-1,-1,-1,,,,,,,,,,,10,,10,24,19,24,9,16,8,2,2,1,2.1,1303.0
53,2026-09-28,,,,,,,,0,0,1624.0,11.1,10.7,10.6,10.8,4.0,16.0,12.0,,,,5.4,0,,,963.0,963.0,963.5,963.2,,,,,,,76.0,45.0,53.0,58.0,-1,-1,-1,,,,,,,,,,,11,,13,20,18,21,11,16,9,2,1,1,1.6,1405.0
54,2026-09-28,,,,,,,,0,0,1595.0,10.9,10.2,12.6,11.2,32.0,12.0,20.0,,,,5.3,0,,,993.7,992.5,993.1,993.1,,,,,,,91.0,37.0,78.0,69.0,-1,-1,-1,,,,,,,,,,,11,,10,23,14,23,7,15,5,1,2,1,1.6,1324.0
55,2026-09-28,,,,,,,,0,0,1531.0,10.0,13.7,13.8,12.5,0.0,8.0,12.0,,,,9.5,0,,,947.8,945.1,946.5,946.5,,,,,,,93.0,50.0,68.0,70.0,-1,-1,-1,,,,0.0,,,,,,,8,,8,23,18,24,7,15,4,0,2,2,1.8,1526.0
56,2026-09-28,,,,,,,,0,0,1478.0,11.1,12.9,13.9,12.6,20.0,12.0,32.0,,,,4.9,0,,,992.6,991.5,991.2,991.8,,,,,,,92.0,49.0,72.0,71.0,-1,-1,-1,,,,,,,,,,,11,,10,22,17,23,9,16,7,1,2,1,1.6,1045.0
57,2026-09-28,,,,,,,,0,0,1433.0,10.2,12.2,10.9,11.1,12.0,12.0,12.0,,,,7.3,0,,,959.1,959.1,959.6,959.3,,,,,,,77.0,49.0,64.0,63.0,-1,-1,-1,,,,,,,,,,,10,,11,21,15,22,9,15,7,1,2,1,1.6,1219.0
58,2026-09-28,,,,,,,,0,0,1579.0,10.2,11.0,10.1,10.4,24.0,16.0,32.0,,,,6.8,0,,,1001.0,1000.3,1000.8,1000.7,,,,,,,84.0,35.0,66.0,62.0,-1,-1,-1,,,,,,,,,,,10,,10,25,13,25,6,15,3,1,2,1,1.6,1144.0
59,2026-09-28,,,,,,,,0,0,1636.0,8.9,10.7,11.0,10.2,12.0,16.0,8.0,,,,7.8,0,,,924.6,924.3,925.1,924.7,,,,,,,94.0,43.0,70.0,69.0,-1,-1,-1,,,,,,,,,,,10,,6,21,14,22,6,14,4,2,2,1,2.1,2326.0
60,2026-09-28,,,,,,,,0,0,1603.0,12.1,14.7,14.2,13.7,0.0,4.0,8.0,,,,8.1,0,,,963.7,962.9,962.9,963.2,,,,,,,98.0,57.0,80.0,78.0,-1,-1,-1,,,,,,,,,,,10,,10,22,16,22,9,15,,0,3,2,2.4,1545.0
61,2026-09-28,,,,,,,,0,0,1516.0,9.9,13.9,12.3,12.0,24.0,16.0,24.0,,,,5.0,0,,,950.0,947.0,947.5,948.2,,,,,,,92.0,46.0,72.0,70.0,-1,-1,-1,,,,,,,,,,,9,,8,24,15,25,8,16,5,1,1,1,1.1,1602.0
62,2026-09-28,0.0,,,7.0,0.0,0.0,23.0,0,0,1643.0,11.7,13.6,13.2,12.8,4.0,20.0,4.0,1,0,0,4.8,0,0,0,,,,,0,0,,,,,97.0,55.0,80.0,77.0,-1,-1,-1,,,,,-1.0,0,-1.0,60000.0,60000.0,60000.0,10,1,10,21,15,22,9,15,7,1,1,2,1.6,1359.0
63,2026-09-28,,,,0.0,0.0,0.0,0.0,0,0,1687.0,10.3,10.4,9.5,10.1,20.0,16.0,24.0,0,0,0,9.7,0,0,0,911.5,912.2,912.7,912.1,0,0,,,,,70.0,54.0,65.0,63.0,-1,-1,-1,,0,0,,-1.0,0,-1.0,6000.0,6000.0,5000.0,10,0,13,17,13,17,11,14,9,3,3,3,4.6,139.0
64,2026-09-28,,,,,,,,0,0,1595.0,8.1,12.0,12.0,10.7,32.0,16.0,20.0,,,,9.0,0,,,925.6,924.1,925.1,924.9,,,,,,,95.0,53.0,83.0,77.0,-1,-1,-1,,,,,,,,,,,10,,5,20,13,20,4,12,,1,3,1,2.2,1533.0
65,2026-09-28,,,,,,,,0,0,1480.0,10.6,12.4,12.3,11.8,8.0,16.0,8.0,,,,6.7,0,,,1010.9,1009.9,1010.2,1010.3,,,,,,,78.0,40.0,69.0,62.0,-1,-1,-1,,,,,,,,,,,9,,12,25,16,25,9,17,,1,2,1,1.6,1213.0
66,2026-09-28,,,,,,,,0,0,1326.0,5.8,5.8,7.4,6.3,20.0,4.0,20.0,,,,6.4,0,,,814.4,813.3,814.0,813.9,,,,,,,53.0,26.0,54.0,44.0,-1,-1,-1,,,,0.0,,,,,,,6,,8,19,12,20,8,14,,1,2,2,2.1,1436.0
67,2026-09-28,,,,,,,,0,0,1561.0,10.0,11.3,10.2,10.5,12.0,12.0,12.0,,,,16.4,0,,,970.9,971.0,971.2,971.0,,,,,,,71.0,46.0,51.0,56.0,-1,-1,-1,,,,,,,,,,,11,,12,21,18,21,11,16,10,4,5,4,7.6,1235.0
68,2026-09-28,,,,,,,,0,0,1533.0,6.3,6.7,10.4,7.8,28.0,24.0,12.0,,,,8.6,0,,,833.0,833.1,833.4,833.2,,,,,,,47.0,34.0,77.0,53.0,-1,-1,-1,,,,,,,,,,,10,,11,17,12,19,7,13,,1,2,3,2.8,2001.0
69,2026-09-28,,,,,,,,0,0,1519.0,10.1,13.2,13.0,12.1,24.0,12.0,0.0,,,,6.3,0,,,945.3,943.4,944.9,944.5,,,,,,,90.0,55.0,81.0,75.0,,-1,-1,,,,,,,,,,,9,,9,21,14,21,8,14,4,1,2,0,1.2,1426.0
70,2026-09-28,,,,,,,,0,0,1707.0,10.7,10.6,10.8,10.7,8.0,12.0,4.0,,,,12.3,0,,,1000.7,1000.2,1000.3,1000.4,,,,,,,75.0,37.0,64.0,59.0,-1,-1,-1,,,,,,,,,,,11,,12,23,15,24,9,16,7,1,3,2,2.8,1334.0
71,2026-09-28,,,,,,,,0,0,1696.0,9.9,12.1,11.5,11.2,8.0,20.0,4.0,,,,6.1,0,,,903.8,904.1,904.7,904.2,,,,,,,84.0,59.0,78.0,74.0,-1,-1,-1,,,,,,,,,,,11,,9,18,13,19,8,13,4,1,1,2,1.6,1634.0
72,2026-09-28,,,,,,,,0,0,,7.2,11.8,10.4,9.8,24.0,4.0,24.0,,,,8.2,0,,,956.3,955.5,956.7,956.2,,,,,,,95.0,44.0,80.0,73.0,-1,-1,-1,,,,,,,,,,,9,,3,22,11,23,3,13,1,1,2,1,1.6,1305.0
73,2026-09-28,,,,,,,,0,0,1692.0,7.6,9.7,10.6,9.3,0.0,20.0,0.0,,,,5.3,0,,,929.0,926.0,927.3,927.4,,,,,,,97.0,30.0,80.0,69.0,-1,-1,-1,,,,,,,,,,,11,,3,25,11,27,2,14,1,0,1,0,0.4,1644.0
75,2026-09-28,,,,,,,,0,0,1615.0,11.1,14.3,13.4,12.9,8.0,4.0,4.0,,,,7.5,0,,,976.6,975.6,975.4,975.9,,,,,,,86.0,50.0,64.0,67.0,-1,-1,-1,,,,,,,,,,,11,,11,23,18,24,7,16,6,2,3,3,3.9,1342.0
76,2026-09-28,,,,,,,,0,0,1562.0,7.6,12.6,12.7,11.0,16.0,28.0,32.0,,,,8.6,0,,,926.5,924.2,924.6,925.1,,,,,,,63.0,40.0,74.0,59.0,-1,-1,-1,,,,,,,,,,,10,,10,25,15,25,9,17,2,2,3,1,2.8,1453.0
77,2026-09-28,,,,,,,,0,0,1602.0,10.0,15.0,12.5,12.5,32.0,16.0,4.0,,,,7.8,0,,,951.9,951.5,951.8,951.7,,,,,,,88.0,56.0,61.0,68.0,-1,-1,-1,,,,,,,,,,,11,,9,22,18,22,8,15,5,2,2,1,2.1,2359.0
78,2026-09-28,,,,,,,,0,0,1298.0,7.1,12.0,10.6,9.9,16.0,32.0,16.0,,,,4.4,0,,,916.9,914.6,915.5,915.7,,,,,,,87.0,44.0,80.0,70.0,-1,-1,-1,,,,,,,,,,,6,,4,23,11,23,4,13,1,1,2,1,1.6,1332.0
80,2026-09-28,,,,,,,,0,0,1585.0,9.8,11.5,11.8,11.0,0.0,8.0,24.0,,,,4.8,0,,,967.1,966.0,967.6,966.9,,,,,,,93.0,40.0,75.0,69.0,-1,-1,-1,0,0,0,,,,,,,,11,,8,23,14,24,6,15,4,0,1,1,0.7,1426.0
81,2026-09-28,,,,,,,,0,0,1632.0,10.5,10.6,10.4,10.5,4.0,12.0,4.0,,,,9.5,0,,,987.0,986.6,986.9,986.8,,,,,,,74.0,38.0,51.0,54.0,-1,-1,-1,,,,,,,,,,,11,,12,23,18,24,11,18,9,3,3,2,3.9,1244.0
82,2026-09-28,0.0,,,1.0,0.0,0.0,3.0,0,0,1660.0,4.7,5.8,6.9,5.8,32.0,32.0,16.0,2,1,1,10.7,0,0,0,778.1,778.5,778.2,778.3,0,0,,,,,45.0,36.0,56.0,46.0,-1,-1,-1,0,0,0,,-1.0,0,-1.0,50000.0,50000.0,50000.0,9,0,8,14,10,15,7,11,,1,2,1,1.6,2318.0
83,2026-09-28,,,,,,,,0,0,1625.0,8.3,11.3,11.2,10.3,28.0,12.0,28.0,,,,4.3,0,,,912.6,910.7,911.2,911.5,,,,,,,89.0,52.0,82.0,74.0,-1,-1,-1,,,,,,,,,,,9,,6,19,12,20,5,13,3,1,1,1,1.1,1206.0
85,2026-09-28,,,,,,,,0,0,1781.0,6.1,8.4,6.9,7.1,24.0,24.0,4.0,,,,10.2,0,,,812.5,812.7,812.5,812.6,,,,,,,40.0,44.0,45.0,43.0,-1,-1,-1,,,,,,,,,,,12,,13,17,13,18,11,14,,3,1,1,2.2,200.0
86,2026-09-28,,,,,,,,0,0,1684.0,9.0,10.1,8.9,9.3,16.0,12.0,12.0,,,,8.7,0,,,863.7,864.7,865.2,864.5,,,,,,,79.0,68.0,74.0,74.0,-1,-1,-1,,,,,,,,,,,10,,9,13,10,13,8,11,,3,2,3,3.9,737.0
87,2026-09-28,,,,,,,,0,0,1573.0,8.0,10.3,10.7,9.7,20.0,8.0,20.0,,,,4.0,0,,,890.8,888.8,889.2,889.6,,,,,,,92.0,36.0,80.0,69.0,-1,-1,-1,,,,,,,,,,,10,,5,23,11,24,4,14,0,1,1,1,1.1,1611.0
88,2026-09-28,0.0,,0.0,4.0,0.0,2.0,20.0,0,0,1624.0,9.3,10.7,9.6,9.9,20.0,20.0,16.0,0,0,0,9.2,0,0,0,911.2,911.4,912.2,911.6,0,0,,,,,100.0,50.0,60.0,70.0,-1,-1,-1,0,0,0,,-1.0,0,-1.0,25000.0,40000.0,30000.0,10,0,6,19,14,19,6,12,5,4,2,3,4.7,455.0
89,2026-09-28,,,,,,,,0,0,1687.0,6.1,12.0,10.8,9.6,0.0,12.0,4.0,,,,6.1,0,,,965.4,964.8,965.2,965.1,,,,,,,96.0,52.0,90.0,79.0,-1,-1,-1,,,,,,,,,,,11,,1,20,10,20,0,10,0,0,1,1,0.7,1313.0
90,2026-09-28,,,,,,,,0,0,1467.0,9.5,12.5,12.9,11.6,16.0,16.0,32.0,,,,4.2,0,,,978.1,976.2,977.0,977.1,,,,,,,100.0,45.0,83.0,76.0,-1,-1,-1,,,,,,,,,,,9,,6,23,14,24,6,15,5,1,1,1,1.1,1553.0
91,2026-09-28,,,,,,,,0,0,1578.0,10.1,12.2,11.8,11.4,0.0,4.0,8.0,,,,8.0,0,,,964.3,962.4,963.1,963.3,,,,,,,94.0,47.0,65.0,69.0,-1,-1,-1,,,,,,,,,,,11,,8,22,16,22,5,14,2,0,2,3,2.4,1451.0
92,2026-09-28,,,,,,,,0,0,1536.0,8.2,12.5,10.8,10.5,12.0,12.0,24.0,,,,11.8,0,,,905.6,903.0,904.8,904.5,,,,,,,100.0,51.0,79.0,77.0,-1,-1,-1,,,,,,,,,,,8,,4,21,12,22,2,12,,1,2,1,1.6,1552.0
93,2026-09-28,,,,,,,,0,0,1658.0,10.0,12.0,11.3,11.1,16.0,4.0,4.0,,,,7.0,0,,,992.4,991.0,991.4,991.6,,,,,,,93.0,42.0,55.0,63.0,-1,-1,-1,,,,,,,,,,,11,,8,23,18,24,7,16,7,1,2,2,2.1,1438.0
94,2026-09-28,,,,,,,,0,0,1816.0,10.5,11.3,10.5,10.8,28.0,12.0,28.0,,,,5.6,0,,,940.2,940.5,941.2,940.6,,,,,,,80.0,47.0,76.0,68.0,-1,-1,-1,,,,,,,,,,,11,,11,21,12,21,9,15,7,2,1,3,2.8,1351.0
95,2026-09-28,,,,,,,,0,0,1599.0,9.9,13.3,14.2,12.5,28.0,20.0,32.0,,,,4.9,0,,,971.5,969.5,970.1,970.4,,,,,,,98.0,52.0,86.0,79.0,-1,-1,-1,,,,,,,,,,,11,,7,22,15,23,6,15,4,1,2,1,1.6,1349.0
97,2026-09-28,,,,,,,,0,0,1655.0,9.4,12.1,10.8,10.8,12.0,12.0,8.0,,,,7.8,0,,,879.8,879.5,880.3,879.9,,,,,,,93.0,59.0,72.0,75.0,-1,-1,-1,,,,,,,,,,,10,,7,18,13,19,6,12,,1,3,2,2.8,1413.0
98,2026-09-28,2.0,,,10.0,0.0,0.0,33.0,0,0,1557.0,8.9,11.8,11.8,10.8,32.0,8.0,8.0,0,0,0,8.3,0,0,1,908.9,906.0,908.0,907.6,0,0,,,,,99.0,46.0,67.0,71.0,-1,-1,-1,,0,0,,-1.0,0,-1.0,300.0,50000.0,15000.0,8,1,5,22,16,22,4,13,2,1,3,2,2.8,1421.0
100,2026-09-28,0.0,,0.0,2.0,0.0,2.0,13.0,0,0,1421.0,11.1,14.5,14.7,13.4,16.0,12.0,0.0,1,0,0,5.8,0,0,0,967.7,965.8,966.5,966.7,0,0,,,,,98.0,59.0,84.0,80.0,-1,-1,-1,,,,,-1.0,0,-1.0,20000.0,25000.0,20000.0,8,0,9,21,15,22,8,15,6,1,2,0,1.2,1518.0
101,2026-09-28,,,,,,,,0,0,1550.0,10.9,15.9,14.3,13.7,8.0,16.0,0.0,,,,4.8,0,,,979.6,978.4,978.6,978.9,,,,,,,96.0,57.0,90.0,81.0,-1,-1,-1,,,,,,,,,,,9,,9,23,14,23,8,16,,1,1,0,0.7,714.0
102,2026-09-28,,,,,,,,0,0,1746.0,12.1,15.6,13.6,13.8,4.0,24.0,0.0,,,,5.4,0,,,915.5,914.4,915.7,915.2,,,,,,,99.0,58.0,88.0,82.0,-1,-1,-1,,,,,,,,,,,9,,10,22,14,23,9,16,8,1,2,0,1.2,1304.0
103,2026-09-28,,,,,,,,0,0,1619.0,9.3,13.2,12.5,11.7,24.0,8.0,20.0,,,,5.5,0,,,943.3,941.5,942.6,942.5,,,,,,,100.0,54.0,92.0,82.0,-1,-1,-1,,,,,,,,,,,9,,6,21,12,21,4,13,3,1,2,1,1.6,1001.0
104,2026-09-28,0.0,0.0,,2.0,2.0,,,0,0,1606.0,10.4,13.3,14.4,12.7,4.0,32.0,8.0,1,0,,4.2,0,0,0,,,,,0,0,,,,,97.0,42.0,87.0,75.0,-1,-1,-1,,,,,-1.0,0,-1.0,10000.0,10000.0,,9,1,8,25,15,25,8,17,6,1,1,1,1.1,1445.0
105,2026-09-28,,,,,,,,0,0,1664.0,11.3,11.3,11.3,11.3,8.0,12.0,12.0,,,,11.3,0,,,999.7,999.1,999.5,999.4,,,,,,,82.0,38.0,58.0,59.0,-1,-1,-1,,,,,,,,,,,11,,12,24,17,24,10,17,6,1,4,2,3.5,1230.0
106,2026-09-28,,,,,,,,0,0,1581.0,10.8,11.1,10.8,10.9,0.0,8.0,32.0,,,,9.5,0,,,997.6,996.6,997.3,997.2,,,,,,,94.0,38.0,68.0,67.0,-1,-1,-1,,,,,,,,,,,11,,9,24,14,24,7,16,,0,3,1,1.9,1505.0
107,2026-09-28,,,,,,,,0,0,1656.0,11.0,10.9,10.6,10.8,12.0,12.0,12.0,,,,11.8,0,,,1001.0,1000.2,1000.8,1000.7,,,,,,,72.0,37.0,49.0,53.0,-1,-1,-1,,,,,,,,,,,11,,13,24,19,24,12,18,10,2,4,2,4.0,1315.0
108,2026-09-28,,,,,,,,0,0,,8.6,10.0,13.0,10.5,4.0,16.0,8.0,,,,3.9,0,,,954.0,952.3,953.2,953.2,,,,,,,93.0,33.0,81.0,69.0,-1,-1,-1,,,,0.0,,,,,,,11,,6,24,14,25,5,15,3,1,1,1,1.1,1615.0
109,2026-09-28,,,,,,,,0,0,,11.1,13.6,13.4,12.7,4.0,16.0,32.0,,,,3.0,0,,,960.1,958.5,959.0,959.2,,,,,,,94.0,49.0,77.0,73.0,,-1,-1,,,,,,,,,,,11,,9,23,15,24,9,16,,1,1,1,1.1,1533.0
111,2026-09-28,0.0,,,1.0,0.0,0.0,3.0,0,0,1716.0,11.6,13.5,13.1,12.7,8.0,8.0,8.0,1,0,1,9.4,0,0,0,951.2,951.1,951.0,951.1,0,0,,,,,83.0,61.0,66.0,70.0,-1,-1,-1,0,0,0,,-1.0,0,-1.0,30000.0,30000.0,15000.0,11,0,12,19,17,20,11,15,9,2,3,3,3.9,2253.0
112,2026-09-28,,,,0.0,0.0,0.0,0.0,0,0,1555.0,10.6,10.2,10.4,10.4,8.0,16.0,12.0,1,0,0,10.6,0,0,0,991.0,990.2,991.0,990.7,0,0,,,,,79.0,34.0,47.0,53.0,-1,-1,-1,,0,0,,-1.0,0,-1.0,40000.0,40000.0,30000.0,11,1,11,24,19,25,8,16,5,1,3,2,2.8,1122.0
113,2026-09-28,,,,,,,,0,0,,8.2,12.7,12.8,11.2,20.0,12.0,20.0,,,,3.3,0,,,937.8,934.7,935.3,935.9,,,,,,,99.0,48.0,85.0,77.0,-1,-1,-1,,,,,,,,,,,11,,4,22,13,23,2,12,,1,1,1,1.1,2334.0
115,2026-09-28,1.0,1.0,0.0,1.0,1.0,1.0,10.0,0,0,1571.0,9.3,12.9,11.8,11.3,0.0,8.0,12.0,1,0,0,8.2,0,0,1,947.0,945.1,946.2,946.1,0,0,,,,,100.0,51.0,61.0,71.0,-1,-1,-1,,0,0,,-1.0,0,-1.0,200.0,30000.0,20000.0,9,0,6,21,17,22,4,13,1,0,1,3,1.9,1837.0
116,2026-09-28,,,,,,,,0,0,1653.0,11.0,11.9,13.0,12.0,0.0,8.0,24.0,,,,7.4,0,,,983.5,982.6,983.2,983.1,,,,,,,95.0,46.0,82.0,74.0,-1,-1,-1,,,,,,,,,,,11,,9,22,14,23,7,15,5,0,1,1,0.7,1357.0
118,2026-09-28,,,,,,,,0,0,1627.0,8.7,12.2,11.6,10.8,0.0,24.0,16.0,,,,3.9,0,,,935.5,933.3,933.7,934.2,,,,,,,93.0,39.0,70.0,67.0,-1,-1,-1,,,,,,,,,,,9,,6,25,15,25,6,16,3,0,1,1,0.7,1658.0
119,2026-09-28,,,,,,,,0,0,1537.0,6.4,7.5,9.4,7.8,24.0,4.0,20.0,,,,6.3,0,,,878.7,876.0,877.0,877.2,,,,,,,68.0,25.0,59.0,51.0,-1,-1,-1,,,,,,,,,,,8,,6,24,14,25,6,15,1,1,1,1,1.1,1522.0
120,2026-09-28,,,,,,,,0,0,1538.0,10.0,13.0,13.1,12.0,8.0,24.0,12.0,,,,4.5,0,,,971.9,969.9,970.3,970.7,,,,,,,99.0,53.0,78.0,77.0,,-1,-1,,,,,,,,,,,9,,7,21,15,22,7,15,5,1,1,1,1.1,1809.0
121,2026-09-28,,,,,,,,0,0,1678.0,7.5,9.4,11.1,9.3,12.0,28.0,12.0,,,,11.4,0,,,874.9,871.8,873.3,873.3,,,,,,,88.0,36.0,63.0,62.0,-1,-1,-1,,,,,,,,,,,9,,5,22,16,23,4,14,3,1,1,3,2.2,1929.0
122,2026-09-28,2.0,2.0,,2.0,1.0,,,0,0,1836.0,10.3,12.0,10.3,10.9,4.0,8.0,8.0,0,0,,8.4,0,0,0,854.5,855.1,855.5,855.0,0,0,,,,,94.0,77.0,90.0,87.0,-1,-1,-1,,,,0.0,-1.0,0,-1.0,80000.0,80000.0,,11,1,8,14,9,15,7,11,4,1,2,3,2.8,2128.0
124,2026-09-28,,,,,,,,0,0,1609.0,9.5,12.2,11.2,11.0,24.0,12.0,24.0,,,,5.5,0,,,925.1,924.2,925.1,924.8,,,,,,,93.0,52.0,82.0,76.0,-1,-1,-1,,,,,,,,,,,10,,7,20,12,21,3,12,2,1,1,2,1.6,1959.0
126,2026-09-28,,,,,,,,0,0,1531.0,8.7,10.1,12.1,10.3,0.0,4.0,24.0,,,,6.8,0,,,947.9,944.0,944.5,945.5,,,,,,,93.0,30.0,67.0,63.0,-1,-1,-1,,,,,,,,,,,9,,6,26,16,27,5,16,2,0,2,1,1.2,1610.0
127,2026-09-28,,,,,,,,0,0,1524.0,9.3,11.8,11.0,10.7,16.0,8.0,16.0,,,,4.2,0,,,918.2,915.9,916.0,916.7,,,,,,,71.0,43.0,60.0,58.0,-1,-1,-1,,,,,,,,,,,10,,11,23,16,23,11,17,8,1,1,2,1.6,136.0
129,2026-09-28,,,,,,,,0,0,1584.0,9.5,11.3,12.2,11.0,20.0,16.0,0.0,,,,6.3,0,,,951.5,949.0,949.7,950.1,,,,,,,86.0,35.0,81.0,67.0,-1,-1,-1,,,,,,,,,,,9,,9,25,13,26,8,17,4,2,1,0,1.2,52.0
130,2026-09-28,,,,,,,,0,0,1586.0,8.7,11.9,12.0,10.9,24.0,8.0,12.0,,,,7.6,0,,,902.1,900.1,901.6,901.3,,,,,,,90.0,52.0,75.0,72.0,-1,-1,-1,,,,0.0,,,,,,,9,,7,20,14,21,6,13,4,1,2,1,1.6,1330.0
131,2026-09-28,,,,,,,,0,0,,10.6,13.9,14.1,12.9,12.0,32.0,28.0,,,,7.2,0,,,970.6,969.3,969.3,969.7,,,,,,,77.0,44.0,77.0,66.0,-1,-1,-1,,,,,,,,,,,11,,12,25,16,25,7,16,5,2,2,2,2.7,
132,2026-09-28,,,,,,,,0,0,1558.0,10.3,13.0,13.3,12.2,0.0,28.0,12.0,,,,8.1,0,,,964.1,962.1,962.9,963.0,,,,,,,97.0,45.0,87.0,76.0,-1,-1,-1,,,,,,,,,,,9,,8,24,13,24,7,16,5,0,2,1,1.2,1516.0
133,2026-09-28,,,,,,,,0,0,1560.0,7.3,9.2,11.9,9.5,4.0,24.0,8.0,,,,4.0,0,,,929.0,927.5,928.0,928.2,,,,,,,45.0,28.0,52.0,42.0,-1,-1,-1,,,,,,,,,,,10,,14,26,20,26,14,20,9,1,1,1,1.1,1613.0
134,2026-09-28,,,,,,,,0,0,1586.0,10.4,11.0,10.8,10.7,8.0,12.0,8.0,,,,8.4,0,,,1005.3,1004.7,1004.8,1004.9,,,,,,,70.0,37.0,50.0,52.0,0,-1,0,,,,,,,,,,,11,,13,24,19,25,12,18,10,2,2,2,2.7,1300.0
136,2026-09-28,,,,,,,,0,0,1422.0,8.3,9.2,10.5,9.3,12.0,28.0,12.0,,,,4.9,0,,,906.4,903.8,904.4,904.9,,,,,,,81.0,32.0,69.0,61.0,-1,-1,-1,,,,,,,,,,,7,,7,23,13,25,7,16,3,1,2,1,1.6,11.0
137,2026-09-28,,,,,,,,0,0,1423.0,9.3,13.2,12.0,11.5,0.0,20.0,0.0,,,,4.8,0,,,902.7,901.4,903.1,902.4,,,,,,,82.0,57.0,78.0,72.0,-1,-1,-1,,,,,,,,,,,6,,9,20,13,21,8,14,7,0,2,0,0.9,1433.0
138,2026-09-28,,1.0,,0.0,1.0,,,0,0,1397.0,8.6,8.8,10.4,9.3,20.0,4.0,20.0,0,0,0,10.7,0,0,0,,,,,0,0,,,,,89.0,25.0,51.0,55.0,-1,-1,-1,0,0,0,,-1.0,0,-1.0,25000.0,35000.0,3000.0,7,1,7,27,18,27,6,17,2,1,1,2,1.6,1516.0
139,2026-09-28,,,,,,,,0,0,1509.0,8.7,10.9,11.1,10.2,12.0,32.0,12.0,,,,6.8,0,,,907.5,904.6,905.6,905.9,,,,,,,82.0,40.0,70.0,64.0,-1,-1,-1,,,,,,,,,,,8,,8,23,14,23,8,15,7,2,2,1,2.1,1439.0
140,2026-09-28,,,,,,,,0,0,,9.8,11.1,11.1,10.7,32.0,16.0,32.0,,,,7.1,0,,,,,,,,,,,,,90.0,41.0,68.0,66.0,-1,-1,-1,0,0,0,,,,,,,,11,,8,23,14,23,6,15,3,1,2,1,1.6,1316.0
141,2026-09-28,,,,,,,,0,0,1541.0,9.8,14.1,13.6,12.5,20.0,4.0,12.0,,,,5.3,0,,,972.5,971.9,972.0,972.1,,,,,,,90.0,55.0,80.0,75.0,-1,-1,-1,,,,,,,,,,,10,,8,22,15,22,7,15,6,1,1,1,1.1,1536.0
142,2026-09-28,,,,0.0,0.0,0.0,0.0,0,0,1621.0,10.5,13.5,13.9,12.6,20.0,8.0,4.0,1,0,0,6.8,0,0,0,966.3,963.2,963.6,964.4,0,0,,,,,91.0,44.0,64.0,66.0,-1,-1,-1,,0,0,,-1.0,0,-1.0,40000.0,35000.0,15000.0,9,1,9,25,19,25,9,17,7,1,1,2,1.6,1606.0
144,2026-09-28,,,,,,,,0,0,1577.0,10.6,16.4,13.9,13.6,12.0,28.0,12.0,,,,4.9,0,,,971.2,970.7,970.4,970.8,,,,,,,85.0,64.0,86.0,78.0,-1,-1,-1,,,,,,,,,,,9,,10,22,14,22,9,16,7,2,2,1,2.1,526.0
145,2026-09-28,,,,0.0,0.0,,,0,0,1505.0,10.4,14.4,15.0,13.3,0.0,28.0,12.0,1,1,,7.0,0,0,0,973.5,972.0,972.2,972.6,0,0,,,,,98.0,43.0,84.0,75.0,-1,-1,-1,,0,,,-1.0,0,-1.0,12000.0,25000.0,,9,1,8,26,16,26,7,17,2,0,1,1,0.7,1550.0
146,2026-09-28,,,,,,,,0,0,1631.0,7.4,9.1,11.2,9.2,28.0,4.0,24.0,,,,7.5,0,,,900.3,897.1,898.5,898.6,,,,,,,79.0,28.0,67.0,58.0,-1,-1,-1,,,,,,,,,,,9,,6,26,15,26,5,15,4,1,2,1,1.6,1613.0
147,2026-09-28,,,,,,,,0,0,1679.0,8.0,11.8,11.1,10.3,24.0,4.0,28.0,,,,4.5,0,,,936.2,933.7,934.5,934.8,,,,,,,86.0,47.0,73.0,69.0,-1,-1,-1,,,,,,,,,,,10,,6,21,13,22,4,13,2,1,1,1,1.1,1527.0
148,2026-09-28,,,,,,,,0,0,1645.0,8.4,11.5,11.3,10.4,16.0,8.0,16.0,,,,6.2,0,,,957.5,957.3,957.6,957.5,,,,,,,92.0,48.0,73.0,71.0,,-1,-1,,,,,,,,,,,11,,6,20,14,21,4,13,2,1,2,1,1.6,1548.0
149,2026-09-28,,,,,,,,0,0,1179.0,9.5,13.4,11.0,11.3,28.0,12.0,24.0,,,,5.0,0,,,888.9,888.5,889.7,889.0,,,,,,,92.0,67.0,93.0,84.0,-1,-1,-1,,,,,,,,,,,4,,7,18,9,18,6,12,6,1,1,1,1.1,1336.0
150,2026-09-28,,,,,,,,0,0,1237.0,10.7,14.7,14.4,13.3,28.0,16.0,28.0,,,,4.5,0,,,962.5,960.2,961.4,961.4,,,,,,,100.0,58.0,90.0,83.0,-1,-1,-1,,,,,,,,,,,7,,8,21,14,22,7,14,4,1,2,1,1.6,1258.0
151,2026-09-28,,,,,,,,0,0,1529.0,8.5,15.6,11.7,11.9,32.0,12.0,32.0,,,,4.5,0,,,917.4,915.5,915.6,916.2,,,,,,,94.0,61.0,79.0,78.0,-1,-1,-1,,,,,,,,,,,8,,6,22,13,23,5,14,4,1,2,1,1.6,1240.0
152,2026-09-28,,,,,,,,0,0,1661.0,10.1,10.6,10.4,10.4,0.0,12.0,12.0,,,,10.5,0,,,1003.1,1002.5,1002.7,1002.8,,,,,,,82.0,37.0,52.0,57.0,-1,-1,-1,,,,,,,,,,,11,,10,23,18,24,8,16,5,0,3,1,1.9,1158.0
153,2026-09-28,,,,,,,,0,0,1424.0,9.9,11.3,10.3,10.5,12.0,12.0,12.0,,,,6.6,0,,,887.5,887.6,888.4,887.8,,,,,,,96.0,57.0,80.0,78.0,-1,-1,-1,,,,,,,,,,,9,,8,17,11,18,7,12,,2,2,2,2.7,1112.0
154,2026-09-28,,,,,,,,0,0,1567.0,10.0,10.5,11.6,10.7,20.0,12.0,20.0,,,,6.8,0,,,993.1,992.2,992.7,992.7,,,,,,,94.0,39.0,68.0,67.0,-1,-1,-1,,,,,,,,,,,11,,8,22,15,24,6,15,1,1,2,1,1.6,1220.0
155,2026-09-28,,,,0.0,0.0,0.0,0.0,0,0,1524.0,9.7,14.1,12.9,12.2,0.0,4.0,16.0,1,0,0,6.3,0,0,0,989.3,988.4,988.1,988.6,0,0,,,,,94.0,55.0,81.0,77.0,-1,-1,-1,0,0,0,,-1.0,0,-1.0,40000.0,40000.0,40000.0,11,1,7,22,14,24,6,15,3,0,2,1,1.2,1207.0
156,2026-09-28,1.0,1.0,,1.0,1.0,0.0,,0,0,,9.2,12.5,11.7,11.1,0.0,0.0,12.0,1,0,0,4.2,0,0,0,950.0,946.6,947.1,947.9,0,0,,,,,97.0,56.0,68.0,74.0,-1,-1,-1,,0,0,,-1.0,0,-1.0,20000.0,20000.0,20000.0,,1,6,19,15,21,6,13,4,0,0,1,0.4,1710.0
157,2026-09-28,,,,,,,,0,0,1632.0,9.8,11.9,11.5,11.1,8.0,8.0,8.0,,,,6.4,0,,,940.5,940.4,940.8,940.6,,,,,,,80.0,46.0,65.0,64.0,-1,-1,-1,,,,,,,,,,,11,,10,22,16,22,8,15,5,1,2,1,1.6,1537.0
158,2026-09-28,,,,,,,,0,0,1563.0,10.1,12.2,11.9,11.4,32.0,12.0,4.0,,,,9.0,0,,,1007.1,1006.4,1006.7,1006.7,,,,,,,92.0,41.0,72.0,68.0,-1,-1,-1,,,,,,,,,,,11,,8,24,15,25,6,15,2,1,3,1,2.2,1202.0
159,2026-09-28,,,,,,,,0,0,1600.0,9.7,15.2,12.8,12.6,16.0,8.0,8.0,,,,7.5,0,,,981.4,980.4,980.4,980.7,,,,,,,96.0,61.0,74.0,77.0,-1,-1,-1,,,,0.0,,,,,,,11,,7,21,15,22,6,14,3,1,3,2,2.8,1410.0
160,2026-09-28,,,,,,,,0,0,1587.0,8.2,12.9,13.1,11.4,12.0,12.0,32.0,,,,6.1,0,,,981.5,980.4,980.4,980.8,,,,,,,95.0,51.0,84.0,77.0,-1,-1,-1,,,,,,,,,,,11,,5,21,14,22,4,13,,1,2,1,1.6,1536.0
161,2026-09-28,,,,,,,,0,0,1610.0,9.3,10.7,12.3,10.8,24.0,12.0,20.0,,,,5.0,0,,,943.1,943.2,943.4,943.2,,,,,,,92.0,42.0,83.0,72.0,-1,-1,-1,,,,,,,,,,,10,,7,21,13,22,6,14,5,1,2,1,1.6,1238.0
162,2026-09-28,,,,,,,,0,0,1697.0,9.3,15.2,12.9,12.5,0.0,8.0,12.0,,,,6.8,0,,,,,,,,,,,,,97.0,56.0,77.0,77.0,-1,-1,-1,,,,,,,,,,,11,,6,23,15,23,5,14,4,0,2,1,1.2,1340.0
163,2026-09-28,,,,,,,,0,0,1510.0,10.3,17.2,13.8,13.8,28.0,12.0,32.0,,,,5.0,0,,,966.7,965.7,965.8,966.1,,,,,,,94.0,68.0,82.0,81.0,-1,-1,-1,,,,,,,,,,,11,,8,21,15,22,7,14,,1,2,1,1.6,1227.0
164,2026-09-28,,,,0.0,0.0,0.0,0.0,0,0,1628.0,8.7,10.7,11.5,10.3,20.0,16.0,0.0,0,0,0,7.8,0,0,0,985.1,984.1,984.8,984.7,0,0,,,,,94.0,35.0,70.0,66.0,-1,-1,-1,,0,0,,-1.0,0,-1.0,4000.0,6000.0,6000.0,10,1,6,24,14,25,5,15,4,1,2,0,1.2,1140.0
165,2026-09-28,,,0.0,0.0,0.0,1.0,3.0,0,0,1625.0,8.7,10.1,11.5,10.1,8.0,16.0,12.0,1,1,1,3.3,0,0,0,941.9,939.9,940.5,940.8,0,0,,,,,89.0,33.0,72.0,65.0,-1,-1,-1,0,0,0,,-1.0,0,-1.0,15000.0,15000.0,15000.0,11,1,7,25,14,25,6,15,3,1,1,1,1.1,1507.0
166,2026-09-28,2.0,,,10.0,,,,0,0,1643.0,8.9,11.9,12.5,11.1,0.0,12.0,0.0,1,,,6.2,0,,,950.7,947.9,948.8,949.1,,,,,,,99.0,43.0,82.0,75.0,-1,-1,-1,,,,,-1.0,0,-1.0,200.0,,,9,,6,23,13,24,4,14,,0,1,0,0.4,1539.0
167,2026-09-28,,,,0.0,0.0,0.0,,,,,8.4,10.7,11.0,10.0,,,,1,0,0,,0,0,0,943.6,942.3,943.4,943.1,0,0,,,,,94.0,43.0,76.0,71.0,-1,-1,-1,0,0,0,,-1.0,0,-1.0,16000.0,30000.0,18000.0,,1,5,21,13,22,4,13,,,,,,
169,2026-09-28,,,,,,,,0,0,1572.0,9.6,10.9,10.6,10.4,0.0,8.0,28.0,,,,7.8,0,,,975.1,974.1,975.4,974.9,,,,,,,84.0,37.0,65.0,62.0,-1,-1,-1,,,,,,,,,,,11,,9,24,14,24,6,15,,0,2,2,1.8,1230.0
170,2026-09-28,,,,,,,,0,0,1503.0,9.3,11.3,11.0,10.5,32.0,16.0,12.0,,,,9.0,0,,,971.0,970.8,971.8,971.2,,,,,,,92.0,44.0,75.0,70.0,-1,-1,-1,,,,,,,,,,,9,,7,22,13,22,7,15,5,1,2,1,1.6,1031.0
171,2026-09-28,1.0,,,5.0,0.0,,,0,0,1598.0,11.2,12.5,15.5,13.1,0.0,32.0,0.0,0,0,,5.6,0,0,0,973.2,971.3,971.1,971.9,0,0,,,,,88.0,44.0,78.0,70.0,-1,-1,-1,,,,,-1.0,0,-1.0,20000.0,25000.0,,10,0,11,23,17,25,10,18,6,0,1,0,0.4,1201.0
172,2026-09-28,,,,,,,,0,0,1569.0,9.1,11.1,12.9,11.0,12.0,20.0,12.0,,,,4.2,0,,,926.4,924.3,925.1,925.3,,,,,,,88.0,34.0,77.0,66.0,-1,-1,-1,,,,,,,,,,,9,,7,26,15,26,6,16,4,1,1,1,1.1,1400.0
173,2026-09-28,,,,,,,,0,0,1557.0,6.8,9.0,10.7,8.8,12.0,4.0,8.0,,,,7.8,0,,,883.2,882.0,882.4,882.5,,,,,,,41.0,30.0,58.0,43.0,-1,-1,-1,,,,,,,,,,,9,,15,24,16,24,12,18,,2,1,1,1.6,2253.0
174,2026-09-28,,,,,,,,0,0,1620.0,7.8,10.1,11.1,9.7,0.0,4.0,0.0,,,,7.7,0,,,,,,,,,,,,,59.0,36.0,68.0,54.0,-1,-1,-1,,,,,,,,,,,9,,11,23,14,24,10,17,,0,3,0,1.5,1322.0
175,2026-09-28,,,,,,,,0,0,1699.0,9.8,11.9,12.1,11.3,24.0,12.0,12.0,,,,4.5,0,,,956.4,952.5,952.9,953.9,,,,,,,89.0,38.0,64.0,64.0,-1,-1,-1,,,,,,,,,,,11,,8,25,17,26,7,16,4,1,2,1,1.6,1348.0
176,2026-09-28,,,,,,,,0,0,1718.0,6.1,7.9,7.0,7.0,24.0,4.0,8.0,,,,5.9,0,,,831.2,831.3,831.0,831.2,,,,,,,39.0,38.0,42.0,40.0,,,,,,,,,,,,,,11,,14,18,15,19,13,16,,3,1,1,2.2,319.0
178,2026-09-28,,,,,,,,,,,9.3,10.8,11.1,10.4,,,,,,,,0,,,914.2,912.6,912.7,913.2,,,,,,,90.0,36.0,67.0,64.0,-1,-1,-1,,,,,,,,,,,,,7,24,15,24,7,16,,,,,,
179,2026-09-28,,,,0.0,0.0,0.0,0.0,0,0,1752.0,8.8,13.0,9.8,10.5,4.0,12.0,28.0,0,0,0,4.5,0,0,0,887.8,887.0,887.5,887.4,0,0,,,,,75.0,57.0,64.0,65.0,-1,-1,-1,0,0,0,,-1.0,0,-1.0,29000.0,43000.0,12000.0,11,1,9,20,13,22,7,15,3,1,1,1,1.1,1451.0
180,2026-09-28,,,,,,,,0,0,,11.3,9.7,9.9,10.3,28.0,16.0,28.0,,,,6.5,0,,,988.5,988.1,988.6,988.4,,,,,,,72.0,35.0,52.0,53.0,-1,-1,-1,,,,,,,,,,,11,,14,23,17,24,9,16,6,2,2,1,2.1,1343.0
181,2026-09-28,,,,,,,,0,0,1562.0,8.7,10.2,13.0,10.6,8.0,24.0,12.0,,,,7.3,0,,,955.2,953.0,954.0,954.1,,,,,,,66.0,30.0,60.0,52.0,-1,-1,-1,,,,,,,,,,,10,,11,26,19,27,11,19,8,1,2,1,1.6,1506.0
182,2026-09-28,,,,,,,,0,0,1559.0,8.1,12.6,12.0,10.9,0.0,12.0,0.0,,,,5.0,0,,,929.7,927.6,929.0,928.8,,,,,,,92.0,52.0,78.0,74.0,-1,-1,-1,,,,,,,,,,,10,,5,21,14,21,5,13,,0,1,0,0.4,1300.0
183,2026-09-28,,,,,,,,0,0,1550.0,9.2,11.4,12.0,10.9,24.0,16.0,20.0,,,,6.6,0,,,999.7,998.7,999.1,999.2,,,,,,,90.0,38.0,73.0,67.0,-1,-1,-1,,,,,,,,,,,11,,7,24,15,25,5,15,4,1,2,1,1.6,1221.0
184,2026-09-28,,,,0.0,,,,0,0,1827.0,,,,,24.0,12.0,24.0,0,,,5.5,0,0,0,730.3,730.5,730.7,730.5,0,0,,,,,,,,,-1,-1,-1,,,,0.0,-1.0,0,-1.0,50000.0,,,10,0,,,,,,,,1,1,1,1.1,1433.0
185,2026-09-28,,,,,,,,,,,7.8,10.2,10.3,9.4,,,24.0,,,,,0,,,870.2,869.3,870.7,870.1,,,,,,,98.0,51.0,86.0,78.0,-1,-1,-1,,,,,,,,,,,,,4,18,10,18,3,11,2,,,1,,
187,2026-09-28,,,,,,,,0,0,1563.0,8.9,13.1,13.3,11.8,0.0,12.0,28.0,,,,7.0,0,,,951.3,949.6,950.4,950.4,,,,,,,99.0,54.0,85.0,79.0,-1,-1,-1,,,,,,,,,,,9,,5,21,14,21,5,13,1,0,3,1,1.9,1143.0
188,2026-09-28,,,,,,,,0,0,1501.0,9.7,13.3,11.9,11.6,4.0,16.0,4.0,,,,5.2,0,,,971.1,969.1,969.9,970.0,,,,,,,96.0,52.0,68.0,72.0,-1,-1,-1,,,,,,,,,,,8,,7,22,15,22,5,14,3,1,1,1,1.1,1620.0
189,2026-09-28,,,,,,,,0,0,1510.0,10.6,14.3,11.1,12.0,8.0,8.0,4.0,,,,8.3,0,,,988.5,987.5,987.5,987.8,,,,,,,92.0,50.0,52.0,65.0,,,,,,,,,,,,,,11,,9,23,19,24,8,16,4,1,3,3,3.4,1545.0
192,2026-09-28,,,,,,,,0,0,1604.0,11.4,14.7,12.9,13.0,20.0,8.0,8.0,,,,7.2,0,,,978.4,977.6,977.4,977.8,,,,,,,100.0,60.0,63.0,74.0,-1,-1,-1,,,,,,,,,,,11,,9,21,18,21,8,15,7,1,3,2,2.8,2030.0
193,2026-09-28,,,,,,,,0,0,1741.0,9.9,12.2,9.7,10.6,8.0,8.0,8.0,,,,9.7,0,,,913.8,914.8,914.8,914.5,,,,,,,79.0,62.0,63.0,68.0,-1,-1,-1,,,,,,,,,,,11,,10,17,13,18,9,13,6,2,3,4,4.7,1906.0
195,2026-09-28,,,,,,,,0,0,1601.0,8.3,12.2,11.3,10.6,0.0,12.0,24.0,,,,5.5,0,,,,,,,,,,,,,98.0,49.0,75.0,74.0,-1,-1,-1,,,,,,,,,,,11,,5,21,13,22,2,12,,0,1,2,1.2,1746.0
196,2026-09-28,,,,,,,,0,0,1736.0,4.6,6.8,7.6,6.3,32.0,8.0,4.0,,,,9.8,0,,,784.3,784.4,784.2,784.3,,,,,,,34.0,43.0,52.0,43.0,-1,-1,-1,,,,,,,,,,,11,,11,14,13,15,10,13,,2,2,3,3.3,2322.0
197,2026-09-28,,,,,,,,0,0,1631.0,11.1,10.5,10.3,10.6,8.0,12.0,12.0,,,,10.0,0,,,1002.6,1001.9,1002.4,1002.3,,,,,,,74.0,35.0,48.0,52.0,-1,-1,-1,,,,,,,,,,,11,,13,24,19,24,10,17,3,1,3,2,2.8,1250.0
198,2026-09-28,,,,,,,,0,0,1435.0,12.8,13.8,15.0,13.9,28.0,12.0,32.0,,,,4.8,0,,,972.5,970.7,971.2,971.5,,,,,,,99.0,56.0,89.0,81.0,-1,-1,-1,,,,,,,,,,,8,,11,21,15,22,10,16,8,1,2,1,1.6,1435.0
199,2026-09-28,,,,,,,,0,0,1497.0,9.5,12.1,10.4,10.7,28.0,12.0,8.0,,,,9.4,0,,,988.5,987.7,988.1,988.1,,,,,,,92.0,45.0,59.0,65.0,-1,-1,-1,,,,,,,,,,,11,,7,22,16,23,6,15,,2,3,2,3.3,1213.0
200,2026-09-28,,,,,,,,0,0,1522.0,10.0,10.3,11.9,10.7,0.0,16.0,4.0,,,,6.8,0,,,980.5,979.9,980.5,980.3,,,,,,,93.0,39.0,75.0,69.0,-1,-1,-1,,,,,,,,,,,10,,8,22,14,23,6,14,,0,2,1,1.2,1236.0
202,2026-09-28,,,,,,,,0,0,1611.0,9.9,10.3,10.3,10.2,8.0,16.0,16.0,,,,6.1,0,,,977.3,976.9,977.4,977.2,,,,,,,80.0,39.0,49.0,56.0,-1,-1,-1,,,,,,,,,,,11,,10,22,18,23,10,16,8,1,2,2,2.1,1123.0
203,2026-09-28,,,,,,,,0,0,1649.0,10.0,14.2,12.1,12.1,28.0,16.0,32.0,,,,9.1,0,,,,,,,,,,,,,96.0,60.0,77.0,78.0,-1,-1,-1,,,,,,,,,,,10,,8,20,14,21,7,14,4,1,3,1,2.2,1404.0
204,2026-09-28,0.0,,,1.0,0.0,0.0,3.0,0,0,1572.0,10.2,14.8,14.1,13.0,20.0,4.0,4.0,1,0,0,7.4,0,0,0,977.7,976.8,976.6,977.0,0,0,,,,,96.0,58.0,77.0,77.0,-1,-1,-1,,0,0,,-1.0,0,-1.0,40000.0,50000.0,50000.0,11,0,8,22,16,22,8,15,5,1,2,2,2.1,1644.0
205,2026-09-28,,,0.0,0.0,0.0,1.0,3.0,0,0,1702.0,4.4,4.5,5.7,4.9,28.0,28.0,4.0,0,0,0,6.5,0,0,0,844.9,845.5,845.2,845.2,0,0,,,,,28.0,24.0,37.0,30.0,-1,-1,-1,,0,0,,-1.0,0,-1.0,100000.0,100000.0,100000.0,11,0,14,17,13,18,13,16,4,3,2,2,3.3,539.0
206,2026-09-28,,,,,,,,0,0,1348.0,9.6,11.0,10.8,10.5,20.0,16.0,16.0,,,,9.6,0,,,900.3,900.2,900.8,900.4,,,,,,,88.0,57.0,71.0,72.0,-1,-1,-1,,,,,,,,,,,6,,8,17,13,17,7,12,5,1,1,2,1.6,1049.0
210,2026-09-28,,,,,,,,0,0,1132.0,7.2,8.7,9.2,8.4,0.0,32.0,0.0,,,,5.9,0,,,862.9,860.7,861.8,861.8,,,,,,,91.0,33.0,80.0,68.0,-1,-1,-1,,,,,,,,,,,5,,4,22,9,22,3,13,,0,2,0,0.9,1334.0
213,2026-09-28,1.0,,,3.0,0.0,0.0,10.0,0,0,1262.0,4.0,5.0,6.1,5.0,32.0,32.0,28.0,1,0,0,15.6,0,0,0,705.8,706.9,706.7,706.5,0,0,,,,,51.0,57.0,72.0,60.0,,-1,-1,,0,0,0.0,-1.0,0,-1.0,80000.0,90000.0,80000.0,7,0,4,5,5,6,3,5,,4,3,2,4.7,40.0
214,2026-09-28,,,,,,,,0,0,1448.0,9.4,12.8,12.8,11.7,0.0,12.0,16.0,,,,3.3,0,,,,,,,,,,,,,96.0,44.0,78.0,73.0,-1,-1,-1,,,,,,,,,,,9,,7,24,14,24,6,15,1,0,1,1,0.7,1553.0
215,2026-09-28,,,,,,,,0,0,1686.0,8.8,12.1,10.2,10.4,28.0,12.0,8.0,,,,8.8,0,,,992.5,991.5,992.0,992.0,,,,,,,93.0,43.0,49.0,62.0,-1,-1,-1,,,,,,,,,,,11,,6,23,18,24,5,15,,1,3,2,2.8,1259.0
217,2026-09-28,,,,,,,,0,0,1484.0,9.8,11.7,12.5,11.3,24.0,24.0,4.0,,,,6.2,0,,,965.8,963.5,964.8,964.7,,,,,,,99.0,44.0,80.0,74.0,-1,-1,-1,,,,,,,,,,,9,,7,22,14,23,4,14,2,1,1,1,1.1,1527.0
218,2026-09-28,,,,,,,,0,0,1626.0,11.2,10.8,11.8,11.3,4.0,16.0,8.0,,,,7.6,0,,,1011.0,1010.2,1010.3,1010.5,,,,,,,86.0,35.0,59.0,60.0,-1,-1,-1,,,,,,,,,,,11,,11,25,18,25,9,17,4,2,2,2,2.7,1317.0
220,2026-09-28,,,,,,,,0,0,1517.0,7.9,7.2,10.1,8.4,12.0,28.0,12.0,,,,5.7,0,,,911.0,908.9,910.3,910.1,,,,,,,69.0,24.0,60.0,51.0,-1,-1,-1,,,,,,,,,,,8,,9,24,15,25,8,17,,1,2,2,2.1,1223.0
221,2026-09-28,,,,,,,,0,0,1655.0,11.1,11.6,11.7,11.5,8.0,12.0,8.0,,,,10.4,0,,,999.6,999.0,999.3,999.3,,,,,,,78.0,42.0,59.0,60.0,-1,-1,-1,,,,,,,,,,,11,,12,23,17,23,11,17,9,3,4,2,4.7,1115.0
222,2026-09-28,,,,,,,,0,0,1605.0,11.1,11.5,11.0,11.2,32.0,12.0,8.0,,,,9.5,0,,,1002.5,1002.0,1002.2,1002.2,,,,,,,80.0,39.0,59.0,59.0,-1,-1,-1,,,,,,,,,,,11,,12,24,16,24,10,17,6,1,3,2,2.8,1110.0
500,2026-09-28,,,,,,,,0,0,1433.0,10.2,12.2,10.9,11.1,12.0,12.0,12.0,,,,7.3,0,,,959.1,959.1,959.6,959.3,,,,,,,77.0,49.0,64.0,63.0,-1,-1,-1,,,,,,,,,,,10,,11,21,15,22,9,15,7,1,2,1,1.6,1219.0
726,2026-09-28,,,,,,,,0,0,1784.0,7.2,11.9,10.1,9.7,0.0,12.0,8.0,,,,10.1,0,,,971.3,970.9,971.2,971.1,,,,,,,90.0,47.0,58.0,65.0,-1,-1,-1,,,,,,,,,,,11,,4,21,15,22,3,12,1,0,3,2,2.4,1244.0
901,2026-09-28,,,,,,,,,,,,,,,,,,,,,,0,,,,,,,,,,,,,,,,,,,,,,,,,,,,,,,,,,,,,,,,,,,
905,2026-09-28,,,,,,,,0,0,1632.0,10.5,10.6,10.4,10.5,4.0,12.0,4.0,,,,9.5,0,,,987.0,986.6,986.9,986.8,,,,,,,74.0,38.0,51.0,54.0,-1,-1,-1,,,,,,,,,,,11,,12,23,18,24,11,18,9,3,3,2,3.9,1244.0
1401,2026-09-28,,,,,,,,0,0,1632.0,9.8,11.9,11.5,11.1,8.0,8.0,8.0,,,,6.4,0,,,940.5,940.4,940.8,940.6,,,,,,,80.0,46.0,65.0,64.0,-1,-1,-1,,,,,,,,,,,11,,10,22,16,22,8,15,5,1,2,1,1.6,1537.0
1416,2026-09-28,,,,,,,,0,0,1602.0,10.0,15.0,12.5,12.5,32.0,16.0,4.0,,,,7.8,0,,,951.9,951.5,951.8,951.7,,,,,,,88.0,56.0,61.0,68.0,-1,-1,-1,,,,,,,,,,,11,,9,22,18,22,8,15,5,2,2,1,2.1,2359.0
1602,2026-09-28,,,,,,,,0,0,1650.0,8.1,12.5,11.9,10.8,12.0,16.0,8.0,,,,5.5,0,,,960.3,959.8,960.1,960.1,,,,,,,95.0,46.0,63.0,68.0,-1,-1,-1,,,,,,,,,,,10,,5,23,17,24,4,14,,1,1,1,1.1,1904.0
1730,2026-09-28,,,,,,,,0,0,,6.1,12.6,10.6,9.8,12.0,12.0,12.0,,,,6.3,,,,,,,,,,,,,,100.0,55.0,86.0,80.0,-1,-1,-1,,,,,,,,,,,,,0,20,10,20,-3,9,-4,1,2,2,2.1,1426.0
1802,2026-09-28,,,,,,,,0,0,1645.0,8.4,11.5,11.3,10.4,16.0,8.0,16.0,,,,6.2,0,,,957.5,957.3,957.6,957.5,,,,,,,92.0,48.0,73.0,71.0,,-1,-1,,,,,,,,,,,11,,6,20,14,21,4,13,2,1,2,1,1.6,1548.0
1906,2026-09-28,,,,0.0,0.0,0.0,0.0,0,0,1583.0,9.5,12.1,9.9,10.5,4.0,12.0,8.0,1,0,0,9.1,0,0,0,953.6,953.8,954.0,953.8,0,0,,,,,92.0,53.0,59.0,68.0,-1,-1,-1,,0,0,,-1.0,0,-1.0,8000.0,30000.0,11000.0,11,1,7,20,15,20,6,13,2,1,3,2,2.8,2357.0
1920,2026-09-28,,,,,,,,0,0,1687.0,6.1,12.0,10.8,9.6,0.0,12.0,4.0,,,,6.1,0,,,965.4,964.8,965.2,965.1,,,,,,,96.0,52.0,90.0,79.0,-1,-1,-1,,,,,,,,,,,11,,1,20,10,20,0,10,0,0,1,1,0.7,1313.0
2116,2026-09-28,,,,,,,,0,0,1686.0,8.8,12.1,10.2,10.4,28.0,12.0,8.0,,,,8.8,0,,,992.5,991.5,992.0,992.0,,,,,,,93.0,43.0,49.0,62.0,-1,-1,-1,,,,,,,,,,,11,,6,23,18,24,5,15,,1,3,2,2.8,1259.0
2117,2026-09-28,,,,,,,,0,0,1497.0,9.5,12.1,10.4,10.7,28.0,12.0,8.0,,,,9.4,0,,,988.5,987.7,988.1,988.1,,,,,,,92.0,45.0,59.0,65.0,-1,-1,-1,,,,,,,,,,,11,,7,22,16,23,6,15,,2,3,2,3.3,1213.0
2207,2026-09-28,,,,,,,,0,0,1624.0,10.2,11.9,10.8,11.0,24.0,12.0,8.0,,,,10.4,0,,,995.1,994.4,994.7,994.7,,,,,,,88.0,43.0,59.0,63.0,-1,-1,-1,,,,,,,,,,,11,,9,23,16,23,7,15,3,1,3,2,2.8,1418.0
2401,2026-09-28,,,,,,,,0,0,1661.0,10.1,10.6,10.4,10.4,0.0,12.0,12.0,,,,10.5,0,,,1003.1,1002.5,1002.7,1002.8,,,,,,,82.0,37.0,52.0,57.0,-1,-1,-1,,,,,,,,,,,11,,10,23,18,24,8,16,5,0,3,1,1.9,1158.0
2415,2026-09-28,,,,,,,,0,0,1561.0,10.0,11.3,10.2,10.5,12.0,12.0,12.0,,,,16.4,0,,,970.9,971.0,971.2,971.0,,,,,,,71.0,46.0,51.0,56.0,-1,-1,-1,,,,,,,,,,,11,,12,21,18,21,11,16,10,4,5,4,7.6,1235.0
2430,2026-09-28,,,,,,,,0,0,,10.7,10.8,10.5,10.7,8.0,16.0,8.0,,,,10.4,0,,,1002.5,1002.0,1002.2,1002.2,,,,,,,81.0,37.0,58.0,59.0,-1,-1,-1,,,,,,,,,,,11,,11,24,16,24,8,16,6,1,2,1,1.6,1220.0
2503,2026-09-28,,,,,,,,0,0,1707.0,10.7,10.6,10.8,10.7,8.0,12.0,4.0,,,,12.3,0,,,1000.7,1000.2,1000.3,1000.4,,,,,,,75.0,37.0,64.0,59.0,-1,-1,-1,,,,,,,,,,,11,,12,23,15,24,9,16,7,1,3,2,2.8,1334.0
2602,2026-09-28,,,,,,,,0,0,1563.0,10.1,12.2,11.9,11.4,32.0,12.0,4.0,,,,9.0,0,,,1007.1,1006.4,1006.7,1006.7,,,,,,,92.0,41.0,72.0,68.0,-1,-1,-1,,,,,,,,,,,11,,8,24,15,25,6,15,2,1,3,1,2.2,1202.0
2902,2026-09-28,,,,,,,,0,0,1600.0,9.7,15.2,12.8,12.6,16.0,8.0,8.0,,,,7.5,0,,,981.4,980.4,980.4,980.7,,,,,,,96.0,61.0,74.0,77.0,-1,-1,-1,,,,0.0,,,,,,,11,,7,21,15,22,6,14,3,1,3,2,2.8,1410.0
2910,2026-09-28,,,,,,,,0,0,1500.0,10.4,14.3,13.8,12.8,32.0,12.0,28.0,,,,6.8,0,,,986.4,985.1,985.3,985.6,,,,,,,95.0,49.0,79.0,74.0,-1,-1,-1,,,,,,,,,,,11,,8,24,15,25,8,16,5,1,2,1,1.6,926.0
3111,2026-09-28,,,,,,,,,,,,,,,,,,,,,,,,,,,,,,,,,,,,,,,,,,,,,,,,,,,,,,,,,,,,,,,,,
3202,2026-09-28,,,,,,,,0,0,1478.0,11.1,12.9,13.9,12.6,20.0,12.0,32.0,,,,4.9,0,,,992.6,991.5,991.2,991.8,,,,,,,92.0,49.0,72.0,71.0,-1,-1,-1,,,,,,,,,,,11,,10,22,17,23,9,16,7,1,2,1,1.6,1045.0
3315,2026-09-28,,,,,,,,0,0,1610.0,9.3,10.7,12.3,10.8,24.0,12.0,20.0,,,,5.0,0,,,943.1,943.2,943.4,943.2,,,,,,,92.0,42.0,83.0,72.0,-1,-1,-1,,,,,,,,,,,10,,7,21,13,22,6,14,5,1,2,1,1.6,1238.0
3425,2026-09-28,,,,,,,,0,0,1758.0,9.2,12.8,11.2,11.1,4.0,16.0,4.0,,,,5.5,0,,,958.8,958.6,958.6,958.7,,,,,,,85.0,51.0,61.0,66.0,-1,-1,-1,,,,,,,,,,,11,,8,21,16,22,7,15,6,1,2,2,2.1,1956.0
3520,2026-09-28,,,,0.0,0.0,0.0,0.0,0,0,1629.0,9.1,10.0,9.9,9.7,16.0,8.0,8.0,0,0,0,9.0,0,0,0,912.4,913.2,913.3,913.0,0,0,,,,,63.0,46.0,65.0,58.0,-1,-1,-1,,,,,-1.0,0,-1.0,30000.0,30000.0,30000.0,11,0,12,19,13,19,8,14,6,1,2,3,2.8,2346.0
3702,2026-09-28,,,,,,,,0,0,1741.0,9.9,12.2,9.7,10.6,8.0,8.0,8.0,,,,9.7,0,,,913.8,914.8,914.8,914.5,,,,,,,79.0,62.0,63.0,68.0,-1,-1,-1,,,,,,,,,,,11,,10,17,13,18,9,13,6,2,3,4,4.7,1906.0
3805,2026-09-28,,,,,,,,0,0,1599.0,10.4,13.0,11.0,11.5,16.0,0.0,32.0,,,,5.6,0,,,1000.2,999.0,999.3,999.5,,,,,,,82.0,44.0,68.0,65.0,-1,-1,-1,,,,,,,,,,,11,,11,24,14,24,8,16,5,1,0,1,0.7,1402.0
3811,2026-09-28,,,,,,,,0,0,1591.0,9.9,11.8,10.0,10.6,28.0,8.0,4.0,,,,6.6,0,,,1000.1,999.0,999.3,999.5,,,,,,,82.0,41.0,47.0,57.0,-1,-1,-1,,,,,,,,,,,10,,10,24,19,24,9,16,8,2,2,1,2.1,1303.0
4026,2026-09-28,,,,,,,,0,0,1655.0,11.1,11.6,11.7,11.5,8.0,12.0,8.0,,,,10.4,0,,,999.6,999.0,999.3,999.3,,,,,,,78.0,42.0,59.0,60.0,-1,-1,-1,,,,,,,,,,,11,,12,23,17,23,11,17,9,3,4,2,4.7,1115.0
4081,2026-09-28,,,,0.0,0.0,0.0,0.0,0,0,1596.0,10.6,12.0,11.1,11.2,20.0,8.0,4.0,0,0,0,10.5,0,0,0,1003.4,1002.5,1003.0,1003.0,0,0,,,,,85.0,40.0,53.0,59.0,-1,-1,-1,,0,0,,-1.0,0,-1.0,30000.0,30000.0,30000.0,11,0,10,24,18,25,8,16,7,1,4,3,4.1,1211.0
4115,2026-09-28,,,,,,,,0,0,1523.0,11.2,11.7,11.8,11.6,4.0,12.0,8.0,,,,8.9,0,,,1002.5,1001.8,1002.2,1002.2,,,,,,,81.0,39.0,62.0,61.0,-1,-1,-1,,,,,,,,,,,11,,12,24,17,25,8,16,5,1,2,2,2.1,1151.0
4126,2026-09-28,,,,,,,,0,0,1605.0,11.1,11.5,11.0,11.2,32.0,12.0,8.0,,,,9.5,0,,,1002.5,1002.0,1002.2,1002.2,,,,,,,80.0,39.0,59.0,59.0,-1,-1,-1,,,,,,,,,,,11,,12,24,16,24,10,17,6,1,3,2,2.8,1110.0
4224,2026-09-28,,,,,,,,0,0,1586.0,10.4,11.0,10.8,10.7,8.0,12.0,8.0,,,,8.4,0,,,1005.3,1004.7,1004.8,1004.9,,,,,,,70.0,37.0,50.0,52.0,0,-1,0,,,,,,,,,,,11,,13,24,19,25,12,18,10,2,2,2,2.7,1300.0
4305,2026-09-28,,,,,,,,0,0,1654.0,11.1,11.5,11.6,11.4,8.0,12.0,8.0,,,,8.9,0,,,1007.8,1007.1,1007.4,1007.4,,,,,,,94.0,38.0,61.0,64.0,-1,-1,-1,,,,,,,,,,,11,,10,24,17,24,7,16,,1,3,2,2.8,1239.0
4501,2026-09-28,,,,,,,,0,0,1615.0,11.1,14.3,13.4,12.9,8.0,4.0,4.0,,,,7.5,0,,,976.6,975.6,975.4,975.9,,,,,,,86.0,50.0,64.0,67.0,-1,-1,-1,,,,,,,,,,,11,,11,23,18,24,7,16,6,2,3,3,3.9,1342.0
4515,2026-09-28,,,,,,,,0,0,1704.0,9.2,15.7,13.9,12.9,12.0,8.0,4.0,,,,7.0,0,,,973.5,972.2,972.2,972.6,,,,,,,97.0,53.0,80.0,77.0,-1,-1,-1,,,,,,,,,,,11,,6,24,15,24,5,15,,1,2,2,2.1,2049.0
4601,2026-09-28,,,,,,,,0,0,1697.0,9.3,15.2,12.9,12.5,0.0,8.0,12.0,,,,6.8,0,,,,,,,,,,,,,97.0,56.0,77.0,77.0,-1,-1,-1,,,,,,,,,,,11,,6,23,15,23,5,14,4,0,2,1,1.2,1340.0
4611,2026-09-28,,,,,,,,0,0,1603.0,10.2,16.2,13.3,13.2,12.0,32.0,8.0,,,,5.7,0,,,968.9,967.7,968.0,968.2,,,,,,,92.0,53.0,66.0,70.0,-1,-1,-1,,,,0.0,,,,,,,11,,9,24,18,26,8,17,4,2,2,2,2.7,1407.0
4705,2026-09-28,,,,,,,,0,0,1541.0,9.8,14.1,13.6,12.5,20.0,4.0,12.0,,,,5.3,0,,,972.5,971.9,972.0,972.1,,,,,,,90.0,55.0,80.0,75.0,-1,-1,-1,,,,,,,,,,,10,,8,22,15,22,7,15,6,1,1,1,1.1,1536.0
4802,2026-09-28,,,,,,,,0,0,,11.9,14.1,13.6,13.2,12.0,12.0,12.0,,,,6.9,0,,,,,,,,,,,,,100.0,57.0,71.0,76.0,-1,-1,-1,,,,,,,,,,,11,,10,21,17,22,8,15,3,1,3,1,2.2,1441.0
4815,2026-09-28,0.0,,,1.0,0.0,0.0,3.0,0,0,1716.0,11.6,13.5,13.1,12.7,8.0,8.0,8.0,1,0,1,9.4,0,0,0,951.2,951.1,951.0,951.1,0,0,,,,,83.0,61.0,66.0,70.0,-1,-1,-1,0,0,0,,-1.0,0,-1.0,30000.0,30000.0,15000.0,11,0,12,19,17,20,11,15,9,2,3,3,3.9,2253.0
4821,2026-09-28,,,,,,,,0,0,1583.0,9.1,15.3,14.0,12.8,24.0,8.0,8.0,,,,5.7,0,,,972.6,971.8,971.6,972.0,,,,,,,99.0,60.0,89.0,83.0,-1,-1,-1,,,,,,,,,,,11,,6,21,14,22,5,14,3,1,2,1,1.6,1519.0
4905,2026-09-28,,,,,,,,0,0,1532.0,10.0,14.3,13.9,12.7,16.0,4.0,16.0,,,,5.1,0,,,987.0,986.0,985.6,986.2,,,,,,,96.0,59.0,86.0,80.0,-1,-1,-1,,,,,,,,,,,11,,8,21,14,22,7,14,2,1,2,1,1.6,1452.0
5000,2026-09-28,,,,,,,,0,0,,10.4,13.5,13.4,12.4,0.0,8.0,4.0,,,,6.7,0,,,986.7,985.7,985.5,986.0,,,,,,,93.0,52.0,72.0,72.0,-1,-1,-1,,,,,,,,,,,11,,9,22,16,22,7,15,3,0,2,1,1.2,
5012,2026-09-28,0.0,,,1.0,0.0,0.0,3.0,0,0,1572.0,10.2,14.8,14.1,13.0,20.0,4.0,4.0,1,0,0,7.4,0,0,0,977.7,976.8,976.6,977.0,0,0,,,,,96.0,58.0,77.0,77.0,-1,-1,-1,,0,0,,-1.0,0,-1.0,40000.0,50000.0,50000.0,11,0,8,22,16,22,8,15,5,1,2,2,2.1,1644.0
5116,2026-09-28,,,,,,,,0,0,1604.0,11.4,14.7,12.9,13.0,20.0,8.0,8.0,,,,7.2,0,,,978.4,977.6,977.4,977.8,,,,,,,100.0,60.0,63.0,74.0,-1,-1,-1,,,,,,,,,,,11,,9,21,18,21,8,15,7,1,3,2,2.8,2030.0
5130,2026-09-28,,,,,,,,0,0,1685.0,11.4,13.4,14.0,12.9,12.0,8.0,8.0,,,,7.8,0,,,986.3,985.3,985.1,985.6,,,,,,,97.0,51.0,67.0,72.0,-1,-1,-1,,,,,,,,,,,11,,9,22,18,23,9,16,5,1,3,2,2.8,913.0
5316,2026-09-28,,,,,,,,0,0,1582.0,11.3,13.7,12.5,12.5,0.0,8.0,8.0,,,,7.7,0,,,992.7,991.6,991.3,991.9,,,,,,,97.0,52.0,65.0,71.0,-1,-1,-1,,,,,,,,,,,11,,9,22,17,23,7,15,5,0,3,1,1.9,1507.0
5412,2026-09-28,,,,0.0,0.0,0.0,0.0,0,0,1524.0,9.7,14.1,12.9,12.2,0.0,4.0,16.0,1,0,0,6.3,0,0,0,989.3,988.4,988.1,988.6,0,0,,,,,94.0,55.0,81.0,77.0,-1,-1,-1,0,0,0,,-1.0,0,-1.0,40000.0,40000.0,40000.0,11,1,7,22,14,24,6,15,3,0,2,1,1.2,1207.0
5413,2026-09-28,,,,,,,,0,0,1510.0,10.6,14.3,11.1,12.0,8.0,8.0,4.0,,,,8.3,0,,,988.5,987.5,987.5,987.8,,,,,,,92.0,50.0,52.0,65.0,,,,,,,,,,,,,,11,,9,23,19,24,8,16,4,1,3,3,3.4,1545.0
5421,2026-09-28,,,,,,,,0,0,1548.0,10.0,13.4,11.5,11.6,0.0,8.0,4.0,,,,5.8,0,,,993.6,992.3,992.1,992.7,,,,,,,94.0,47.0,58.0,66.0,-1,-1,-1,,,,,,,,,,,10,,8,23,17,25,7,16,5,0,1,1,0.7,1645.0
5609,2026-09-28,,,,,,,,0,0,1658.0,10.0,12.0,11.3,11.1,16.0,4.0,4.0,,,,7.0,0,,,992.4,991.0,991.4,991.6,,,,,,,93.0,42.0,55.0,63.0,-1,-1,-1,,,,,,,,,,,11,,8,23,18,24,7,16,7,1,2,2,2.1,1438.0
5625,2026-09-28,,,,,,,,0,0,1609.0,10.2,14.2,10.7,11.7,20.0,32.0,12.0,,,,6.6,0,,,943.1,943.2,943.4,943.2,,,,,,,80.0,62.0,55.0,66.0,-1,-1,-1,,,,,,,,,,,11,,11,20,17,21,9,15,,2,2,1,2.1,2344.0
5701,2026-09-28,,,,,,,,,,,,,,,,,,,,,,,,,,,,,,,,,,,,,,,,,,,,,,,,,,,,,,,,,,,,,,,,,
5735,2026-09-28,,,,,,,,0,0,1547.0,10.8,11.3,9.7,10.6,12.0,12.0,12.0,,,,15.2,0,,,969.1,969.1,969.2,969.1,,,,,,,77.0,42.0,46.0,55.0,-1,-1,-1,,,,,,,,,,,11,,12,22,18,23,11,17,5,1,4,5,5.7,1927.0
5802,2026-09-28,,,,,,,,0,0,1600.0,10.7,11.3,10.0,10.7,12.0,12.0,12.0,,,,12.5,0,,,971.3,971.3,971.8,971.5,,,,,,,80.0,44.0,49.0,58.0,-1,-1,-1,,,,,,,,,,,11,,11,22,18,22,11,16,,4,4,4,6.8,1445.0
5805,2026-09-28,,,,,,,,0,0,1581.0,10.8,11.1,10.8,10.9,0.0,8.0,32.0,,,,9.5,0,,,997.6,996.6,997.3,997.2,,,,,,,94.0,38.0,68.0,67.0,-1,-1,-1,,,,,,,,,,,11,,9,24,14,24,7,16,,0,3,1,1.9,1505.0
5820,2026-09-28,,,,,,,,0,0,1628.0,10.8,10.8,10.0,10.5,12.0,12.0,20.0,,,,8.5,0,,,990.2,989.5,990.1,989.9,,,,,,,75.0,38.0,53.0,55.0,-1,-1,-1,,,,,,,,,,,11,,12,23,17,24,9,16,7,1,2,1,1.6,1245.0
5882,2026-09-28,,,,,,,,0,0,1579.0,11.2,10.2,10.5,10.6,32.0,12.0,24.0,,,,9.8,0,,,999.5,998.6,999.2,999.1,,,,,,,75.0,34.0,60.0,56.0,,-1,-1,,,,,,,,,,,11,,13,24,16,25,9,17,4,1,3,1,2.2,1226.0
5904,2026-09-28,,,,,,,,0,0,1664.0,11.3,11.3,11.3,11.3,8.0,12.0,12.0,,,,11.3,0,,,999.7,999.1,999.5,999.4,,,,,,,82.0,38.0,58.0,59.0,-1,-1,-1,,,,,,,,,,,11,,12,24,17,24,10,17,6,1,4,2,3.5,1230.0
5917,2026-09-28,,,,,,,,0,0,1656.0,11.0,10.9,10.6,10.8,12.0,12.0,12.0,,,,11.8,0,,,1001.0,1000.2,1000.8,1000.7,,,,,,,72.0,37.0,49.0,53.0,-1,-1,-1,,,,,,,,,,,11,,13,24,19,24,12,18,10,2,4,2,4.0,1315.0
5925,2026-09-28,,,,,,,,0,0,1706.0,10.6,10.2,10.3,10.4,12.0,12.0,8.0,,,,11.5,0,,,1003.5,1002.6,1003.2,1003.1,,,,,,,65.0,35.0,43.0,48.0,0,-1,0,,,,,,,,,,,11,,14,24,21,25,13,19,,2,3,2,3.3,1403.0
5935,2026-09-28,,,,,,,,0,0,1504.0,10.4,10.5,11.2,10.7,32.0,12.0,8.0,,,,9.0,0,,,1005.3,1004.4,1004.8,1004.8,,,,,,,75.0,35.0,50.0,53.0,0,-1,0,,,,,,,,,,,11,,12,24,19,25,10,17,7,1,2,1,1.6,1209.0
5972,2026-09-28,,,,,,,,0,0,1573.0,10.9,10.0,11.5,10.8,12.0,12.0,12.0,,,,9.5,0,,,1006.7,1006.0,1006.4,1006.4,,,,,,,74.0,34.0,56.0,55.0,-1,-1,-1,,,,,,,,,,,11,,13,24,18,24,11,18,7,2,3,2,3.3,1246.0
5990,2026-09-28,,,,,,,,0,0,,10.6,10.1,10.8,10.5,8.0,12.0,8.0,,,,10.8,0,,,1003.0,1002.4,1002.8,1002.7,,,,,,,73.0,35.0,54.0,54.0,-1,-1,-1,,,,,,,,,,,11,,13,24,18,24,12,18,8,3,4,2,4.7,
6102,2026-09-28,,,,,,,,0,0,1639.0,10.9,11.1,11.5,11.2,8.0,16.0,8.0,,,,8.9,0,,,1005.3,1004.4,1004.6,1004.8,,,,,,,77.0,37.0,62.0,59.0,-1,-1,-1,,,,,,,,,,,11,,12,24,16,25,10,17,8,2,2,2,2.7,1214.0
6111,2026-09-28,,,,,,,,0,0,,11.6,10.6,9.0,10.4,28.0,12.0,8.0,,,,6.4,0,,,,,,,,,,,,,81.0,34.0,39.0,51.0,-1,-1,-1,,,,,,,,,,,10,,12,25,20,25,12,19,10,1,2,1,1.6,1318.0
6300,2026-09-28,,,,,,,,0,0,,10.6,13.9,14.1,12.9,12.0,32.0,28.0,,,,7.2,0,,,970.6,969.3,969.3,969.7,,,,,,,77.0,44.0,77.0,66.0,-1,-1,-1,,,,,,,,,,,11,,12,25,16,25,7,16,5,2,2,2,2.7,
6305,2026-09-28,,,,0.0,0.0,,,0,0,1505.0,10.4,14.4,15.0,13.3,0.0,28.0,12.0,1,1,,7.0,0,0,0,973.5,972.0,972.2,972.6,0,0,,,,,98.0,43.0,84.0,75.0,-1,-1,-1,,0,,,-1.0,0,-1.0,12000.0,25000.0,,9,1,8,26,16,26,7,17,2,0,1,1,0.7,1550.0
6415,2026-09-28,,,,,,,,0,0,1603.0,12.1,14.7,14.2,13.7,0.0,4.0,8.0,,,,8.1,0,,,963.7,962.9,962.9,963.2,,,,,,,98.0,57.0,80.0,78.0,-1,-1,-1,,,,,,,,,,,10,,10,22,16,22,9,15,,0,3,2,2.4,1545.0
6430,2026-09-28,,,,,,,,0,0,,8.5,12.7,10.2,10.5,24.0,4.0,8.0,,,,8.8,0,,,896.9,897.1,896.8,896.9,,,,,,,45.0,57.0,57.0,53.0,,,,,,,,,,,,,,10,,17,19,16,20,15,17,,2,1,1,1.6,2323.0
6512,2026-09-28,,,,,,,,0,0,1510.0,10.3,17.2,13.8,13.8,28.0,12.0,32.0,,,,5.0,0,,,966.7,965.7,965.8,966.1,,,,,,,94.0,68.0,82.0,81.0,-1,-1,-1,,,,,,,,,,,11,,8,21,15,22,7,14,,1,2,1,1.6,1227.0
6540,2026-09-28,,,,,,,,0,0,,11.9,15.7,14.2,13.9,24.0,12.0,28.0,,,,3.7,0,,,,,,,,,,,,,96.0,67.0,87.0,83.0,-1,-1,-1,,,,,,,,,,,10,,10,20,14,21,9,15,,1,2,1,1.6,1513.0
6611,2026-09-28,,,0.0,0.0,0.0,1.0,3.0,0,0,1702.0,4.4,4.5,5.7,4.9,28.0,28.0,4.0,0,0,0,6.5,0,0,0,844.9,845.5,845.2,845.2,0,0,,,,,28.0,24.0,37.0,30.0,-1,-1,-1,,0,0,,-1.0,0,-1.0,100000.0,100000.0,100000.0,11,0,14,17,13,18,13,16,4,3,2,2,3.3,539.0
6621,2026-09-28,,,,,,,,0,0,1606.0,11.2,15.7,14.3,13.7,24.0,4.0,28.0,,,,4.8,0,,,971.1,970.4,970.3,970.6,,,,,,,95.0,63.0,81.0,80.0,-1,-1,-1,,,,0.0,,,,,,,10,,9,21,16,22,9,16,8,1,1,1,1.1,1702.0
6804,2026-09-28,,,,,,,,0,0,1577.0,10.6,16.4,13.9,13.6,12.0,28.0,12.0,,,,4.9,0,,,971.2,970.7,970.4,970.8,,,,,,,85.0,64.0,86.0,78.0,-1,-1,-1,,,,,,,,,,,9,,10,22,14,22,9,16,7,2,2,1,2.1,526.0
7002,2026-09-28,0.0,0.0,,2.0,2.0,,,0,0,1606.0,10.4,13.3,14.4,12.7,4.0,32.0,8.0,1,0,,4.2,0,0,0,,,,,0,0,,,,,97.0,42.0,87.0,75.0,-1,-1,-1,,,,,-1.0,0,-1.0,10000.0,10000.0,,9,1,8,25,15,25,8,17,6,1,1,1,1.1,1445.0
7013,2026-09-28,,,,,,,,0,0,1550.0,10.9,15.9,14.3,13.7,8.0,16.0,0.0,,,,4.8,0,,,979.6,978.4,978.6,978.9,,,,,,,96.0,57.0,90.0,81.0,-1,-1,-1,,,,,,,,,,,9,,9,23,14,23,8,16,,1,1,0,0.7,714.0
7110,2026-09-28,2.0,,,10.0,0.0,0.0,33.0,0,0,1644.0,9.2,15.7,12.0,12.3,8.0,28.0,8.0,1,0,0,4.7,0,0,1,953.0,951.6,952.2,952.3,0,0,,,,,100.0,56.0,95.0,84.0,-1,-1,-1,,,,,-1.0,0,-1.0,800.0,20000.0,10000.0,9,1,6,23,10,23,5,14,5,1,1,1,1.1,1449.0
7221,2026-09-28,,,,,,,,0,0,1636.0,8.9,10.7,11.0,10.2,12.0,16.0,8.0,,,,7.8,0,,,924.6,924.3,925.1,924.7,,,,,,,94.0,43.0,70.0,69.0,-1,-1,-1,,,,,,,,,,,10,,6,21,14,22,6,14,4,2,2,1,2.1,2326.0
7301,2026-09-28,,,,,,,,0,0,,8.1,11.0,11.6,10.2,16.0,20.0,20.0,,,,11.1,,,,944.8,944.2,945.3,944.8,,,,,,,98.0,40.0,89.0,76.0,-1,-1,-1,,,,,,,,,,,,,4,23,11,23,3,13,1,1,1,1,1.1,2202.0
7305,2026-09-28,,,,,,,,,,,,,,,,,,,,,,,,,,,,,,,,,,,,,,,,,,,,,,,,,,,,,,,,,,,,,,,,,
7505,2026-09-28,,,,,,,,0,0,,7.2,11.8,10.4,9.8,24.0,4.0,24.0,,,,8.2,0,,,956.3,955.5,956.7,956.2,,,,,,,95.0,44.0,80.0,73.0,-1,-1,-1,,,,,,,,,,,9,,3,22,11,23,3,13,1,1,2,1,1.6,1305.0
7531,2026-09-28,,,,,,,,0,0,1682.0,9.8,10.2,9.7,9.9,12.0,12.0,12.0,,,,12.1,0,,,916.6,917.3,917.9,917.3,,,,,,,64.0,41.0,58.0,54.0,,-1,-1,,,,,,,,,,,11,,13,21,15,22,10,16,,2,3,3,3.9,2354.0
7604,2026-09-28,,,,0.0,0.0,0.0,0.0,0,0,1555.0,10.6,10.2,10.4,10.4,8.0,16.0,12.0,1,0,0,10.6,0,0,0,991.0,990.2,991.0,990.7,0,0,,,,,79.0,34.0,47.0,53.0,-1,-1,-1,,0,0,,-1.0,0,-1.0,40000.0,40000.0,30000.0,11,1,11,24,19,25,8,16,5,1,3,2,2.8,1122.0
7610,2026-09-28,,,,,,,,0,0,,9.8,11.8,10.4,10.7,0.0,4.0,32.0,,,,5.7,0,,,941.9,941.8,942.5,942.1,,,,,,,90.0,43.0,60.0,64.0,-1,-1,-1,,,,,,,,,,,10,,8,23,15,23,7,15,4,0,1,1,0.7,1246.0
7641,2026-09-28,,,,0.0,0.0,0.0,0.0,0,0,1628.0,8.7,10.7,11.5,10.3,20.0,16.0,0.0,0,0,0,7.8,0,0,0,985.1,984.1,984.8,984.7,0,0,,,,,94.0,35.0,70.0,66.0,-1,-1,-1,,0,0,,-1.0,0,-1.0,4000.0,6000.0,6000.0,10,1,6,24,14,25,5,15,4,1,2,0,1.2,1140.0
7653,2026-09-28,,,,,,,,0,0,,10.4,10.4,10.4,10.4,24.0,12.0,12.0,,,,12.3,0,,,,,,,,,,,,,88.0,33.0,59.0,60.0,-1,-1,-1,,,,,,,,,,,11,,10,25,16,25,8,17,4,1,4,2,3.5,1117.0
7704,2026-09-28,,,,,,,,0,0,1559.0,11.3,10.7,11.4,11.1,8.0,12.0,4.0,,,,11.5,0,,,1002.9,1002.0,1002.4,1002.4,,,,,,,78.0,36.0,62.0,59.0,-1,-1,-1,0,0,0,,,,,,,,11,,13,24,16,24,10,17,9,2,3,1,2.8,1200.0
7710,2026-09-28,,,,,,,,0,0,1631.0,11.1,10.5,10.3,10.6,8.0,12.0,12.0,,,,10.0,0,,,1002.6,1001.9,1002.4,1002.3,,,,,,,74.0,35.0,48.0,52.0,-1,-1,-1,,,,,,,,,,,11,,13,24,19,24,10,17,3,1,3,2,2.8,1250.0
7714,2026-09-28,,,,,,,,0,0,,10.9,10.6,10.1,10.5,12.0,16.0,12.0,,,,10.7,0,,,,,,,,,,,,,64.0,37.0,50.0,50.0,-1,-1,-1,,,,,,,,,,,10,,15,23,18,24,13,19,,3,3,2,3.9,1128.0
7890,2026-09-28,,,,,,,,0,0,1480.0,10.6,12.4,12.3,11.8,8.0,16.0,8.0,,,,6.7,0,,,1010.9,1009.9,1010.2,1010.3,,,,,,,78.0,40.0,69.0,62.0,-1,-1,-1,,,,,,,,,,,9,,12,25,16,25,9,17,,1,2,1,1.6,1213.0
7906,2026-09-28,,,,,,,,0,0,,,,,,4.0,16.0,4.0,,,,9.0,0,,,,,,,,,,,,,,,,,,,,,,,,,,,,,,,,,,,,,,,2,2,2,2.7,1215.0
7912,2026-09-28,,,,,,,,0,0,,11.1,10.4,11.7,11.1,8.0,16.0,12.0,,,,7.2,0,,,,,,,,,,,,,83.0,34.0,62.0,60.0,,,,,,,,,,,,,,11,,11,25,17,25,9,17,8,1,2,1,1.6,1214.0
7956,2026-09-28,,,,,,,,0,0,1626.0,11.2,10.8,11.8,11.3,4.0,16.0,8.0,,,,7.6,0,,,1011.0,1010.2,1010.3,1010.5,,,,,,,86.0,35.0,59.0,60.0,-1,-1,-1,,,,,,,,,,,11,,11,25,18,25,9,17,4,2,2,2,2.7,1317.0
8301,2026-09-28,,,,,,,,0,0,1705.0,7.0,12.3,10.3,9.9,12.0,32.0,8.0,,,,7.4,0,,,906.7,905.9,905.8,906.1,,,,,,,36.0,40.0,44.0,40.0,-1,-1,-1,,,,,,,,,,,11,,17,25,20,26,17,21,,1,2,3,2.8,1628.0
8806,2026-09-28,,,,,,,,0,0,1529.0,8.5,15.6,11.7,11.9,32.0,12.0,32.0,,,,4.5,0,,,917.4,915.5,915.6,916.2,,,,,,,94.0,61.0,79.0,78.0,-1,-1,-1,,,,,,,,,,,8,,6,22,13,23,5,14,4,1,2,1,1.6,1240.0
8807,2026-09-28,,,,0.0,0.0,0.0,,,,,,,,,,,,1,0,1,,0,,0,,,,,,,,,,,,,,,,,,,,,,-1.0,0,-1.0,5000.0,20000.0,10000.0,,,,,,,,,,,,,,
9016,2026-09-28,,,,0.0,0.0,0.0,0.0,0,0,1621.0,10.5,13.5,13.9,12.6,20.0,8.0,4.0,1,0,0,6.8,0,0,0,966.3,963.2,963.6,964.4,0,0,,,,,91.0,44.0,64.0,66.0,-1,-1,-1,,0,0,,-1.0,0,-1.0,40000.0,35000.0,15000.0,9,1,9,25,19,25,9,17,7,1,1,2,1.6,1606.0
9019,2026-09-28,,,,,,,,0,0,1448.0,9.4,12.8,12.8,11.7,0.0,12.0,16.0,,,,3.3,0,,,,,,,,,,,,,96.0,44.0,78.0,73.0,-1,-1,-1,,,,,,,,,,,9,,7,24,14,24,6,15,1,0,1,1,0.7,1553.0
9105,2026-09-28,,,,,,,,0,0,1499.0,8.4,14.7,12.4,11.8,16.0,4.0,32.0,,,,3.6,0,,,,,,,,,,,,,94.0,47.0,79.0,73.0,-1,-1,-1,,,,,,,,,,,9,,5,25,14,25,5,15,,1,1,1,1.1,1601.0
9110,2026-09-28,,,,0.0,0.0,0.0,0.0,0,0,1683.0,8.3,11.4,13.5,11.1,20.0,32.0,20.0,1,0,0,7.1,0,0,0,955.4,952.5,953.1,953.7,0,0,,,,,93.0,38.0,86.0,72.0,-1,-1,-1,,0,0,,-1.0,0,-1.0,1000.0,15000.0,5000.0,10,0,5,24,14,24,4,14,1,1,2,1,1.6,1502.0
9211,2026-09-28,,,,,,,,0,0,1584.0,9.5,11.3,12.2,11.0,20.0,16.0,0.0,,,,6.3,0,,,951.5,949.0,949.7,950.1,,,,,,,86.0,35.0,81.0,67.0,-1,-1,-1,,,,,,,,,,,9,,9,25,13,26,8,17,4,2,1,0,1.2,52.0
9215,2026-09-28,,,,,,,,0,0,1709.0,7.1,7.4,8.3,7.6,20.0,4.0,4.0,,,,6.3,0,,,845.1,845.3,844.8,845.1,,,,,,,43.0,39.0,50.0,44.0,-1,-1,-1,,,,,,,,,,,11,,15,17,15,19,14,16,,2,2,3,3.3,331.0
9406,2026-09-28,,,,,,,,0,0,1536.0,9.9,11.9,13.4,11.7,8.0,20.0,8.0,,,,12.6,0,,,966.7,964.7,964.9,965.4,,,,,,,72.0,38.0,75.0,62.0,-1,-1,-1,,,,,,,,,,,10,,12,25,16,25,11,18,10,4,2,2,4.0,609.0
9501,2026-09-28,,,0.0,0.0,0.0,1.0,3.0,0,0,1625.0,8.7,10.1,11.5,10.1,8.0,16.0,12.0,1,1,1,3.3,0,0,0,941.9,939.9,940.5,940.8,0,0,,,,,89.0,33.0,72.0,65.0,-1,-1,-1,0,0,0,,-1.0,0,-1.0,15000.0,15000.0,15000.0,11,1,7,25,14,25,6,15,3,1,1,1,1.1,1507.0
9512,2026-09-28,,,,,,,,0,0,,11.1,13.6,13.4,12.7,4.0,16.0,32.0,,,,3.0,0,,,960.1,958.5,959.0,959.2,,,,,,,94.0,49.0,77.0,73.0,,-1,-1,,,,,,,,,,,11,,9,23,15,24,9,16,,1,1,1,1.1,1533.0
9609,2026-09-28,,,,,,,,0,0,1545.0,9.5,12.3,13.3,11.7,8.0,16.0,4.0,,,,4.3,0,,,961.5,959.2,959.8,960.2,,,,,,,94.0,44.0,81.0,73.0,-1,-1,-1,,,,,,,,,,,9,,7,23,15,24,7,16,,1,1,2,1.6,1000.0
9618,2026-09-28,,,,,,,,0,0,1558.0,10.3,13.0,13.3,12.2,0.0,28.0,12.0,,,,8.1,0,,,964.1,962.1,962.9,963.0,,,,,,,97.0,45.0,87.0,76.0,-1,-1,-1,,,,,,,,,,,9,,8,24,13,24,7,16,5,0,2,1,1.2,1516.0
9643,2026-09-28,,,,,,,,0,0,,10.0,13.8,12.0,11.9,4.0,16.0,12.0,,,,6.4,0,,,938.1,936.2,936.8,937.0,,,,,,,91.0,50.0,79.0,73.0,-1,-1,-1,,,,,,,,,,,10,,8,23,13,24,7,15,,1,2,1,1.6,2135.0
9700,2026-09-28,0.0,1.0,,10.0,2.0,0.0,40.0,0,0,1544.0,8.1,11.0,12.1,10.4,0.0,16.0,0.0,1,0,0,4.4,0,0,1,932.6,930.3,931.0,931.3,0,0,,,,,98.0,37.0,78.0,71.0,-1,-1,-1,,0,0,,-1.0,0,-1.0,,20000.0,8000.0,11,0,4,24,14,24,3,14,,0,2,0,0.9,1103.0
9801,2026-09-28,2.0,,,1.0,0.0,0.0,3.0,0,0,1583.0,8.3,12.7,11.9,11.0,20.0,4.0,4.0,1,0,0,9.5,0,0,1,949.7,946.7,947.6,948.0,0,0,,,,,97.0,46.0,65.0,69.0,0,-1,0,,0,0,,-1.0,0,-1.0,600.0,50000.0,40000.0,9,1,5,23,16,24,3,14,-1,1,3,2,2.8,1726.0
9811,2026-09-28,,,,,,,,0,0,1598.0,8.5,11.7,11.6,10.6,0.0,24.0,12.0,,,,6.3,0,,,944.7,942.0,942.9,943.2,,,,,,,96.0,44.0,74.0,71.0,-1,-1,-1,,,,,,,,,,,10,,5,22,14,24,5,14,2,0,1,3,1.9,1745.0
9911,2026-09-28,2.0,,,10.0,,,,0,0,1643.0,8.9,11.9,12.5,11.1,0.0,12.0,0.0,1,,,6.2,0,,,950.7,947.9,948.8,949.1,,,,,,,99.0,43.0,82.0,75.0,-1,-1,-1,,,,,-1.0,0,-1.0,200.0,,,9,,6,23,13,24,4,14,,0,1,0,0.4,1539.0
9919,2026-09-28,,,,,,,,0,0,,8.6,10.0,13.0,10.5,4.0,16.0,8.0,,,,3.9,0,,,954.0,952.3,953.2,953.2,,,,,,,93.0,33.0,81.0,69.0,-1,-1,-1,,,,0.0,,,,,,,11,,6,24,14,25,5,15,3,1,1,1,1.1,1615.0
9925,2026-09-28,,,,,,,,0,0,1639.0,8.8,12.8,11.9,11.2,0.0,12.0,12.0,,,,7.8,0,,,943.5,941.1,942.0,942.2,,,,,,,94.0,48.0,70.0,71.0,-1,-1,-1,,,,,,,,,,,10,,6,22,15,22,6,14,2,0,2,2,1.8,1648.0
10005,2026-09-28,,,,,,,,0,0,1573.0,9.0,13.3,11.5,11.3,16.0,20.0,0.0,,,,5.9,0,,,962.4,960.1,961.2,961.2,,,,,,,91.0,44.0,78.0,71.0,-1,-1,-1,,,,,,,,,,,10,,7,24,13,25,7,16,,1,1,0,0.7,912.0
10111,2026-09-28,,,,,,,,0,0,1424.0,9.9,11.3,10.3,10.5,12.0,12.0,12.0,,,,6.6,0,,,887.5,887.6,888.4,887.8,,,,,,,96.0,57.0,80.0,78.0,-1,-1,-1,,,,,,,,,,,9,,8,17,11,18,7,12,,2,2,2,2.7,1112.0
10200,2026-09-28,1.0,,0.0,3.0,0.0,1.0,13.0,0,0,1609.0,9.0,11.9,11.0,10.6,0.0,16.0,28.0,1,0,0,5.7,0,0,0,935.8,934.5,935.7,935.3,0,0,,,,,100.0,51.0,72.0,74.0,-1,-1,-1,,,,,-1.0,0,-1.0,4000.0,7000.0,6000.0,9,0,6,20,13,21,4,13,2,0,1,2,1.2,1706.0
10401,2026-09-28,,,,0.0,0.0,0.0,,,,,8.4,10.7,11.0,10.0,,,,1,0,0,,0,0,0,943.6,942.3,943.4,943.1,0,0,,,,,94.0,43.0,76.0,71.0,-1,-1,-1,0,0,0,,-1.0,0,-1.0,16000.0,30000.0,18000.0,,1,5,21,13,22,4,13,,,,,,
10412,2026-09-28,,,,,,,,0,0,1689.0,8.0,9.8,9.1,9.0,32.0,16.0,16.0,,,,15.2,0,,,851.4,852.5,852.7,852.2,,,,,,,54.0,60.0,73.0,62.0,-1,-1,-1,,,,,,,,,,,10,,13,14,10,16,10,13,,1,2,2,2.1,2322.0
10415,2026-09-28,0.0,,0.0,4.0,0.0,2.0,20.0,0,0,1624.0,9.3,10.7,9.6,9.9,20.0,20.0,16.0,0,0,0,9.2,0,0,0,911.2,911.4,912.2,911.6,0,0,,,,,100.0,50.0,60.0,70.0,-1,-1,-1,0,0,0,,-1.0,0,-1.0,25000.0,40000.0,30000.0,10,0,6,19,14,19,6,12,5,4,2,3,4.7,455.0
10500,2026-09-28,,,,0.0,0.0,0.0,0.0,0,0,1687.0,10.3,10.4,9.5,10.1,20.0,16.0,24.0,0,0,0,9.7,0,0,0,911.5,912.2,912.7,912.1,0,0,,,,,70.0,54.0,65.0,63.0,-1,-1,-1,,0,0,,-1.0,0,-1.0,6000.0,6000.0,5000.0,10,0,13,17,13,17,11,14,9,3,3,3,4.6,139.0
10510,2026-09-28,,,,,,,,0,0,1585.0,9.8,11.5,11.8,11.0,0.0,8.0,24.0,,,,4.8,0,,,967.1,966.0,967.6,966.9,,,,,,,93.0,40.0,75.0,69.0,-1,-1,-1,0,0,0,,,,,,,,11,,8,23,14,24,6,15,4,0,1,1,0.7,1426.0
10531,2026-09-28,,,,,,,,0,0,1572.0,9.6,10.9,10.6,10.4,0.0,8.0,28.0,,,,7.8,0,,,975.1,974.1,975.4,974.9,,,,,,,84.0,37.0,65.0,62.0,-1,-1,-1,,,,,,,,,,,11,,9,24,14,24,6,15,,0,2,2,1.8,1230.0
10607,2026-09-28,,,,,,,,0,0,1503.0,9.3,11.3,11.0,10.5,32.0,16.0,12.0,,,,9.0,0,,,971.0,970.8,971.8,971.2,,,,,,,92.0,44.0,75.0,70.0,-1,-1,-1,,,,,,,,,,,9,,7,22,13,22,7,15,5,1,2,1,1.6,1031.0
10710,2026-09-28,,,,,,,,0,0,1611.0,10.6,10.2,10.7,10.5,32.0,12.0,16.0,,,,11.0,0,,,990.9,990.2,991.0,990.7,,,,,,,87.0,34.0,56.0,59.0,-1,-1,-1,,,,,,,,,,,11,,10,24,17,25,9,17,,1,3,1,2.2,1105.0
10720,2026-09-28,,,,,,,,0,0,1657.0,10.0,9.6,9.7,9.8,16.0,16.0,20.0,,,,9.4,0,,,,,,,,,,,,,57.0,37.0,55.0,50.0,-1,-1,-1,,,,,,,,,,,11,,15,22,16,23,13,18,10,2,3,2,3.3,939.0
11102,2026-09-28,1.0,0.0,0.0,1.0,1.0,2.0,13.0,,,,,,,,,,,1,0,0,,0,0,0,,,,,0,0,,,,,,,,,-1,-1,-1,0,0,0,,-1.0,0,-1.0,17000.0,10000.0,8000.0,,1,,,,,,,,,,,,
11104,2026-09-28,,,,,,,,0,0,1578.0,10.2,13.1,14.4,12.6,8.0,28.0,8.0,,,,5.2,0,,,969.7,968.1,967.9,968.6,,,,,,,79.0,47.0,71.0,66.0,-1,-1,-1,,,,,,,,,,,10,,11,23,18,25,11,18,7,1,1,1,1.1,2105.0
11106,2026-09-28,,,,,,,,0,0,1560.0,7.3,9.2,11.9,9.5,4.0,24.0,8.0,,,,4.0,0,,,929.0,927.5,928.0,928.2,,,,,,,45.0,28.0,52.0,42.0,-1,-1,-1,,,,,,,,,,,10,,14,26,20,26,14,20,9,1,1,1,1.1,1613.0
11114,2026-09-28,1.0,,,5.0,0.0,,,0,0,1598.0,11.2,12.5,15.5,13.1,0.0,32.0,0.0,0,0,,5.6,0,0,0,973.2,971.3,971.1,971.9,0,0,,,,,88.0,44.0,78.0,70.0,-1,-1,-1,,,,,-1.0,0,-1.0,20000.0,25000.0,,10,0,11,23,17,25,10,18,6,0,1,0,0.4,1201.0
11115,2026-09-28,1.0,0.0,0.0,3.0,1.0,2.0,20.0,0,0,1591.0,9.2,12.5,14.8,12.2,8.0,32.0,0.0,0,0,0,6.1,0,0,0,970.1,968.0,968.2,968.8,0,0,,,,,68.0,39.0,69.0,59.0,-1,-1,-1,,,,,-1.0,0,-1.0,30000.0,30000.0,30000.0,11,0,11,25,19,26,11,18,8,1,2,0,1.2,2109.0
11116,2026-09-28,,,,,,,,0,0,,6.9,9.4,10.2,8.8,8.0,20.0,8.0,,,,4.6,0,,,,,,,,,,,,,45.0,38.0,61.0,48.0,-1,-1,-1,,,,,,,,,,,9,,14,21,15,22,13,17,,2,2,1,2.1,627.0
11135,2026-09-28,,,,,,,,0,0,1552.0,8.9,12.8,12.3,11.3,16.0,20.0,16.0,,,,5.1,0,,,939.2,937.7,937.9,938.3,,,,,,,69.0,41.0,51.0,54.0,-1,-1,-1,,,,,,,,,,,10,,11,25,21,26,10,18,6,1,1,2,1.6,1743.0
11146,2026-09-28,,,,,,,,0,0,1637.0,10.6,15.1,14.6,13.4,12.0,28.0,12.0,,,,5.3,0,,,974.0,972.3,972.0,972.8,,,,,,,82.0,61.0,63.0,69.0,-1,-1,-1,,,,,,,,,,,11,,11,21,20,23,10,17,,1,2,1,1.6,1049.0
11200,2026-09-28,,,,,,,,,,,,,,,,,,,,,,0,,,,,,,,,,,,,,,,,,,,,,,,,,,,,,,,,,,,,,,,,,,
11203,2026-09-28,,,,,,,,0,0,1569.0,9.1,11.1,12.9,11.0,12.0,20.0,12.0,,,,4.2,0,,,926.4,924.3,925.1,925.3,,,,,,,88.0,34.0,77.0,66.0,-1,-1,-1,,,,,,,,,,,9,,7,26,15,26,6,16,4,1,1,1,1.1,1400.0
11301,2026-09-28,,,,,,,,0,0,1557.0,6.8,9.0,10.7,8.8,12.0,4.0,8.0,,,,7.8,0,,,883.2,882.0,882.4,882.5,,,,,,,41.0,30.0,58.0,43.0,-1,-1,-1,,,,,,,,,,,9,,15,24,16,24,12,18,,2,1,1,1.6,2253.0
11305,2026-09-28,,,,,,,,0,0,1673.0,6.7,9.0,10.3,8.7,24.0,16.0,0.0,,,,7.6,0,,,860.4,858.9,859.5,859.6,,,,,,,63.0,33.0,60.0,52.0,-1,-1,-1,,,,,,,,,,,9,,8,23,15,24,7,16,4,1,2,0,1.2,1451.0
11306,2026-09-28,,,,,,,,,,,,,,,,,,,,,,0,,,,,,,,,,,,,,,,,,,,,,,,,,,,,,,,,,,,,,,,,,,
11311,2026-09-28,,,,,,,,0,0,1620.0,7.8,10.1,11.1,9.7,0.0,4.0,0.0,,,,7.7,0,,,,,,,,,,,,,59.0,36.0,68.0,54.0,-1,-1,-1,,,,,,,,,,,9,,11,23,14,24,10,17,,0,3,0,1.5,1322.0
11401,2026-09-28,,,,0.0,0.0,0.0,0.0,,,,,,,,,,,1,0,0,,0,0,0,,,,,0,0,,,,,,,,,-1,-1,-1,0,0,0,,-1.0,0,-1.0,15000.0,15000.0,15000.0,,1,,,,,,,,,,,,
11402,2026-09-28,,,,,,,,0,0,1631.0,7.4,9.1,11.2,9.2,28.0,4.0,24.0,,,,7.5,0,,,900.3,897.1,898.5,898.6,,,,,,,79.0,28.0,67.0,58.0,-1,-1,-1,,,,,,,,,,,9,,6,26,15,26,5,15,4,1,2,1,1.6,1613.0
11410,2026-09-28,,,,,,,,0,0,1633.0,7.6,10.3,11.1,9.7,12.0,24.0,12.0,,,,6.1,0,,,898.5,897.0,897.4,897.6,,,,,,,83.0,33.0,75.0,64.0,-1,-1,-1,,,,,,,,,,,10,,6,25,13,25,4,15,0,1,2,1,1.6,1309.0
11505,2026-09-28,,,,,,,,0,0,1562.0,7.6,12.6,12.7,11.0,16.0,28.0,32.0,,,,8.6,0,,,926.5,924.2,924.6,925.1,,,,,,,63.0,40.0,74.0,59.0,-1,-1,-1,,,,,,,,,,,10,,10,25,15,25,9,17,2,2,3,1,2.8,1453.0
11506,2026-09-28,,,0.0,0.0,0.0,1.0,,,,,,,,,,,,1,0,0,,0,,0,,,,,,,,,,,,,,,,-1,-1,,0,0,,-1.0,0,-1.0,15000.0,20000.0,15000.0,,,,,,,,,,,,,,
11602,2026-09-28,,,,,,,,,,,,,,,,,,,,,,0,,,,,,,,,,,,,,,,,,,,,,,,,,,,,,,,,,,,,,,,,,,
11603,2026-09-28,,,,,,,,0,0,1612.0,7.2,9.5,11.9,9.5,0.0,32.0,8.0,,,,7.1,0,,,912.1,909.7,910.3,910.7,,,,,,,89.0,27.0,75.0,64.0,-1,-1,-1,,,,,,,,,,,9,,4,27,14,27,4,15,2,0,2,1,1.2,1543.0
11706,2026-09-28,,,,,,,,0,0,1573.0,8.0,10.3,10.7,9.7,20.0,8.0,20.0,,,,4.0,0,,,890.8,888.8,889.2,889.6,,,,,,,92.0,36.0,80.0,69.0,-1,-1,-1,,,,,,,,,,,10,,5,23,11,24,4,14,0,1,1,1,1.1,1611.0
11800,2026-09-28,,,,0.0,0.0,0.0,0.0,,,,,,,,,,,1,0,0,,0,0,0,,,,,0,0,,,,,,,,,-1,-1,-1,0,0,0,,-1.0,0,-1.0,40000.0,40000.0,30000.0,,1,,,,,,,,,,,,
11803,2026-09-28,,,0.0,0.0,0.0,2.0,7.0,0,0,1602.0,10.0,11.1,11.4,10.8,20.0,8.0,4.0,1,0,0,6.0,0,0,0,953.6,949.9,950.2,951.2,0,0,,,,,88.0,34.0,53.0,58.0,-1,-1,-1,0,0,0,,-1.0,0,-1.0,9000.0,12000.0,8000.0,11,1,9,26,19,27,8,18,5,1,2,2,2.1,1429.0
11804,2026-09-28,,,,,,,,0,0,1699.0,9.8,11.9,12.1,11.3,24.0,12.0,12.0,,,,4.5,0,,,956.4,952.5,952.9,953.9,,,,,,,89.0,38.0,64.0,64.0,-1,-1,-1,,,,,,,,,,,11,,8,25,17,26,7,16,4,1,2,1,1.6,1348.0
11901,2026-09-28,,,,,,,,0,0,1588.0,10.1,12.3,13.6,12.0,24.0,8.0,4.0,,,,7.3,0,,,962.5,958.8,959.0,960.1,,,,,,,98.0,41.0,51.0,63.0,-1,-1,-1,,,,,,,,,,,10,,8,24,22,25,7,16,,1,3,3,3.4,1435.0
12015,2026-09-28,,,,,,,,0,0,1658.0,9.3,12.9,11.1,11.1,8.0,20.0,8.0,,,,6.3,0,,,918.2,916.5,916.7,917.1,,,,,,,75.0,48.0,62.0,62.0,-1,-1,-1,,,,,,,,,,,10,,10,22,16,24,10,17,,1,1,2,1.6,1632.0
12016,2026-09-28,,,,,,,,,,,,,,,,,,,,,,,,,,,,,,,,,,,,,,,,,,,,,,,,,,,,,,,,,,,,,,,,,
12203,2026-09-28,,,,,,,,0,0,1627.0,8.7,12.2,11.6,10.8,0.0,24.0,16.0,,,,3.9,0,,,935.5,933.3,933.7,934.2,,,,,,,93.0,39.0,70.0,67.0,-1,-1,-1,,,,,,,,,,,9,,6,25,15,25,6,16,3,0,1,1,0.7,1658.0
12215,2026-09-28,,,,,,,,0,0,1718.0,6.1,7.9,7.0,7.0,24.0,4.0,8.0,,,,5.9,0,,,831.2,831.3,831.0,831.2,,,,,,,39.0,38.0,42.0,40.0,,,,,,,,,,,,,,11,,14,18,15,19,13,16,,3,1,1,2.2,319.0
12216,2026-09-28,,,,,,,,,,,,,,,,,,,,,,0,,,,,,,,,,,,,,,,,-1,-1,-1,,,,,,,,,,,,,,,,,,,,,,,,
12231,2026-09-28,,,,,,,,0,0,1601.0,8.3,12.2,11.3,10.6,0.0,12.0,24.0,,,,5.5,0,,,,,,,,,,,,,98.0,49.0,75.0,74.0,-1,-1,-1,,,,,,,,,,,11,,5,21,13,22,2,12,,0,1,2,1.2,1746.0
12302,2026-09-28,,,,,,,,0,0,1625.0,8.3,11.3,11.2,10.3,28.0,12.0,28.0,,,,4.3,0,,,912.6,910.7,911.2,911.5,,,,,,,89.0,52.0,82.0,74.0,-1,-1,-1,,,,,,,,,,,9,,6,19,12,20,5,13,3,1,1,1,1.1,1206.0
12311,2026-09-28,,,,,,,,0,0,1781.0,6.1,8.4,6.9,7.1,24.0,24.0,4.0,,,,10.2,0,,,812.5,812.7,812.5,812.6,,,,,,,40.0,44.0,45.0,43.0,-1,-1,-1,,,,,,,,,,,12,,13,17,13,18,11,14,,3,1,1,2.2,200.0
12323,2026-09-28,,,,,,,,0,0,,8.2,12.7,12.8,11.2,20.0,12.0,20.0,,,,3.3,0,,,937.8,934.7,935.3,935.9,,,,,,,99.0,48.0,85.0,77.0,-1,-1,-1,,,,,,,,,,,11,,4,22,13,23,2,12,,1,1,1,1.1,2334.0
12351,2026-09-28,,,,,,,,,,,9.3,10.8,11.1,10.4,,,,,,,,0,,,914.2,912.6,912.7,913.2,,,,,,,90.0,36.0,67.0,64.0,-1,-1,-1,,,,,,,,,,,,,7,24,15,24,7,16,,,,,,
12352,2026-09-28,,,,0.0,0.0,0.0,0.0,,,,,,,,,,,1,0,0,,0,0,0,,,,,0,0,,,,,,,,,-1,-1,-1,0,0,0,,-1.0,0,-1.0,20000.0,25000.0,20000.0,,0,,,,,,,,,,,,
12504,2026-09-28,,,,,,,,0,0,1578.0,9.1,10.9,12.7,10.9,12.0,20.0,12.0,,,,4.7,0,,,961.8,957.6,958.5,959.3,,,,,,,93.0,40.0,74.0,69.0,-1,-1,-1,,,,,,,,,,,9,,7,23,15,25,7,16,6,1,1,2,1.6,1848.0
12506,2026-09-28,,,,,,,,,,,,,,,,,,,,,,,,,,,,,,,,,,,,,,,,,,,,,,,,,,,,,,,,,,,,,,,,,
12513,2026-09-28,,,,,,,,0,0,,9.1,11.3,11.5,10.6,0.0,12.0,32.0,,,,3.2,0,,,938.6,935.7,936.2,936.8,,,,,,,88.0,41.0,63.0,64.0,-1,-1,-1,,,,,,,,,,,11,,7,23,16,24,7,16,4,0,1,1,0.7,1637.0
12530,2026-09-28,1.0,1.0,,1.0,1.0,0.0,,0,0,,9.2,12.5,11.7,11.1,0.0,0.0,12.0,1,0,0,4.2,0,0,0,950.0,946.6,947.1,947.9,0,0,,,,,97.0,56.0,68.0,74.0,-1,-1,-1,,0,0,,-1.0,0,-1.0,20000.0,20000.0,20000.0,,1,6,19,15,21,6,13,4,0,0,1,0.4,1710.0
12616,2026-09-28,,,,,,,,0,0,1692.0,7.6,9.7,10.6,9.3,0.0,20.0,0.0,,,,5.3,0,,,929.0,926.0,927.3,927.4,,,,,,,97.0,30.0,80.0,69.0,-1,-1,-1,,,,,,,,,,,11,,3,25,11,27,2,14,1,0,1,0,0.4,1644.0
12711,2026-09-28,,,,0.0,0.0,0.0,0.0,0,0,1752.0,8.8,13.0,9.8,10.5,4.0,12.0,28.0,0,0,0,4.5,0,0,0,887.8,887.0,887.5,887.4,0,0,,,,,75.0,57.0,64.0,65.0,-1,-1,-1,0,0,0,,-1.0,0,-1.0,29000.0,43000.0,12000.0,11,1,9,20,13,22,7,15,3,1,1,1,1.1,1451.0
12720,2026-09-28,,,,,,,,0,0,1820.0,,,,,4.0,32.0,24.0,,,,11.8,0,,,,,,,,,,,,,,,,,,,,,,,,,,,,,,11,,,,,,,,,1,1,1,1.1,247.0
12721,2026-09-28,,,,,,,,,,,4.4,5.4,6.3,5.4,,,,,,,,0,,,,,,,,,,,,,43.0,44.0,62.0,50.0,-1,-1,-1,,,,0.0,,,,,,,,,7,10,7,11,6,8,,,,,,
12811,2026-09-28,,,,,,,,0,0,1679.0,8.0,11.8,11.1,10.3,24.0,4.0,28.0,,,,4.5,0,,,936.2,933.7,934.5,934.8,,,,,,,86.0,47.0,73.0,69.0,-1,-1,-1,,,,,,,,,,,10,,6,21,13,22,4,13,2,1,1,1,1.1,1527.0
13116,2026-09-28,,,,,,,,0,0,1609.0,9.5,12.2,11.2,11.0,24.0,12.0,24.0,,,,5.5,0,,,925.1,924.2,925.1,924.8,,,,,,,93.0,52.0,82.0,76.0,-1,-1,-1,,,,,,,,,,,10,,7,20,12,21,3,12,2,1,1,2,1.6,1959.0
13120,2026-09-28,,,,,,,,0,0,1565.0,8.0,12.3,11.8,10.7,8.0,12.0,24.0,,,,7.5,0,,,939.2,937.4,938.7,938.4,,,,,,,94.0,51.0,80.0,75.0,-1,-1,-1,,,,,,,,,,,10,,5,21,13,21,4,12,3,1,3,1,2.2,1308.0
13302,2026-09-28,,,,,,,,,,,,,,,,,,,,,,,,,,,,,,,,,,,,,,,,,,,,,,,,,,,,,,,,,,,,,,,,,
13308,2026-09-28,,,,,,,,0,0,1409.0,,,,,32.0,16.0,4.0,,,,6.1,0,,,976.0,974.6,975.8,975.5,,,,,,,,,,,,,,,,,,,,,,,,9,,,,,,,,,1,1,1,1.1,1253.0
13312,2026-09-28,,,,,,,,0,0,1598.0,9.3,11.8,11.8,11.0,16.0,8.0,4.0,,,,6.4,0,,,962.5,959.9,961.1,961.2,,,,,,,92.0,42.0,68.0,67.0,-1,-1,-1,,,,,,,,,,,8,,7,23,15,23,7,15,4,1,2,2,2.1,1522.0
13401,2026-09-28,,,,,,,,0,0,1484.0,9.8,11.7,12.5,11.3,24.0,24.0,4.0,,,,6.2,0,,,965.8,963.5,964.8,964.7,,,,,,,99.0,44.0,80.0,74.0,-1,-1,-1,,,,,,,,,,,9,,7,22,14,23,4,14,2,1,1,1,1.1,1527.0
13515,2026-09-28,,,,,,,,0,0,1655.0,10.5,10.6,9.7,10.3,0.0,16.0,20.0,,,,5.9,0,,,906.8,907.1,907.8,907.2,,,,,,,85.0,52.0,70.0,69.0,-1,-1,-1,,,,,,,,,,,11,,10,18,12,18,8,13,4,0,2,1,1.2,1301.0
13605,2026-09-28,,,,,,,,0,0,1662.0,8.6,10.0,10.8,9.8,0.0,16.0,4.0,,,,7.9,0,,,985.7,984.9,985.6,985.4,,,,,,,84.0,35.0,68.0,62.0,-1,-1,-1,,,,,,,,,,,11,,7,23,14,24,6,15,5,0,2,1,1.2,1153.0
13606,2026-09-28,,,,,,,,0,0,1669.0,10.3,11.0,10.0,10.4,24.0,12.0,28.0,,,,8.7,0,,,944.7,944.6,945.4,944.9,,,,,,,75.0,44.0,61.0,60.0,-1,-1,-1,,,,,,,,,,,11,,12,21,14,21,9,15,4,1,3,1,2.2,1150.0
13640,2026-09-28,,,,,,,,0,0,1569.0,10.2,10.7,11.3,10.7,0.0,16.0,28.0,,,,6.0,0,,,972.9,972.5,973.1,972.8,,,,,,,95.0,41.0,80.0,72.0,-1,-1,-1,,,,,,,,,,,10,,8,22,12,23,7,15,4,0,2,1,1.2,1211.0
13702,2026-09-28,,,,,,,,0,0,1748.0,9.7,9.9,9.2,9.6,20.0,16.0,4.0,,,,6.9,0,,,951.4,951.6,952.0,951.7,,,,,,,66.0,41.0,53.0,53.0,-1,-1,-1,,,,,,,,,,,11,,13,21,15,21,12,17,,1,2,1,1.6,1019.0
13707,2026-09-28,,,,,,,,0,0,,9.8,11.1,11.1,10.7,32.0,16.0,32.0,,,,7.1,0,,,,,,,,,,,,,90.0,41.0,68.0,66.0,-1,-1,-1,0,0,0,,,,,,,,11,,8,23,14,23,6,15,3,1,2,1,1.6,1316.0
13811,2026-09-28,,,,,,,,0,0,,11.3,9.7,9.9,10.3,28.0,16.0,28.0,,,,6.5,0,,,988.5,988.1,988.6,988.4,,,,,,,72.0,35.0,52.0,53.0,-1,-1,-1,,,,,,,,,,,11,,14,23,17,24,9,16,6,2,2,1,2.1,1343.0
13907,2026-09-28,,,,,,,,0,0,1579.0,10.2,11.0,10.1,10.4,24.0,16.0,32.0,,,,6.8,0,,,1001.0,1000.3,1000.8,1000.7,,,,,,,84.0,35.0,66.0,62.0,-1,-1,-1,,,,,,,,,,,10,,10,25,13,25,6,15,3,1,2,1,1.6,1144.0
14103,2026-09-28,,,,,,,,0,0,1562.0,8.7,10.2,13.0,10.6,8.0,24.0,12.0,,,,7.3,0,,,955.2,953.0,954.0,954.1,,,,,,,66.0,30.0,60.0,52.0,-1,-1,-1,,,,,,,,,,,10,,11,26,19,27,11,19,8,1,2,1,1.6,1506.0
14105,2026-09-28,,,,,,,,,,,,,,,,,,,,,,0,,,,,,,,,,,,,,,,,,,,,,,,,,,,,,,,,,,,,,,,,,,
14115,2026-09-28,,,,,,,,0,0,1355.0,7.9,8.3,10.4,8.9,16.0,4.0,16.0,,,,5.2,0,,,904.9,903.6,904.6,904.4,,,,,,,57.0,27.0,64.0,49.0,-1,-1,-1,,,,,,,,,,,7,,12,25,14,25,11,18,,2,2,2,2.7,36.0
14301,2026-09-28,,,,,,,,,,,,,,,,,,,,,,,,,,,,,,,,,,,,,,,,,,,,,,,,,,,,,,,,,,,,,,,,,
14302,2026-09-28,,,,,,,,0,0,1537.0,6.4,7.5,9.4,7.8,24.0,4.0,20.0,,,,6.3,0,,,878.7,876.0,877.0,877.2,,,,,,,68.0,25.0,59.0,51.0,-1,-1,-1,,,,,,,,,,,8,,6,24,14,25,6,15,1,1,1,1,1.1,1522.0
14305,2026-09-28,,,,,,,,0,0,1717.0,4.6,6.4,7.7,6.2,8.0,8.0,8.0,,,,8.5,0,,,799.3,799.1,799.2,799.2,,,,,,,33.0,32.0,48.0,38.0,-1,-1,-1,,,,0.0,,,,,,,11,,12,18,14,18,11,15,,3,3,4,5.3,1847.0
14308,2026-09-28,,,,,,,,0,0,,4.3,5.1,6.3,5.2,32.0,12.0,8.0,,,,5.6,0,,,,,,,,,,,,,41.0,34.0,50.0,42.0,,,,,,,,,,,,,,,,8,13,10,14,7,11,,2,1,1,1.6,0.0
14310,2026-09-28,,,,0.0,0.0,0.0,0.0,,,,,,,,,,,1,0,0,,0,0,0,,,,,0,0,,,,,,,,,,-1,-1,,0,0,,-1.0,0,-1.0,15000.0,25000.0,15000.0,,1,,,,,,,,,,,,
14311,2026-09-28,,,,,,,,0,0,1538.0,7.2,8.7,10.4,8.8,4.0,16.0,4.0,,,,6.0,0,,,885.7,884.5,885.4,885.2,,,,,,,48.0,33.0,61.0,47.0,-1,-1,-1,,,,,,,,,,,8,,13,22,15,23,12,17,,2,1,2,2.1,29.0
14403,2026-09-28,,,,,,,,0,0,1505.0,8.0,9.1,10.9,9.3,20.0,32.0,16.0,,,,8.0,0,,,932.0,927.6,928.6,929.4,,,,,,,66.0,26.0,56.0,49.0,-1,-1,-1,,,,,,,,,,,8,,10,27,17,28,10,19,7,2,1,1,1.6,1423.0
14513,2026-09-28,,,,0.0,,,,0,0,1627.0,8.6,8.7,10.6,9.3,4.0,16.0,32.0,1,,,4.9,0,,,935.6,931.6,932.2,933.1,,,,,,,88.0,26.0,56.0,57.0,-1,-1,-1,,0,,,-1.0,0,-1.0,20000.0,,,9,,7,26,17,27,6,17,,1,1,1,1.1,1546.0
14521,2026-09-28,,1.0,,0.0,1.0,,,0,0,1397.0,8.6,8.8,10.4,9.3,20.0,4.0,20.0,0,0,0,10.7,0,0,0,,,,,0,0,,,,,89.0,25.0,51.0,55.0,-1,-1,-1,0,0,0,,-1.0,0,-1.0,25000.0,35000.0,3000.0,7,1,7,27,18,27,6,17,2,1,1,2,1.6,1516.0
14602,2026-09-28,,,,,,,,,,,,,,,,,,,,,,0,,,,,,,,,,,,,,,,,,,,,,,,,,,,,,,,,,,,,,,,,,,
14603,2026-09-28,,,,,,,,0,0,1531.0,8.7,10.1,12.1,10.3,0.0,4.0,24.0,,,,6.8,0,,,947.9,944.0,944.5,945.5,,,,,,,93.0,30.0,67.0,63.0,-1,-1,-1,,,,,,,,,,,9,,6,26,16,27,5,16,2,0,2,1,1.2,1610.0
14621,2026-09-28,,,,,,,,,,,,,,,,,,,,,,0,,,,,,,,,,,,,,,,,,,,,,,,,,,,,,,,,,,,,,,,,,,
14622,2026-09-28,,,,,,,,0,0,1132.0,7.2,8.7,9.2,8.4,0.0,32.0,0.0,,,,5.9,0,,,862.9,860.7,861.8,861.8,,,,,,,91.0,33.0,80.0,68.0,-1,-1,-1,,,,,,,,,,,5,,4,22,9,22,3,13,,0,2,0,0.9,1334.0
14631,2026-09-28,,,,,,,,0,0,1422.0,8.3,9.2,10.5,9.3,12.0,28.0,12.0,,,,4.9,0,,,906.4,903.8,904.4,904.9,,,,,,,81.0,32.0,69.0,61.0,-1,-1,-1,,,,,,,,,,,7,,7,23,13,25,7,16,3,1,2,1,1.6,11.0
14701,2026-09-28,,,,,,,,0,0,1346.0,8.8,11.5,10.6,10.3,20.0,8.0,20.0,,,,6.1,0,,,,,,,,,,,,,77.0,39.0,67.0,61.0,-1,-1,-1,,,,,,,,,,,7,,9,24,14,25,7,16,4,2,1,2,2.1,1807.0
14802,2026-09-28,,,,,,,,0,0,1575.0,8.6,8.6,9.3,8.8,12.0,12.0,12.0,,,,7.2,0,,,867.5,865.7,866.6,866.6,,,,,,,75.0,38.0,56.0,56.0,,-1,-1,,,,,,,,,,,8,,9,20,15,23,8,15,,1,2,2,2.1,2325.0
14812,2026-09-28,,,,,,,,0,0,1736.0,4.6,6.8,7.6,6.3,32.0,8.0,4.0,,,,9.8,0,,,784.3,784.4,784.2,784.3,,,,,,,34.0,43.0,52.0,43.0,-1,-1,-1,,,,,,,,,,,11,,11,14,13,15,10,13,,2,2,3,3.3,2322.0
14822,2026-09-28,,,,,,,,0,0,1524.0,9.3,11.8,11.0,10.7,16.0,8.0,16.0,,,,4.2,0,,,918.2,915.9,916.0,916.7,,,,,,,71.0,43.0,60.0,58.0,-1,-1,-1,,,,,,,,,,,10,,11,23,16,23,11,17,8,1,1,2,1.6,136.0
14825,2026-09-28,,,,,,,,0,0,1525.0,6.7,11.1,9.8,9.2,4.0,20.0,8.0,,,,3.4,0,,,861.6,860.0,860.8,860.8,,,,,,,80.0,43.0,79.0,67.0,-1,-1,-1,,,,,,,,,,,9,,4,22,10,23,4,13,,1,1,1,1.1,1323.0
14833,2026-09-28,,,,,,,,0,0,1509.0,8.7,10.9,11.1,10.2,12.0,32.0,12.0,,,,6.8,0,,,907.5,904.6,905.6,905.9,,,,,,,82.0,40.0,70.0,64.0,-1,-1,-1,,,,,,,,,,,8,,8,23,14,23,8,15,7,2,2,1,2.1,1439.0
14834,2026-09-28,,,,0.0,,0.0,,,,,,,,,,,,0,,0,,0,0,0,,,,,0,0,,,,,,,,,-1,,,,,,,-1.0,0,-1.0,20000.0,,20000.0,,0,,,,,,,,,,,,
14912,2026-09-28,,,,,,,,0,0,,7.4,9.6,9.4,8.8,20.0,20.0,20.0,,,,4.4,0,,,,,,,,,,,,,72.0,46.0,75.0,64.0,-1,-1,-1,,,,,,,,,,,6,,7,18,10,20,6,13,,1,1,2,1.6,1314.0
15001,2026-09-28,,,,0.0,0.0,0.0,0.0,,,,,,,,,,,1,1,1,,0,0,0,,,,,0,0,,,,,,,,,-1,-1,-1,0,0,0,,-1.0,0,-1.0,20000.0,20000.0,20000.0,,0,,,,,,,,,,,,
15002,2026-09-28,,,,,,,,0,0,1516.0,9.9,13.9,12.3,12.0,24.0,16.0,24.0,,,,5.0,0,,,950.0,947.0,947.5,948.2,,,,,,,92.0,46.0,72.0,70.0,-1,-1,-1,,,,,,,,,,,9,,8,24,15,25,8,16,5,1,1,1,1.1,1602.0
15105,2026-09-28,,,,,,,,0,0,1625.0,8.4,10.2,10.8,9.8,24.0,12.0,28.0,,,,2.9,0,,,909.3,907.6,907.9,908.3,,,,,,,82.0,39.0,71.0,64.0,-1,-1,-1,,,,,,,,,,,8,,7,22,13,22,7,15,5,1,1,1,1.1,1137.0
15210,2026-09-28,,,,,,,,0,0,1590.0,8.6,11.0,11.0,10.2,28.0,12.0,28.0,,,,4.0,0,,,889.8,888.8,890.1,889.6,,,,,,,80.0,51.0,72.0,68.0,-1,-1,-1,,,,,,,,,,,9,,8,19,13,21,8,14,3,1,2,1,1.6,1232.0
15300,2026-09-28,,,,,,,,,,,,,,,,,,,,,,,,,,,,,,,,,,,,,,,,,,,,,,,,,,,,,,,,,,,,,,,,,
15321,2026-09-28,0.0,,,1.0,0.0,0.0,3.0,0,0,1660.0,4.7,5.8,6.9,5.8,32.0,32.0,16.0,2,1,1,10.7,0,0,0,778.1,778.5,778.2,778.3,0,0,,,,,45.0,36.0,56.0,46.0,-1,-1,-1,0,0,0,,-1.0,0,-1.0,50000.0,50000.0,50000.0,9,0,8,14,10,15,7,11,,1,2,1,1.6,2318.0
15344,2026-09-28,,,,,,,,0,0,1578.0,7.9,12.0,11.2,10.4,4.0,20.0,0.0,,,,4.9,0,,,873.2,872.5,873.6,873.1,,,,,,,78.0,57.0,83.0,73.0,-1,-1,-1,,,,0.0,,,,,,,8,,7,18,11,20,6,13,3,1,2,0,1.2,1252.0
15402,2026-09-28,,,,,,,,0,0,1298.0,7.1,12.0,10.6,9.9,16.0,32.0,16.0,,,,4.4,0,,,916.9,914.6,915.5,915.7,,,,,,,87.0,44.0,80.0,70.0,-1,-1,-1,,,,,,,,,,,6,,4,23,11,23,4,13,1,1,2,1,1.6,1332.0
15411,2026-09-28,1.0,,,3.0,0.0,0.0,10.0,0,0,1262.0,4.0,5.0,6.1,5.0,32.0,32.0,28.0,1,0,0,15.6,0,0,0,705.8,706.9,706.7,706.5,0,0,,,,,51.0,57.0,72.0,60.0,,-1,-1,,0,0,0.0,-1.0,0,-1.0,80000.0,90000.0,80000.0,7,0,4,5,5,6,3,5,,4,3,2,4.7,40.0
15430,2026-09-28,,,,,,,,0,0,888.0,6.6,7.0,7.4,7.0,8.0,20.0,8.0,,,,3.3,0,,,845.4,845.3,845.2,845.3,,,,,,,51.0,33.0,46.0,43.0,-1,-1,-1,,,,,,,,,,,4,,11,19,14,20,11,15,,1,1,1,1.1,1813.0
15501,2026-09-28,,,,,,,,0,0,1356.0,8.1,9.3,10.1,9.2,12.0,32.0,16.0,,,,5.0,0,,,900.7,899.0,899.3,899.7,,,,,,,91.0,39.0,71.0,67.0,-1,-1,-1,,,,,,,,,,,6,,5,20,12,22,5,13,,1,1,2,1.6,1712.0
15506,2026-09-28,,,,,,,,,,,,,,,,,,,,,,,,,,,,,,,,,,,,,,,,,,,,,,,,,,,,,,,,,,,,,,,,,
15509,2026-09-28,,,,,,,,0,0,,8.4,8.9,10.2,9.2,0.0,8.0,24.0,,,,4.5,0,,,,,,,,,,,,,97.0,36.0,75.0,69.0,-1,-1,-1,,,,,,,,,,,7,,5,21,12,21,4,13,1,0,1,1,0.7,1454.0
15610,2026-09-28,,,,,,,,0,0,1533.0,6.3,6.7,10.4,7.8,28.0,24.0,12.0,,,,8.6,0,,,833.0,833.1,833.4,833.2,,,,,,,47.0,34.0,77.0,53.0,-1,-1,-1,,,,,,,,,,,10,,11,17,12,19,7,13,,1,2,3,2.8,2001.0
15640,2026-09-28,,,,,,,,0,0,1529.0,5.6,6.3,10.1,7.3,4.0,20.0,20.0,,,,9.4,0,,,,,,,,,,,,,43.0,35.0,86.0,55.0,-1,-1,-1,,,,0.0,,,,,,,7,,11,16,9,17,6,12,,2,3,1,2.8,1033.0
15702,2026-09-28,,,,,,,,0,0,1536.0,8.2,12.5,10.8,10.5,12.0,12.0,24.0,,,,11.8,0,,,905.6,903.0,904.8,904.5,,,,,,,100.0,51.0,79.0,77.0,-1,-1,-1,,,,,,,,,,,8,,4,21,12,22,2,12,,1,2,1,1.6,1552.0
15712,2026-09-28,2.0,,,10.0,0.0,0.0,33.0,0,0,1557.0,8.9,11.8,11.8,10.8,32.0,8.0,8.0,0,0,0,8.3,0,0,1,908.9,906.0,908.0,907.6,0,0,,,,,99.0,46.0,67.0,71.0,-1,-1,-1,,0,0,,-1.0,0,-1.0,300.0,50000.0,15000.0,8,1,5,22,16,22,4,13,2,1,3,2,2.8,1421.0
15715,2026-09-28,,,,,,,,0,0,1585.0,8.0,9.8,11.0,9.6,28.0,16.0,16.0,,,,7.2,0,,,843.8,844.0,844.8,844.2,,,,,,,80.0,53.0,87.0,73.0,-1,-1,-1,,,,,,,,,,,9,,7,16,11,17,6,11,1,1,3,2,2.8,1327.0
15721,2026-09-28,,,,,,,,0,0,1607.0,8.9,11.5,11.2,10.5,0.0,12.0,32.0,,,,8.0,0,,,894.7,892.6,894.3,893.9,,,,,,,100.0,43.0,81.0,75.0,-1,-1,-1,,,,,,,,,,,8,,5,22,12,23,4,13,3,0,2,1,1.2,1608.0
15901,2026-09-28,,,,,,,,0,0,1559.0,8.1,12.6,12.0,10.9,0.0,12.0,0.0,,,,5.0,0,,,929.7,927.6,929.0,928.8,,,,,,,92.0,52.0,78.0,74.0,-1,-1,-1,,,,,,,,,,,10,,5,21,14,21,5,13,,0,1,0,0.4,1300.0
15912,2026-09-28,,,,,,,,0,0,1655.0,9.4,12.1,10.8,10.8,12.0,12.0,8.0,,,,7.8,0,,,879.8,879.5,880.3,879.9,,,,,,,93.0,59.0,72.0,75.0,-1,-1,-1,,,,,,,,,,,10,,7,18,13,19,6,12,,1,3,2,2.8,1413.0
15920,2026-09-28,,,,,,,,0,0,1630.0,8.4,13.2,12.3,11.3,24.0,8.0,8.0,,,,10.1,0,,,931.9,929.3,930.9,930.7,,,,,,,92.0,47.0,73.0,71.0,-1,-1,-1,,,,,,,,,,,11,,6,23,15,23,5,14,,1,2,3,2.8,1623.0
16015,2026-09-28,,,,,,,,0,0,1595.0,8.1,12.0,12.0,10.7,32.0,16.0,20.0,,,,9.0,0,,,925.6,924.1,925.1,924.9,,,,,,,95.0,53.0,83.0,77.0,-1,-1,-1,,,,,,,,,,,10,,5,20,13,20,4,12,,1,3,1,2.2,1533.0
16101,2026-09-28,1.0,1.0,0.0,1.0,1.0,1.0,10.0,0,0,1571.0,9.3,12.9,11.8,11.3,0.0,8.0,12.0,1,0,0,8.2,0,0,1,947.0,945.1,946.2,946.1,0,0,,,,,100.0,51.0,61.0,71.0,-1,-1,-1,,0,0,,-1.0,0,-1.0,200.0,30000.0,20000.0,9,0,6,21,17,22,4,13,1,0,1,3,1.9,1837.0
16308,2026-09-28,,,,,,,,0,0,1657.0,10.5,12.4,12.7,11.9,0.0,16.0,4.0,,,,5.0,0,,,,,,,,,,,,,89.0,50.0,75.0,71.0,-1,-1,-1,,,,,,,,,,,11,,9,21,15,22,8,15,4,0,2,1,1.2,244.0
16400,2026-09-28,,,,,,,,,,,10.3,11.5,11.2,11.0,0.0,12.0,0.0,,,,,0,,,982.6,981.5,982.0,982.0,,,,,,,89.0,44.0,61.0,65.0,-1,-1,-1,,,,,,,,,,,11,,9,22,16,23,6,14,3,0,2,0,0.9,
16411,2026-09-28,,,,,,,,0,0,1816.0,10.5,11.3,10.5,10.8,28.0,12.0,28.0,,,,5.6,0,,,940.2,940.5,941.2,940.6,,,,,,,80.0,47.0,76.0,68.0,-1,-1,-1,,,,,,,,,,,11,,11,21,12,21,9,15,7,2,1,3,2.8,1351.0
16412,2026-09-28,,,,,,,,,,,,,,,,,,,,,,0,,,,,,,,,,,,,,,,,,,,,,,,,,,,,,,,,,,,,,,,,,,
16413,2026-09-28,,,,,,,,0,0,1611.0,11.0,11.2,12.6,11.6,0.0,16.0,28.0,,,,5.5,0,,,983.5,982.9,983.4,983.3,,,,,,,88.0,40.0,73.0,67.0,-1,-1,-1,,,,,,,,,,,11,,10,23,15,23,8,15,5,0,1,1,0.7,1458.0
16414,2026-09-28,,,,0.0,0.0,,,,,,10.6,10.5,12.8,11.3,,,,1,0,,,0,0,0,981.9,981.3,981.9,981.7,0,0,,,,,91.0,39.0,74.0,68.0,-1,-1,-1,,,,,-1.0,0,-1.0,22000.0,22000.0,,,1,9,22,15,23,8,16,7,,,,,
16421,2026-09-28,,,,,,,,0,0,1684.0,9.0,10.1,8.9,9.3,16.0,12.0,12.0,,,,8.7,0,,,863.7,864.7,865.2,864.5,,,,,,,79.0,68.0,74.0,74.0,-1,-1,-1,,,,,,,,,,,10,,9,13,10,13,8,11,,3,2,3,3.9,737.0
16501,2026-09-28,,,,,,,,0,0,1522.0,10.0,10.3,11.9,10.7,0.0,16.0,4.0,,,,6.8,0,,,980.5,979.9,980.5,980.3,,,,,,,93.0,39.0,75.0,69.0,-1,-1,-1,,,,,,,,,,,10,,8,22,14,23,6,14,,0,2,1,1.2,1236.0
16511,2026-09-28,,,,,,,,0,0,1624.0,11.1,10.7,10.6,10.8,4.0,16.0,12.0,,,,5.4,0,,,963.0,963.0,963.5,963.2,,,,,,,76.0,45.0,53.0,58.0,-1,-1,-1,,,,,,,,,,,11,,13,20,18,21,11,16,9,2,1,1,1.6,1405.0
16601,2026-09-28,,,,,,,,0,0,1567.0,10.0,10.5,11.6,10.7,20.0,12.0,20.0,,,,6.8,0,,,993.1,992.2,992.7,992.7,,,,,,,94.0,39.0,68.0,67.0,-1,-1,-1,,,,,,,,,,,11,,8,22,15,24,6,15,1,1,2,1,1.6,1220.0
16702,2026-09-28,,,,,,,,0,0,1550.0,9.2,11.4,12.0,10.9,24.0,16.0,20.0,,,,6.6,0,,,999.7,998.7,999.1,999.2,,,,,,,90.0,38.0,73.0,67.0,-1,-1,-1,,,,,,,,,,,11,,7,24,15,25,5,15,4,1,2,1,1.6,1221.0
16711,2026-09-28,,,,,,,,0,0,1611.0,9.9,10.3,10.3,10.2,8.0,16.0,16.0,,,,6.1,0,,,977.3,976.9,977.4,977.2,,,,,,,80.0,39.0,49.0,56.0,-1,-1,-1,,,,,,,,,,,11,,10,22,18,23,10,16,8,1,2,2,2.1,1123.0
16800,2026-09-28,,,,,,,,0,0,,9.5,11.0,10.4,10.3,0.0,16.0,0.0,,,,5.3,0,,,,,,,,,,,,,94.0,37.0,68.0,66.0,-1,-1,-1,,,,,,,,,,,10,,7,24,13,24,4,14,2,0,1,0,0.4,1305.0
16906,2026-09-28,,,,,,,,0,0,1517.0,7.9,7.2,10.1,8.4,12.0,28.0,12.0,,,,5.7,0,,,911.0,908.9,910.3,910.1,,,,,,,69.0,24.0,60.0,51.0,-1,-1,-1,,,,,,,,,,,8,,9,24,15,25,8,17,,1,2,2,2.1,1223.0
17002,2026-09-28,,,,,,,,0,0,1509.0,6.0,7.3,8.4,7.2,20.0,4.0,20.0,,,,9.3,0,,,850.3,848.5,849.6,849.5,,,,,,,67.0,27.0,63.0,52.0,-1,-1,-1,,,,,,,,,,,9,,5,22,11,23,5,14,2,1,3,1,2.2,1438.0
17003,2026-09-28,,,0.0,0.0,0.0,2.0,7.0,,,,,,,,,,,0,0,0,,0,0,0,,,,,0,0,,,,,,,,,,-1,-1,,0,0,,-1.0,0,-1.0,10000.0,10000.0,5000.0,,0,,,,,,,,,,,,
17005,2026-09-28,,,,,,,,0,0,1746.0,3.8,4.9,6.3,5.0,8.0,32.0,12.0,,,,5.3,0,,,778.6,778.4,778.7,778.6,,,,,,,32.0,24.0,44.0,33.0,-1,-1,-1,,,,,,,,,,,10,,10,18,12,18,8,13,,2,1,1,1.6,1502.0
17102,2026-09-28,,,,,,,,0,0,1678.0,7.5,9.4,11.1,9.3,12.0,28.0,12.0,,,,11.4,0,,,874.9,871.8,873.3,873.3,,,,,,,88.0,36.0,63.0,62.0,-1,-1,-1,,,,,,,,,,,9,,5,22,16,23,4,14,3,1,1,3,2.2,1929.0
17301,2026-09-28,,,,,,,,0,0,1326.0,5.8,5.8,7.4,6.3,20.0,4.0,20.0,,,,6.4,0,,,814.4,813.3,814.0,813.9,,,,,,,53.0,26.0,54.0,44.0,-1,-1,-1,,,,0.0,,,,,,,6,,8,19,12,20,8,14,,1,2,2,2.1,1436.0
17315,2026-09-28,,,,0.0,,,,0,0,1827.0,,,,,24.0,12.0,24.0,0,,,5.5,0,0,0,730.3,730.5,730.7,730.5,0,0,,,,,,,,,-1,-1,-1,,,,0.0,-1.0,0,-1.0,50000.0,,,10,0,,,,,,,,1,1,1,1.1,1433.0
17320,2026-09-28,,,,,,,,0,0,1934.0,2.9,3.8,4.3,3.7,28.0,16.0,20.0,,,,7.6,0,,,680.1,680.7,680.7,680.5,,,,,,,36.0,32.0,50.0,39.0,,,,,,,,,,,,,,11,,4,10,5,11,3,7,,3,2,1,2.8,14.0
17701,2026-09-28,,,,,,,,,,,7.8,10.2,10.3,9.4,,,24.0,,,,,0,,,870.2,869.3,870.7,870.1,,,,,,,98.0,51.0,86.0,78.0,-1,-1,-1,,,,,,,,,,,,,4,18,10,18,3,11,2,,,1,,
17901,2026-09-28,,,,,,,,0,0,1531.0,10.0,13.7,13.8,12.5,0.0,8.0,12.0,,,,9.5,0,,,947.8,945.1,946.5,946.5,,,,,,,93.0,50.0,68.0,70.0,-1,-1,-1,,,,0.0,,,,,,,8,,8,23,18,24,7,15,4,0,2,2,1.8,1526.0
18001,2026-09-28,,,,,,,,0,0,1423.0,9.3,13.2,12.0,11.5,0.0,20.0,0.0,,,,4.8,0,,,902.7,901.4,903.1,902.4,,,,,,,82.0,57.0,78.0,72.0,-1,-1,-1,,,,,,,,,,,6,,9,20,13,21,8,14,7,0,2,0,0.9,1433.0
18111,2026-09-28,,,,,,,,0,0,1179.0,9.5,13.4,11.0,11.3,28.0,12.0,24.0,,,,5.0,0,,,888.9,888.5,889.7,889.0,,,,,,,92.0,67.0,93.0,84.0,-1,-1,-1,,,,,,,,,,,4,,7,18,9,18,6,12,6,1,1,1,1.1,1336.0
18122,2026-09-28,,,,,,,,0,0,1519.0,10.1,13.2,13.0,12.1,24.0,12.0,0.0,,,,6.3,0,,,945.3,943.4,944.9,944.5,,,,,,,90.0,55.0,81.0,75.0,,-1,-1,,,,,,,,,,,9,,9,21,14,21,8,14,4,1,2,0,1.2,1426.0
18210,2026-09-28,0.0,,,7.0,0.0,0.0,23.0,0,0,1643.0,11.7,13.6,13.2,12.8,4.0,20.0,4.0,1,0,0,4.8,0,0,0,,,,,0,0,,,,,97.0,55.0,80.0,77.0,-1,-1,-1,,,,,-1.0,0,-1.0,60000.0,60000.0,60000.0,10,1,10,21,15,22,9,15,7,1,1,2,1.6,1359.0
18225,2026-09-28,,,,,,,,0,0,1237.0,10.7,14.7,14.4,13.3,28.0,16.0,28.0,,,,4.5,0,,,962.5,960.2,961.4,961.4,,,,,,,100.0,58.0,90.0,83.0,-1,-1,-1,,,,,,,,,,,7,,8,21,14,22,7,14,4,1,2,1,1.6,1258.0
18231,2026-09-28,,,,,,,,0,0,1568.0,8.7,13.7,12.8,11.7,0.0,20.0,0.0,,,,7.4,0,,,939.7,937.6,939.2,938.8,,,,,,,98.0,58.0,91.0,82.0,-1,-1,-1,,,,,,,,,,,8,,5,20,12,21,5,13,3,0,2,0,0.9,1346.0
18402,2026-09-28,,,,,,,,0,0,1624.0,8.6,12.0,10.9,10.5,4.0,16.0,4.0,,,,7.5,0,,,864.5,864.7,865.4,864.9,,,,,,,99.0,72.0,91.0,87.0,-1,-1,-1,,,,,,,,,,,8,,5,15,10,15,4,10,2,1,3,1,2.2,1313.0
18502,2026-09-28,,,,,,,,0,0,1619.0,9.3,13.2,12.5,11.7,24.0,8.0,20.0,,,,5.5,0,,,943.3,941.5,942.6,942.5,,,,,,,100.0,54.0,92.0,82.0,-1,-1,-1,,,,,,,,,,,9,,6,21,12,21,4,13,3,1,2,1,1.6,1001.0
18601,2026-09-28,,,,,,,,0,0,1563.0,8.9,13.1,13.3,11.8,0.0,12.0,28.0,,,,7.0,0,,,951.3,949.6,950.4,950.4,,,,,,,99.0,54.0,85.0,79.0,-1,-1,-1,,,,,,,,,,,9,,5,21,14,21,5,13,1,0,3,1,1.9,1143.0
18622,2026-09-28,,,,,,,,0,0,1599.0,9.9,13.3,14.2,12.5,28.0,20.0,32.0,,,,4.9,0,,,971.5,969.5,970.1,970.4,,,,,,,98.0,52.0,86.0,79.0,-1,-1,-1,,,,,,,,,,,11,,7,22,15,23,6,15,4,1,2,1,1.6,1349.0
18705,2026-09-28,,,,,,,,0,0,1467.0,9.5,12.5,12.9,11.6,16.0,16.0,32.0,,,,4.2,0,,,978.1,976.2,977.0,977.1,,,,,,,100.0,45.0,83.0,76.0,-1,-1,-1,,,,,,,,,,,9,,6,23,14,24,6,15,5,1,1,1,1.1,1553.0
18805,2026-09-28,,,,,,,,0,0,1696.0,9.9,12.1,11.5,11.2,8.0,20.0,4.0,,,,6.1,0,,,903.8,904.1,904.7,904.2,,,,,,,84.0,59.0,78.0,74.0,-1,-1,-1,,,,,,,,,,,11,,9,18,13,19,8,13,4,1,1,2,1.6,1634.0
18906,2026-09-28,,,,,,,,0,0,1653.0,11.0,11.9,13.0,12.0,0.0,8.0,24.0,,,,7.4,0,,,983.5,982.6,983.2,983.1,,,,,,,95.0,46.0,82.0,74.0,-1,-1,-1,,,,,,,,,,,11,,9,22,14,23,7,15,5,0,1,1,0.7,1357.0
19021,2026-09-28,,,,,,,,0,0,1595.0,10.9,10.2,12.6,11.2,32.0,12.0,20.0,,,,5.3,0,,,993.7,992.5,993.1,993.1,,,,,,,91.0,37.0,78.0,69.0,-1,-1,-1,,,,,,,,,,,11,,10,23,14,23,7,15,5,1,2,1,1.6,1324.0
19204,2026-09-28,,,,,,,,0,0,1599.0,9.2,10.8,11.7,10.6,28.0,16.0,32.0,,,,5.5,0,,,993.3,992.3,992.9,992.8,,,,,,,89.0,38.0,73.0,67.0,-1,-1,-1,,,,,,,,,,,10,,8,23,14,23,7,15,,1,2,1,1.6,1223.0
19205,2026-09-28,,,,,,,,0,0,1590.0,10.5,10.7,11.9,11.0,0.0,16.0,0.0,,,,6.2,0,,,987.0,986.4,986.7,986.7,,,,,,,90.0,40.0,66.0,65.0,-1,-1,-1,,,,,,,,,,,10,,9,22,16,23,7,15,6,0,2,0,0.9,1247.0
19505,2026-09-28,,,,,,,,0,0,1586.0,8.7,11.9,12.0,10.9,24.0,8.0,12.0,,,,7.6,0,,,902.1,900.1,901.6,901.3,,,,,,,90.0,52.0,75.0,72.0,-1,-1,-1,,,,0.0,,,,,,,9,,7,20,14,21,6,13,4,1,2,1,1.6,1330.0
19700,2026-09-28,,,,,,,,0,0,,10.6,14.2,13.8,12.9,0.0,8.0,4.0,,,,5.0,0,,,952.2,949.9,951.3,951.1,,,,,,,94.0,52.0,82.0,76.0,-1,-1,-1,,,,0.0,,,,,,,10,,9,23,15,23,8,15,5,0,1,1,0.7,1541.0
19711,2026-09-28,,,,,,,,0,0,1636.0,10.2,13.2,12.6,12.0,24.0,8.0,32.0,,,,6.6,0,,,,,,,,,,,,,87.0,60.0,81.0,76.0,-1,-1,-1,,,,,,,,,,,10,,9,19,14,19,9,14,,2,2,1,2.1,1515.0
19720,2026-09-28,1.0,,,4.0,,,,0,0,1640.0,11.1,13.8,13.2,12.7,0.0,12.0,0.0,0,,,5.6,0,0,0,942.5,941.0,942.4,942.0,0,0,,,,,96.0,57.0,88.0,80.0,-1,-1,-1,,,,,-1.0,0,-1.0,40000.0,,,9,1,9,21,13,22,7,15,5,0,2,0,0.9,1556.0
19821,2026-09-28,,,,,,,,0,0,1746.0,12.1,15.6,13.6,13.8,4.0,24.0,0.0,,,,5.4,0,,,915.5,914.4,915.7,915.2,,,,,,,99.0,58.0,88.0,82.0,-1,-1,-1,,,,,,,,,,,9,,10,22,14,23,9,16,8,1,2,0,1.2,1304.0
19911,2026-09-28,,,,,,,,0,0,1569.0,10.6,14.4,13.9,13.0,0.0,12.0,8.0,,,,7.8,0,,,959.9,958.0,959.0,959.0,,,,,,,100.0,57.0,86.0,81.0,-1,-1,-1,,,,,,,,,,,9,,8,21,14,21,6,14,5,0,3,1,1.9,1612.0
20002,2026-09-28,,,,,,,,0,0,1631.0,10.6,13.9,11.7,12.1,24.0,12.0,0.0,,,,6.2,0,,,919.9,919.5,920.2,919.9,,,,,,,100.0,68.0,93.0,87.0,-1,-1,-1,,,,,,,,,,,11,,8,18,10,18,6,12,3,1,2,0,1.2,1223.0
20011,2026-09-28,,,,,,,,0,0,1649.0,10.0,14.2,12.1,12.1,28.0,16.0,32.0,,,,9.1,0,,,,,,,,,,,,,96.0,60.0,77.0,78.0,-1,-1,-1,,,,,,,,,,,10,,8,20,14,21,7,14,4,1,3,1,2.2,1404.0
20020,2026-09-28,,,,,,,,,,,,,,,,,,,,,,0,,,,,,,,,,,,,,,,,,,,,,,,,,,,,,,,,,,,,,,,,,,
20021,2026-09-28,,,,,,,,0,0,1779.0,5.2,7.6,9.9,7.6,32.0,0.0,24.0,,,,6.7,0,,,792.2,793.4,793.6,793.1,,,,,,,37.0,55.0,83.0,58.0,-1,-1,-1,,,,0.0,,,,,,,12,,12,12,10,13,9,11,,3,0,1,1.9,547.0
20101,2026-09-28,2.0,2.0,,2.0,1.0,,,0,0,1836.0,10.3,12.0,10.3,10.9,4.0,8.0,8.0,0,0,,8.4,0,0,0,854.5,855.1,855.5,855.0,0,0,,,,,94.0,77.0,90.0,87.0,-1,-1,-1,,,,0.0,-1.0,0,-1.0,80000.0,80000.0,,11,1,8,14,9,15,7,11,4,1,2,3,2.8,2128.0
20105,2026-09-28,,,,,,,,0,0,1517.0,10.6,13.7,11.9,12.1,4.0,20.0,4.0,,,,6.6,0,,,922.6,921.9,922.7,922.4,,,,,,,91.0,67.0,80.0,79.0,-1,-1,-1,,,,,,,,,,,11,,9,18,13,19,8,13,6,2,3,2,3.3,2208.0
20123,2026-09-28,0.0,,0.0,2.0,0.0,2.0,13.0,0,0,1421.0,11.1,14.5,14.7,13.4,16.0,12.0,0.0,1,0,0,5.8,0,0,0,967.7,965.8,966.5,966.7,0,0,,,,,98.0,59.0,84.0,80.0,-1,-1,-1,,,,,-1.0,0,-1.0,20000.0,25000.0,20000.0,8,0,9,21,15,22,8,15,6,1,2,0,1.2,1518.0
20202,2026-09-28,,,,,,,,0,0,1538.0,10.0,13.0,13.1,12.0,8.0,24.0,12.0,,,,4.5,0,,,971.9,969.9,970.3,970.7,,,,,,,99.0,53.0,78.0,77.0,,-1,-1,,,,,,,,,,,9,,7,21,15,22,7,15,5,1,1,1,1.1,1809.0
20209,2026-09-28,,,,,,,,0,0,1560.0,10.2,11.8,14.1,12.0,4.0,4.0,20.0,,,,5.2,0,,,,,,,,,,,,,93.0,49.0,75.0,72.0,-1,-1,-1,,,,,,,,,,,9,,8,21,17,22,8,15,7,1,1,1,1.1,1514.0
20212,2026-09-28,1.0,0.0,,9.0,1.0,0.0,33.0,0,0,1624.0,10.4,13.3,13.5,12.4,0.0,16.0,4.0,1,1,0,5.6,0,0,0,972.9,970.9,971.3,971.7,0,0,,,,,99.0,54.0,76.0,76.0,-1,-1,-1,,,,0.0,-1.0,0,-1.0,350.0,35000.0,30000.0,10,1,8,21,16,22,6,14,5,0,2,1,1.2,1448.0
20220,2026-09-28,,,,,,,,0,0,1435.0,12.8,13.8,15.0,13.9,28.0,12.0,32.0,,,,4.8,0,,,972.5,970.7,971.2,971.5,,,,,,,99.0,56.0,89.0,81.0,-1,-1,-1,,,,,,,,,,,8,,11,21,15,22,10,16,8,1,2,1,1.6,1435.0
20270,2026-09-28,,,,,,,,0,0,1584.0,9.5,13.1,13.7,12.1,8.0,16.0,32.0,,,,4.7,0,,,961.9,960.2,961.0,961.0,,,,,,,91.0,52.0,81.0,75.0,-1,-1,-1,,,,,,,,,,,11,,8,21,15,22,7,14,6,1,2,1,1.6,1404.0
20411,2026-09-28,,,,,,,,0,0,1501.0,9.7,13.3,11.9,11.6,4.0,16.0,4.0,,,,5.2,0,,,971.1,969.1,969.9,970.0,,,,,,,96.0,52.0,68.0,72.0,-1,-1,-1,,,,,,,,,,,8,,7,22,15,22,5,14,3,1,1,1,1.1,1620.0
20412,2026-09-28,,,,,,,,0,0,1578.0,10.1,12.2,11.8,11.4,0.0,4.0,8.0,,,,8.0,0,,,964.3,962.4,963.1,963.3,,,,,,,94.0,47.0,65.0,69.0,-1,-1,-1,,,,,,,,,,,11,,8,22,16,22,5,14,2,0,2,3,2.4,1451.0
20903,2026-09-28,,,,,,,,0,0,1599.0,10.1,11.1,11.6,10.9,24.0,12.0,8.0,,,,7.2,0,,,1000.8,999.7,1000.0,1000.2,,,,,,,94.0,37.0,65.0,65.0,0,-1,0,,,,,,,,,,,11,,8,24,16,25,6,15,,2,2,1,2.1,1232.0
21101,2026-09-28,,,,,,,,0,0,1348.0,9.6,11.0,10.8,10.5,20.0,16.0,16.0,,,,9.6,0,,,900.3,900.2,900.8,900.4,,,,,,,88.0,57.0,71.0,72.0,-1,-1,-1,,,,,,,,,,,6,,8,17,13,17,7,12,5,1,1,2,1.6,1049.0
21300,2026-09-28,,,,0.0,0.0,0.0,0.0,0,0,1547.0,8.8,13.6,13.3,11.9,12.0,24.0,12.0,1,0,0,9.6,0,0,0,953.4,951.6,952.7,952.6,0,0,,,,,96.0,58.0,87.0,80.0,-1,-1,-1,,,,,-1.0,0,-1.0,25000.0,30000.0,35000.0,10,1,6,20,13,21,5,13,3,1,2,1,1.6,1139.0
1,2026-09-29,0.0,,0.0,4.0,0.0,2.0,20.0,0,0,1647.0,10.4,10.3,10.8,10.5,4.0,16.0,28.0,1,0,0,5.8,0,0,0,937.1,936.2,937.0,936.8,0,0,,,,,87.0,44.0,65.0,65.0,-1,-1,-1,,,,,-1.0,0,-1.0,4000.0,7000.0,5000.0,11,0,10,20,15,21,7,14,3,1,1,2,1.6,1015.0
2,2026-09-29,0.0,0.0,0.0,1.0,4.0,2.0,23.0,0,0,1500.0,8.0,12.8,10.8,10.5,20.0,4.0,4.0,1,0,1,11.0,0,0,1,949.7,947.7,949.0,948.8,0,0,,,,,94.0,46.0,67.0,69.0,-1,-1,-1,0,0,0,,-1.0,0,-1.0,30000.0,40000.0,30000.0,9,0,5,23,14,23,5,14,1,1,3,1,2.2,1003.0
3,2026-09-29,,99.0,99.0,0.0,2.0,2.0,13.0,0,0,1591.0,9.4,9.7,8.3,9.1,8.0,12.0,8.0,1,0,0,13.9,0,0,0,954.1,954.6,955.1,954.6,0,0,,,,,74.0,42.0,47.0,54.0,-1,-1,-1,,0,0,,-1.0,0,-1.0,20000.0,40000.0,11000.0,11,0,11,20,16,20,10,15,6,3,4,3,5.3,1314.0
4,2026-09-29,,,,,,,,0,0,1558.0,11.0,11.4,10.6,11.0,4.0,8.0,8.0,,,,11.9,0,,,992.2,991.2,991.5,991.6,,,,,,,82.0,36.0,46.0,55.0,-1,-1,-1,,,,,,,,,,,11,,11,25,20,25,10,18,7,2,3,3,3.9,1453.0
5,2026-09-29,,,,,,,,0,0,,11.1,12.0,11.4,11.5,4.0,12.0,8.0,,,,10.2,0,,,937.6,936.4,937.5,937.2,,,,,,,79.0,44.0,59.0,61.0,0,-1,0,,,,,,,,,,,10,,12,23,17,23,11,17,,2,3,3,3.9,841.0
6,2026-09-29,,,,,,,,0,0,1321.0,10.3,12.6,12.2,11.7,24.0,12.0,0.0,,,,6.1,0,,,921.5,921.4,922.0,921.6,,,,,,,98.0,63.0,94.0,85.0,-1,-1,-1,,,,,,,,,,,8,,8,18,11,18,7,12,4,1,1,0,0.7,1041.0
7,2026-09-29,,,,,,,,0,0,1504.0,8.9,11.0,10.7,10.2,12.0,32.0,16.0,,,,11.5,0,,,900.0,898.8,899.8,899.5,,,,,,,93.0,46.0,55.0,65.0,-1,-1,-1,,,,,,,,,,,7,,6,20,17,22,6,14,,1,2,2,2.1,1728.0
8,2026-09-29,,,,,,,,0,0,1619.0,9.3,9.8,10.7,9.9,0.0,16.0,32.0,,,,7.6,0,,,994.7,994.2,994.7,994.5,,,,,,,90.0,34.0,66.0,63.0,-1,-1,-1,,,,,,,,,,,10,,8,24,14,24,7,15,,0,2,1,1.2,1339.0
9,2026-09-29,,,,,,,,0,0,1538.0,10.7,13.8,13.5,12.7,4.0,16.0,12.0,,,,5.2,0,,,960.9,958.9,959.9,959.9,,,,,,,95.0,47.0,74.0,72.0,-1,-1,-1,,,,,,,,,,,9,,9,24,16,26,8,17,,1,1,1,1.1,1918.0
10,2026-09-29,,,,,,,,0,0,1493.0,9.4,11.8,11.1,10.8,28.0,12.0,8.0,,,,8.3,0,,,932.4,931.0,932.2,931.9,,,,,,,95.0,45.0,58.0,66.0,-1,-1,-1,,,,,,,,,,,11,,7,22,17,22,6,14,,1,3,2,2.8,1105.0
11,2026-09-29,,,,,,,,0,0,1637.0,10.7,9.9,9.5,10.0,24.0,12.0,12.0,,,,6.2,0,,,1002.2,1001.4,1002.1,1001.9,,,,,,,90.0,33.0,55.0,59.0,-1,-1,-1,,,,,,,,,,,11,,10,24,15,25,8,17,,2,2,1,2.1,1225.0
13,2026-09-29,,,,,,,,0,0,1762.0,8.6,8.5,7.0,8.0,8.0,16.0,8.0,,,,8.1,0,,,953.2,953.3,953.8,953.4,,,,,,,53.0,34.0,39.0,42.0,-1,-1,-1,,,,,,,,,,,11,,14,21,16,22,12,17,,1,2,2,2.1,1304.0
14,2026-09-29,,,,,,,,0,0,1535.0,10.1,12.8,13.2,12.0,12.0,12.0,12.0,,,,4.6,0,,,960.8,957.1,958.9,958.9,,,,,,,93.0,42.0,66.0,67.0,-1,-1,-1,,,,,,,,,,,9,,8,24,18,25,8,17,8,1,1,2,1.6,1943.0
15,2026-09-29,,,,,,,,0,0,1436.0,12.5,15.6,14.5,14.2,8.0,28.0,8.0,,,,4.5,0,,,969.9,968.7,969.0,969.2,,,,,,,89.0,56.0,70.0,72.0,-1,-1,-1,,,,,,,,,,,9,,12,23,18,24,12,18,7,1,2,1,1.6,2127.0
16,2026-09-29,,,,,,,,0,0,1603.0,10.6,11.6,11.2,11.1,20.0,12.0,8.0,,,,10.2,0,,,868.0,867.5,868.6,868.0,,,,,,,84.0,62.0,70.0,72.0,-1,-1,-1,,,,0.0,,,,,,,8,,10,17,14,18,10,14,,1,2,3,2.8,1828.0
17,2026-09-29,,,,,,,,0,0,1492.0,9.8,9.6,10.2,9.9,0.0,8.0,4.0,,,,9.2,0,,,,,,,,,,,,,93.0,37.0,54.0,61.0,-1,-1,-1,,,,,,,,,,,11,,8,22,17,22,6,14,,0,3,2,2.4,1420.0
18,2026-09-29,,,,,,,,0,0,1655.0,9.9,8.9,9.4,9.4,8.0,16.0,8.0,,,,8.9,0,,,1007.1,1006.4,1006.8,1006.8,,,,,,,67.0,30.0,51.0,49.0,-1,-1,-1,,,,,,,,,,,11,,13,24,16,25,10,18,7,2,3,2,3.3,1419.0
19,2026-09-29,,,,,,,,0,0,,13.2,13.0,14.5,13.6,0.0,16.0,4.0,,,,2.5,0,,,953.6,953.6,953.6,953.6,,,,,,,90.0,66.0,84.0,80.0,-1,-1,-1,,,,0.0,,,,,,,0,,13,17,15,18,11,15,8,0,1,1,0.7,804.0
20,2026-09-29,,,,,,,,0,0,1580.0,10.0,12.0,12.7,11.6,20.0,32.0,8.0,,,,7.8,0,,,910.9,909.3,910.9,910.4,,,,,,,67.0,37.0,80.0,61.0,-1,-1,-1,,,,,,,,,,,9,,13,26,14,26,9,17,7,1,2,2,2.1,1434.0
21,2026-09-29,,1.0,,0.0,2.0,0.0,7.0,0,0,1544.0,9.2,12.4,12.5,11.4,12.0,24.0,8.0,1,0,0,8.5,0,0,0,954.8,953.7,954.7,954.4,0,0,,,,,96.0,53.0,85.0,78.0,-1,-1,-1,,,,,-1.0,0,-1.0,20000.0,35000.0,35000.0,10,1,6,20,13,21,6,14,4,1,2,1,1.6,1044.0
22,2026-09-29,,,,,,,,0,0,1570.0,10.6,9.6,9.3,9.8,4.0,12.0,4.0,,,,12.4,0,,,1004.7,1003.7,1004.6,1004.3,,,,,,,75.0,32.0,52.0,53.0,-1,-1,-1,0,0,0,,,,,,,,11,,12,24,16,24,10,17,9,2,3,1,2.8,1317.0
23,2026-09-29,,,,,,,,0,0,1665.0,10.9,11.7,10.7,11.1,4.0,8.0,8.0,,,,13.6,0,,,985.5,984.8,984.8,985.0,,,,,,,76.0,38.0,48.0,54.0,-1,-1,-1,,,,,,,,,,,11,,12,25,19,25,11,18,6,2,5,4,6.2,1442.0
24,2026-09-29,0.0,0.0,0.0,3.0,2.0,1.0,20.0,0,0,1385.0,11.4,14.2,15.2,13.6,0.0,28.0,8.0,0,0,0,6.4,0,0,0,970.1,968.4,969.3,969.3,0,0,,,,,88.0,46.0,68.0,67.0,-1,-1,-1,,,,,-1.0,0,-1.0,30000.0,30000.0,25000.0,9,0,11,25,19,25,11,18,9,0,2,1,1.2,1524.0
25,2026-09-29,,,,,,,,0,0,1658.0,9.8,10.1,8.7,9.5,32.0,16.0,20.0,,,,7.9,0,,,908.5,908.8,909.3,908.9,,,,,,,76.0,48.0,63.0,62.0,-1,-1,-1,,,,,,,,,,,11,,11,18,12,19,9,14,4,1,2,1,1.6,1440.0
26,2026-09-29,,,,,,,,0,0,1629.0,8.3,11.3,9.5,9.7,12.0,8.0,4.0,,,,9.2,0,,,960.3,960.0,960.0,960.1,,,,,,,95.0,37.0,49.0,60.0,-1,-1,-1,,,,,,,,,,,10,,5,24,17,25,4,15,,1,2,2,2.1,1814.0
27,2026-09-29,,,,,,,,0,0,,11.6,12.7,10.7,11.7,12.0,12.0,12.0,,,,9.9,0,,,,,,,,,,,,,87.0,45.0,48.0,60.0,-1,-1,-1,,,,,,,,,,,11,,11,23,19,24,9,17,3,1,3,2,2.8,1339.0
28,2026-09-29,,,,,,,,0,0,1448.0,7.4,7.8,8.7,8.0,20.0,4.0,20.0,,,,9.7,0,,,850.1,848.5,849.9,849.5,,,,,,,83.0,28.0,58.0,56.0,-1,-1,-1,,,,,,,,,,,8,,5,23,13,24,5,14,2,1,1,1,1.1,1709.0
30,2026-09-29,1.0,0.0,,1.0,2.0,,,,,,10.6,10.2,12.1,11.0,,,,1,0,,,0,0,0,983.4,982.9,983.3,983.2,0,0,,,,,90.0,36.0,59.0,62.0,-1,-1,-1,,,,,-1.0,0,-1.0,20000.0,22000.0,,,1,9,23,18,23,9,16,6,,,,,
31,2026-09-29,,,,,,,,0,0,1586.0,9.8,8.7,9.1,9.2,8.0,12.0,12.0,,,,10.7,0,,,1008.4,1008.0,1008.2,1008.2,,,,,,,64.0,29.0,46.0,46.0,-1,-1,-1,,,,,,,,,,,11,,13,24,17,24,9,17,4,3,3,2,3.9,1228.0
32,2026-09-29,,,,,,,,0,0,1583.0,11.1,9.3,7.8,9.4,20.0,12.0,12.0,,,,11.4,0,,,1001.1,1000.4,1001.1,1000.9,,,,,,,82.0,31.0,36.0,50.0,-1,-1,-1,,,,,,,,,,,11,,12,24,19,24,7,16,3,1,4,2,3.5,1321.0
36,2026-09-29,,,,,,,,1,0,1686.0,9.3,8.8,7.7,8.6,12.0,12.0,12.0,,,,17.3,0,,,918.1,918.6,919.0,918.6,,,,,,,62.0,39.0,47.0,49.0,-1,-1,-1,,,,,,,,,,,11,,13,19,14,20,11,16,,4,4,5,7.6,958.0
37,2026-09-29,,,,,,,,0,0,1648.0,9.8,9.6,9.0,9.5,12.0,12.0,12.0,,,,12.4,0,,,996.2,996.0,996.4,996.2,,,,,,,64.0,35.0,45.0,48.0,-1,-1,-1,,,,,,,,,,,11,,13,23,18,23,8,16,3,2,4,2,4.0,1054.0
38,2026-09-29,,,,,,,,0,0,1569.0,9.6,10.9,12.2,10.9,32.0,16.0,24.0,,,,4.6,0,,,934.4,930.9,932.9,932.7,,,,,,,88.0,30.0,56.0,58.0,-1,-1,-1,,,,,,,,,,,9,,8,27,19,28,8,18,,1,1,1,1.1,1516.0
39,2026-09-29,0.0,,,2.0,,,,0,0,1582.0,10.5,13.1,14.0,12.5,24.0,8.0,4.0,1,,,10.6,0,0,0,952.1,949.3,950.9,950.8,0,0,,,,,79.0,37.0,60.0,59.0,-1,-1,-1,,0,,,-1.0,0,-1.0,9000.0,,,11,1,11,27,20,28,11,19,8,2,2,1,2.1,2218.0
40,2026-09-29,,,,0.0,0.0,0.0,0.0,0,0,1536.0,9.5,11.7,11.1,10.8,12.0,4.0,12.0,1,0,0,9.2,0,0,0,944.7,942.7,944.1,943.8,0,0,,,,,96.0,42.0,59.0,66.0,-1,-1,-1,,0,,,-1.0,0,-1.0,15000.0,45000.0,5000.0,10,1,7,23,17,23,6,15,4,1,2,3,2.8,1623.0
42,2026-09-29,,,,,,,,0,0,1549.0,11.2,12.5,15.9,13.2,24.0,8.0,20.0,,,,7.0,0,,,961.1,958.5,959.9,959.8,,,,,,,98.0,40.0,86.0,75.0,-1,-1,-1,,,,,,,,,,,10,,9,25,16,25,9,17,,1,3,1,2.2,1501.0
43,2026-09-29,,,,,,,,0,0,455.0,11.1,11.4,12.2,11.6,0.0,20.0,8.0,,,,3.6,0,,,874.6,875.4,875.7,875.2,,,,,,,88.0,78.0,87.0,84.0,-1,-1,-1,,,,0.0,,,,,,,0,,10,13,12,13,9,11,5,0,1,1,0.7,913.0
44,2026-09-29,,,,,,,,0,0,1493.0,9.0,11.2,11.2,10.5,20.0,8.0,12.0,,,,11.3,0,,,940.5,938.5,939.8,939.6,,,,,,,93.0,45.0,73.0,70.0,-1,-1,-1,,,,,,,,,,,8,,7,21,13,21,5,13,3,1,4,1,3.0,1139.0
46,2026-09-29,,,,,,,,0,0,1604.0,10.5,10.4,9.4,10.1,28.0,8.0,4.0,,,,10.1,0,,,1000.8,1000.2,1000.7,1000.6,,,,,,,77.0,35.0,52.0,55.0,-1,-1,-1,,,,,,,,,,,11,,12,24,16,24,6,15,4,1,3,1,2.2,1251.0
47,2026-09-29,,,,,,,,0,0,1591.0,9.6,11.4,12.0,11.0,24.0,8.0,28.0,,,,3.6,0,,,908.7,907.4,908.4,908.2,,,,,,,87.0,46.0,78.0,70.0,-1,-1,-1,,,,,,,,,,,8,,9,21,14,22,8,15,7,1,1,1,1.1,1314.0
48,2026-09-29,1.0,0.0,1.0,9.0,2.0,2.0,43.0,0,0,1565.0,10.4,11.5,13.5,11.8,28.0,16.0,32.0,1,0,0,5.2,0,0,0,974.3,972.9,973.1,973.4,0,0,,,,,96.0,45.0,79.0,73.0,-1,-1,-1,,,,0.0,-1.0,0,-1.0,300.0,40000.0,35000.0,8,1,8,22,15,22,8,15,6,1,2,1,1.6,1209.0
49,2026-09-29,,,,,,,,0,0,,9.5,9.5,8.8,9.3,0.0,16.0,0.0,,,,6.1,0,,,,,,,,,,,,,92.0,32.0,55.0,60.0,-1,-1,-1,,,,,,,,,,,10,,7,24,14,25,4,14,1,0,2,0,0.9,1602.0
50,2026-09-29,,,,,,,,0,0,1461.0,9.6,12.0,12.3,11.3,20.0,4.0,12.0,,,,12.7,0,,,931.0,927.1,929.3,929.1,,,,,,,69.0,32.0,50.0,50.0,-1,-1,-1,,,,,,,,,,,8,,12,28,21,29,12,20,10,2,1,4,3.5,1836.0
51,2026-09-29,99.0,99.0,,2.0,1.0,0.0,10.0,0,0,1620.0,10.0,9.7,8.9,9.5,4.0,8.0,8.0,0,0,0,13.3,0,0,0,1004.4,1004.3,1004.6,1004.4,0,0,,,,,59.0,33.0,46.0,46.0,-1,-1,-1,,0,0,,-1.0,0,-1.0,60000.0,60000.0,30000.0,11,0,15,24,17,24,13,19,10,4,5,3,6.9,1153.0
52,2026-09-29,,,,,,,,0,0,1601.0,9.8,9.5,8.2,9.2,8.0,8.0,8.0,,,,10.6,0,,,1000.8,1000.3,1000.8,1000.6,,,,,,,60.0,33.0,35.0,43.0,-1,-1,-1,,,,,,,,,,,10,,14,24,20,24,8,16,6,1,3,2,2.8,958.0
53,2026-09-29,,,,,,,,0,0,1585.0,10.4,10.3,9.4,10.0,4.0,12.0,12.0,,,,6.7,0,,,964.6,964.6,965.2,964.8,,,,,,,64.0,41.0,45.0,50.0,-1,-1,-1,,,,,,,,,,,11,,14,21,18,22,12,17,9,2,2,1,2.1,1359.0
54,2026-09-29,,,,,,,,0,0,1608.0,11.8,10.2,12.3,11.4,32.0,12.0,24.0,,,,6.4,0,,,995.2,994.3,994.8,994.8,,,,,,,97.0,36.0,75.0,69.0,-1,-1,-1,,,,,,,,,,,11,,10,23,14,24,7,15,5,1,2,1,1.6,1237.0
55,2026-09-29,,,,,,,,0,0,438.0,12.8,12.8,14.6,13.4,12.0,12.0,12.0,,,,2.2,0,,,949.0,949.1,949.2,949.1,,,,,,,89.0,67.0,84.0,80.0,-1,-1,-1,,,,0.0,,,,,,,0,,12,17,15,18,11,14,7,1,1,1,1.1,1649.0
56,2026-09-29,,,,,,,,0,0,1464.0,10.9,11.5,11.2,11.2,20.0,12.0,4.0,,,,8.3,0,,,991.8,991.1,991.3,991.4,,,,,,,87.0,36.0,51.0,58.0,-1,-1,-1,,,,,,,,,,,11,,10,25,19,26,10,18,7,1,2,1,1.6,1235.0
57,2026-09-29,,,,,,,,0,0,1441.0,9.3,9.7,8.1,9.0,12.0,12.0,12.0,,,,12.3,0,,,959.6,960.1,960.2,960.0,,,,,,,68.0,40.0,44.0,51.0,-1,-1,-1,,,,,,,,,,,10,,12,21,16,22,11,16,9,2,2,2,2.7,1117.0
58,2026-09-29,,,,,,,,0,0,1588.0,9.5,9.2,7.9,8.9,24.0,12.0,0.0,,,,9.7,0,,,1002.9,1002.3,1003.0,1002.7,,,,,,,80.0,30.0,55.0,55.0,-1,-1,-1,,,,,,,,,,,10,,10,25,12,25,7,16,4,1,2,0,1.2,1523.0
59,2026-09-29,,,,,,,,0,0,1635.0,9.9,9.6,10.0,9.8,12.0,12.0,12.0,,,,15.8,0,,,925.2,925.5,925.9,925.5,,,,,,,62.0,42.0,58.0,54.0,-1,-1,-1,,,,,,,,,,,10,,14,20,15,20,12,16,8,3,4,3,5.3,2338.0
60,2026-09-29,,,,,,,,0,0,1592.0,12.2,15.4,12.5,13.4,24.0,8.0,8.0,,,,9.7,0,,,962.7,962.6,962.5,962.6,,,,,,,97.0,63.0,58.0,73.0,-1,-1,-1,,,,,,,,,,,10,,10,21,19,21,9,15,,1,4,2,3.5,1602.0
61,2026-09-29,,,,,,,,0,0,1481.0,10.7,14.3,13.9,13.0,24.0,16.0,24.0,,,,5.2,0,,,948.7,946.4,947.7,947.6,,,,,,,91.0,45.0,77.0,71.0,-1,-1,-1,,,,,,,,,,,9,,9,25,16,26,9,17,6,1,1,1,1.1,1552.0
62,2026-09-29,1.0,1.0,1.0,10.0,10.0,5.0,83.0,0,0,869.0,13.0,14.2,13.5,13.6,4.0,24.0,32.0,1,0,0,3.6,0,0,0,,,,,0,0,,,,,95.0,73.0,88.0,85.0,-1,-1,-1,,,,,-1.0,0,-1.0,60000.0,60000.0,60000.0,2,1,12,17,13,18,10,14,9,1,1,1,1.1,911.0
63,2026-09-29,,,,0.0,0.0,0.0,0.0,0,0,1685.0,8.8,9.6,7.8,8.7,20.0,16.0,20.0,0,0,0,10.9,0,0,0,913.3,913.7,914.3,913.8,0,0,,,,,58.0,48.0,52.0,53.0,-1,-1,-1,,0,0,,-1.0,0,-1.0,6000.0,10000.0,10000.0,10,0,13,18,13,18,12,15,10,3,3,2,3.9,1230.0
64,2026-09-29,,,,,,,,0,0,1534.0,9.0,10.4,11.9,10.4,28.0,16.0,20.0,,,,7.5,0,,,926.9,926.3,926.7,926.6,,,,,,,96.0,45.0,73.0,71.0,-1,-1,-1,,,,,,,,,,,9,,6,20,14,20,6,13,,1,3,1,2.2,1121.0
65,2026-09-29,,,,,,,,0,0,1486.0,10.0,9.3,9.7,9.7,8.0,12.0,12.0,,,,7.3,0,,,1012.6,1011.9,1012.4,1012.3,,,,,,,70.0,30.0,53.0,51.0,-1,-1,-1,,,,,,,,,,,10,,12,25,16,25,8,17,,2,2,1,2.1,1312.0
66,2026-09-29,,,,,,,,0,0,1304.0,6.3,6.6,8.3,7.1,20.0,4.0,0.0,,,,6.5,0,,,814.0,813.1,814.6,813.9,,,,,,,54.0,26.0,72.0,51.0,-1,-1,-1,,,,0.0,,,,,,,6,,9,21,9,22,8,15,,1,1,0,0.7,1234.0
67,2026-09-29,,,,,,,,1,0,1563.0,9.1,8.8,8.1,8.7,12.0,12.0,12.0,,,,16.9,0,,,972.1,972.6,972.7,972.5,,,,,,,63.0,37.0,42.0,47.0,-1,-1,-1,,,,,,,,,,,11,,13,20,17,21,11,16,9,6,5,5,10.2,1232.0
68,2026-09-29,,,,,,,,0,0,1229.0,9.5,10.0,9.9,9.8,12.0,12.0,12.0,,,,11.7,0,,,833.5,834.4,834.5,834.1,,,,,,,98.0,72.0,88.0,86.0,-1,-1,-1,,,,,,,,,,,6,,7,12,9,13,7,10,,4,4,3,6.0,1048.0
69,2026-09-29,,,,,,,,0,0,388.0,11.4,13.1,14.6,13.0,24.0,24.0,12.0,,,,4.5,0,,,946.8,946.8,946.8,946.8,,,,,,,90.0,70.0,85.0,82.0,,-1,-1,,,,,,,,,,,0,,11,17,15,17,9,13,6,1,1,1,1.1,330.0
70,2026-09-29,,,,,,,,0,0,1710.0,10.0,8.8,9.0,9.3,8.0,12.0,8.0,,,,11.9,0,,,1002.2,1001.9,1002.1,1002.1,,,,,,,77.0,31.0,49.0,52.0,-1,-1,-1,,,,,,,,,,,11,,11,23,16,24,7,15,5,1,3,2,2.8,1203.0
71,2026-09-29,,,,,,,,0,0,1689.0,9.8,10.1,10.1,10.0,8.0,20.0,4.0,,,,5.8,0,,,905.5,905.8,906.3,905.9,,,,,,,75.0,52.0,67.0,65.0,-1,-1,-1,,,,,,,,,,,11,,11,17,13,19,9,14,5,1,1,2,1.6,1155.0
72,2026-09-29,,,,,,,,0,0,,9.9,10.2,9.2,9.8,8.0,8.0,8.0,,,,10.5,0,,,956.9,957.0,958.0,957.3,,,,,,,55.0,38.0,46.0,46.0,-1,-1,-1,,,,,,,,,,,9,,16,22,18,23,6,14,4,2,2,2,2.7,605.0
73,2026-09-29,,,,,,,,0,0,1673.0,8.7,12.2,10.6,10.5,0.0,8.0,0.0,,,,10.3,0,,,928.6,926.9,928.1,927.9,,,,,,,96.0,47.0,84.0,76.0,-1,-1,-1,,,,,,,,,,,11,,6,22,11,22,4,13,4,0,4,0,2.3,1358.0
75,2026-09-29,,,,,,,,0,0,1625.0,11.0,13.2,12.1,12.1,8.0,4.0,4.0,,,,9.6,0,,,975.8,975.5,975.3,975.5,,,,,,,80.0,47.0,53.0,60.0,-1,-1,-1,,,,,,,,,,,11,,12,23,20,24,10,17,9,2,3,3,3.9,1334.0
76,2026-09-29,,,,,,,,0,0,1518.0,9.7,14.1,14.7,12.8,16.0,28.0,8.0,,,,9.3,0,,,925.5,924.2,925.3,925.0,,,,,,,80.0,48.0,82.0,70.0,-1,-1,-1,,,,,,,,,,,10,,10,24,16,24,9,17,3,1,4,1,3.0,1319.0
77,2026-09-29,,,,,,,,0,0,1560.0,10.0,10.8,10.2,10.3,4.0,8.0,4.0,,,,10.7,0,,,951.5,951.6,951.9,951.7,,,,,,,75.0,40.0,51.0,55.0,-1,-1,-1,,,,,,,,,,,11,,11,22,18,23,11,17,8,4,3,2,4.7,1454.0
78,2026-09-29,0.0,,,1.0,0.0,,,0,0,1255.0,7.7,12.4,11.9,10.7,16.0,32.0,16.0,1,0,,4.5,0,0,,916.3,914.1,915.7,915.4,0,0,,,,,89.0,42.0,81.0,71.0,-1,-1,-1,,,,,-1.0,0,-1.0,25000.0,25000.0,,6,1,5,24,13,24,4,14,1,1,1,1,1.1,1351.0
80,2026-09-29,,,,,,,,0,0,1596.0,10.2,10.4,10.9,10.5,0.0,12.0,0.0,,,,6.1,0,,,968.7,967.8,969.3,968.6,,,,,,,92.0,37.0,73.0,67.0,-1,-1,-1,0,0,0,,,,,,,,11,,9,23,13,24,6,15,4,0,2,0,0.9,1046.0
81,2026-09-29,,,,,,,,0,0,1646.0,9.6,8.6,8.4,8.9,4.0,8.0,4.0,,,,11.9,0,,,988.2,988.2,988.6,988.3,,,,,,,67.0,31.0,42.0,47.0,-1,-1,-1,,,,,,,,,,,11,,12,23,18,23,11,17,8,3,3,3,4.6,1230.0
82,2026-09-29,0.0,2.0,2.0,1.0,1.0,1.0,10.0,0,0,1650.0,7.0,9.3,9.1,8.5,16.0,16.0,16.0,1,1,1,16.5,0,0,0,777.7,778.1,778.5,778.1,0,0,,,,,59.0,77.0,86.0,74.0,-1,-1,-1,0,0,0,,-1.0,0,-1.0,50000.0,50000.0,35000.0,9,0,10,10,8,16,7,11,,2,4,5,6.2,2043.0
83,2026-09-29,,,,,,,,0,0,1596.0,9.0,13.0,12.7,11.6,28.0,12.0,0.0,,,,5.0,0,,,912.0,910.1,911.3,911.1,,,,,,,89.0,58.0,85.0,77.0,-1,-1,-1,,,,,,,,,,,9,,7,19,13,20,6,13,4,1,2,0,1.2,1255.0
85,2026-09-29,,,,,,,,0,0,1759.0,7.9,9.7,9.9,9.2,24.0,16.0,12.0,,,,5.9,0,,,811.8,812.4,812.7,812.3,,,,,,,53.0,53.0,67.0,58.0,-1,-1,-1,,,,,,,,,,,11,,13,16,13,18,11,15,,3,1,2,2.8,1953.0
86,2026-09-29,,,,,,,,0,0,1671.0,8.8,9.0,8.1,8.6,16.0,16.0,12.0,,,,12.3,0,,,865.4,866.3,866.6,866.1,,,,,,,72.0,59.0,65.0,65.0,-1,-1,-1,,,,,,,,,,,10,,10,13,10,14,8,11,,3,3,4,5.3,2239.0
87,2026-09-29,,,,,,,,0,0,1528.0,8.9,11.7,11.4,10.7,0.0,8.0,24.0,,,,6.8,0,,,889.9,888.5,889.7,889.4,,,,,,,91.0,40.0,78.0,70.0,-1,-1,-1,,,,,,,,,,,10,,7,24,13,24,5,15,2,0,1,1,0.7,1619.0
88,2026-09-29,,,,,,,,0,0,1639.0,9.2,9.2,8.0,8.8,20.0,16.0,20.0,,,,12.7,0,,,912.7,913.1,913.5,913.1,,,,,,,98.0,46.0,48.0,64.0,-1,-1,-1,0,0,0,,,,,,,,10,,6,18,15,18,6,12,5,3,3,3,4.6,1840.0
89,2026-09-29,,,,,,,,0,0,1714.0,6.0,10.0,9.8,8.6,0.0,12.0,32.0,,,,10.2,0,,,965.8,965.5,966.0,965.8,,,,,,,96.0,40.0,77.0,71.0,-1,-1,-1,,,,,,,,,,,11,,0,21,11,21,0,11,-1,0,2,1,1.2,1300.0
90,2026-09-29,,,,,,,,0,0,1395.0,10.1,11.1,12.6,11.3,0.0,12.0,32.0,,,,5.1,0,,,979.8,978.0,978.8,978.9,,,,,,,100.0,39.0,83.0,74.0,-1,-1,-1,,,,,,,,,,,8,,7,23,13,24,6,15,6,0,1,1,0.7,1314.0
91,2026-09-29,,,,,,,,0,0,1558.0,10.0,12.1,11.7,11.3,12.0,12.0,12.0,,,,5.4,0,,,965.7,964.3,964.7,964.9,,,,,,,95.0,47.0,85.0,76.0,-1,-1,-1,,,,,,,,,,,11,,8,22,12,22,6,14,2,1,1,1,1.1,1453.0
92,2026-09-29,,,,,,,,0,0,545.0,10.7,11.4,12.9,11.7,8.0,12.0,24.0,,,,2.8,0,,,906.6,906.5,906.7,906.6,,,,,,,94.0,65.0,86.0,82.0,-1,-1,-1,,,,,,,,,,,0,,9,16,13,16,5,11,,1,1,1,1.1,649.0
93,2026-09-29,,,,,,,,0,0,1673.0,10.5,10.4,9.3,10.1,32.0,8.0,8.0,,,,12.3,0,,,992.4,991.8,992.5,992.2,,,,,,,81.0,35.0,44.0,53.0,-1,-1,-1,,,,,,,,,,,11,,11,24,19,24,8,16,8,2,3,2,3.3,1321.0
94,2026-09-29,,,,,,,,0,0,1816.0,10.6,10.5,10.3,10.5,28.0,12.0,28.0,,,,6.6,0,,,941.9,942.1,942.9,942.3,,,,,,,75.0,42.0,63.0,60.0,-1,-1,-1,,,,,,,,,,,11,,12,21,14,22,10,16,7,2,1,2,2.1,1200.0
95,2026-09-29,,,,,,,,0,0,1581.0,10.8,11.8,13.9,12.2,32.0,20.0,4.0,,,,4.9,0,,,972.9,971.4,971.8,972.0,,,,,,,99.0,44.0,79.0,74.0,-1,-1,-1,,,,,,,,,,,10,,8,22,16,23,7,15,5,1,1,1,1.1,1448.0
97,2026-09-29,,,,,,,,0,0,847.0,10.1,10.2,10.5,10.3,0.0,12.0,8.0,,,,6.9,0,,,881.2,881.5,881.9,881.5,,,,,,,90.0,62.0,70.0,74.0,-1,-1,-1,,,,0.0,,,,,,,3,,9,15,13,15,8,11,,0,2,2,1.8,2118.0
98,2026-09-29,1.0,1.0,1.0,10.0,10.0,10.0,100.0,0,0,506.0,10.0,11.6,13.1,11.6,0.0,24.0,0.0,0,0,0,2.8,0,0,0,909.9,909.9,909.9,909.9,0,0,,,,,88.0,65.0,81.0,78.0,-1,-1,-1,0,0,0,,-1.0,0,-1.0,20000.0,20000.0,15000.0,0,1,9,16,14,16,6,11,4,0,1,0,0.4,1723.0
100,2026-09-29,0.0,,,2.0,0.0,0.0,7.0,0,0,1467.0,11.7,12.6,14.8,13.0,12.0,12.0,12.0,1,0,0,4.1,0,0,0,969.1,967.7,968.2,968.3,0,0,,,,,100.0,50.0,83.0,78.0,-1,-1,-1,,,,,-1.0,0,-1.0,20000.0,25000.0,25000.0,8,0,9,21,16,23,8,15,6,1,2,1,1.6,1307.0
101,2026-09-29,,,,,,,,0,0,1508.0,11.3,13.2,13.1,12.5,8.0,12.0,0.0,,,,5.6,0,,,978.9,977.9,978.6,978.5,,,,,,,92.0,41.0,85.0,73.0,-1,-1,-1,,,,,,,,,,,9,,10,25,14,26,9,17,,1,1,0,0.7,541.0
102,2026-09-29,,,,,,,,0,0,657.0,12.7,14.1,13.7,13.5,8.0,24.0,0.0,,,,4.4,0,,,917.0,917.3,917.6,917.3,,,,,,,93.0,76.0,89.0,86.0,-1,-1,-1,,,,,,,,,,,0,,12,16,13,17,11,14,10,1,2,0,1.2,1022.0
103,2026-09-29,,,,,,,,0,0,1293.0,9.2,12.6,13.6,11.8,24.0,16.0,20.0,,,,3.7,0,,,944.7,943.5,944.1,944.1,,,,,,,100.0,52.0,82.0,78.0,-1,-1,-1,,,,,,,,,,,6,,6,21,15,21,5,13,4,1,1,1,1.1,1337.0
104,2026-09-29,,,,,,,,0,0,1589.0,10.9,11.3,13.5,11.9,4.0,20.0,8.0,,,,9.5,0,,,,,,,,,,,,,95.0,34.0,83.0,71.0,-1,-1,-1,,,,,,,,,,,10,,9,26,14,27,8,17,6,1,2,1,1.6,1103.0
105,2026-09-29,,,,,,,,0,0,1677.0,10.4,9.6,9.0,9.7,12.0,12.0,12.0,,,,13.6,0,,,1001.3,1001.0,1001.3,1001.2,,,,,,,78.0,33.0,42.0,51.0,-1,-1,-1,,,,,,,,,,,11,,11,24,19,24,9,17,4,2,4,3,4.7,1147.0
106,2026-09-29,,,,,,,,0,0,1596.0,10.0,9.5,8.4,9.3,8.0,12.0,8.0,,,,11.2,0,,,999.0,998.6,999.0,998.9,,,,,,,73.0,33.0,40.0,49.0,-1,-1,-1,,,,,,,,,,,11,,12,23,18,24,8,16,,1,3,2,2.8,1415.0
107,2026-09-29,,,,,,,,0,0,1675.0,9.9,9.6,8.6,9.4,16.0,12.0,12.0,,,,12.2,0,,,1002.5,1002.1,1002.5,1002.4,,,,,,,65.0,32.0,40.0,46.0,-1,-1,-1,,,,,,,,,,,11,,13,24,19,24,10,17,6,1,4,3,4.1,1310.0
108,2026-09-29,,,,,,,,1,0,,11.3,11.0,10.3,10.9,8.0,12.0,12.0,,,,17.3,0,,,953.2,952.6,953.4,953.1,,,,,,,81.0,37.0,43.0,54.0,-1,-1,-1,,,,0.0,,,,,,,11,,12,24,20,24,9,17,7,1,4,4,4.9,1950.0
109,2026-09-29,,,,,,,,0,0,,12.2,15.0,14.9,14.0,4.0,24.0,4.0,,,,7.2,0,,,959.0,957.9,958.8,958.6,,,,,,,87.0,52.0,81.0,73.0,-1,-1,-1,,,,,,,,,,,11,,12,24,16,26,11,19,,1,2,1,1.6,922.0
111,2026-09-29,0.0,0.0,0.0,1.0,1.0,2.0,13.0,0,0,1665.0,10.2,12.8,10.5,11.2,8.0,8.0,8.0,1,0,1,10.1,0,0,0,950.7,950.9,950.8,950.8,0,0,,,,,75.0,54.0,51.0,60.0,-1,-1,-1,0,0,0,,-1.0,0,-1.0,30000.0,30000.0,15000.0,11,0,12,20,18,21,11,16,9,3,3,3,4.6,1805.0
112,2026-09-29,0.0,0.0,0.0,1.0,1.0,1.0,10.0,0,0,1565.0,10.2,8.9,7.5,8.9,12.0,16.0,16.0,0,0,0,11.0,0,0,0,992.5,991.9,992.9,992.4,0,0,,,,,73.0,29.0,34.0,45.0,-1,-1,-1,,0,0,,-1.0,0,-1.0,35000.0,45000.0,30000.0,11,0,12,25,19,25,8,17,5,2,3,3,3.9,1104.0
113,2026-09-29,,,,,,,,0,0,,9.7,14.4,13.2,12.4,20.0,12.0,20.0,,,,9.7,0,,,936.9,934.2,935.6,935.6,,,,,,,96.0,51.0,73.0,73.0,-1,-1,-1,,,,,,,,,,,11,,7,23,16,24,5,15,,1,2,2,2.1,1645.0
115,2026-09-29,0.0,0.0,0.0,2.0,3.0,2.0,23.0,0,0,1562.0,10.5,10.4,10.6,10.5,8.0,20.0,12.0,1,0,0,7.2,0,0,0,948.1,946.6,947.8,947.5,0,0,,,,,88.0,40.0,55.0,61.0,-1,-1,-1,,0,0,,-1.0,0,-1.0,8000.0,30000.0,30000.0,11,0,10,22,17,22,9,16,5,1,2,2,2.1,1816.0
116,2026-09-29,,,,,,,,0,0,1659.0,11.2,11.5,12.3,11.7,0.0,12.0,24.0,,,,6.2,0,,,985.1,984.2,984.9,984.7,,,,,,,96.0,42.0,80.0,73.0,-1,-1,-1,,,,,,,,,,,11,,9,23,13,23,7,15,4,0,2,1,1.2,1345.0
118,2026-09-29,,,,,,,,0,0,1607.0,9.5,13.7,13.4,12.2,0.0,24.0,16.0,,,,3.6,0,,,934.4,932.7,933.7,933.6,,,,,,,91.0,44.0,78.0,71.0,-1,-1,-1,,,,,,,,,,,9,,8,25,15,25,7,16,5,0,1,1,0.7,1359.0
119,2026-09-29,,,,,,,,0,0,1481.0,8.5,9.1,10.4,9.3,20.0,8.0,20.0,,,,5.4,0,,,878.4,875.8,877.7,877.3,,,,,,,81.0,29.0,63.0,58.0,-1,-1,-1,,,,,,,,,,,8,,8,25,15,26,7,16,4,1,1,1,1.1,1809.0
120,2026-09-29,,,,,,,,0,0,1432.0,11.2,13.0,10.5,11.6,0.0,4.0,12.0,,,,6.3,0,,,973.2,971.9,972.1,972.4,,,,,,,100.0,50.0,60.0,70.0,-1,-1,-1,,,,,,,,,,,8,,9,22,16,23,7,15,6,0,1,2,1.2,1815.0
121,2026-09-29,,,,,,,,0,0,1640.0,9.2,12.4,11.6,11.1,12.0,12.0,12.0,,,,15.2,0,,,875.1,873.0,874.7,874.3,,,,,,,84.0,60.0,70.0,71.0,-1,-1,-1,,,,,,,,,,,9,,8,18,15,19,8,13,6,1,4,4,4.9,1645.0
122,2026-09-29,2.0,2.0,,2.0,3.0,,,0,0,1818.0,9.5,10.5,9.9,10.0,8.0,12.0,8.0,0,0,,6.2,0,0,0,856.0,856.8,857.1,856.6,0,0,,,,,87.0,66.0,81.0,78.0,-1,-1,-1,,,,0.0,-1.0,0,-1.0,40000.0,60000.0,,11,1,8,14,10,15,7,11,3,1,1,2,1.6,6.0
124,2026-09-29,,,,,,,,0,0,1607.0,11.0,10.4,10.9,10.8,0.0,16.0,24.0,,,,5.3,0,,,926.5,925.6,926.7,926.3,,,,,,,92.0,44.0,73.0,70.0,-1,-1,-1,,,,,,,,,,,11,,10,20,13,21,8,15,8,0,1,2,1.2,1459.0
126,2026-09-29,,,,,,,,0,0,1485.0,9.5,12.1,12.6,11.4,20.0,4.0,8.0,,,,9.5,0,,,946.8,943.1,945.1,945.0,,,,,,,92.0,35.0,55.0,61.0,-1,-1,-1,,,,,,,,,,,9,,7,27,20,28,7,17,3,1,2,2,2.1,1651.0
127,2026-09-29,,,,,,,,0,0,1505.0,10.2,13.8,11.5,11.8,16.0,16.0,16.0,,,,4.0,0,,,917.0,915.5,916.7,916.4,,,,,,,74.0,51.0,61.0,62.0,-1,-1,-1,,,,,,,,,,,10,,12,22,17,23,11,17,9,1,1,1,1.1,2257.0
129,2026-09-29,,,,,,,,0,0,1547.0,10.3,13.7,14.2,12.7,20.0,4.0,0.0,,,,6.0,0,,,950.2,948.5,949.6,949.4,,,,,,,82.0,44.0,88.0,71.0,-1,-1,-1,,,,,,,,,,,9,,10,25,14,25,9,17,5,2,1,0,1.2,617.0
130,2026-09-29,,,,,,,,0,0,953.0,10.1,12.0,12.2,11.4,24.0,8.0,8.0,,,,8.6,0,,,903.2,903.0,903.8,903.3,,,,,,,82.0,65.0,78.0,75.0,-1,-1,-1,,,,0.0,,,,,,,3,,10,16,14,17,9,13,7,1,3,1,2.2,1348.0
131,2026-09-29,,,,,,,,0,0,,10.5,15.2,15.7,13.8,0.0,28.0,20.0,,,,5.7,0,,,969.6,969.0,969.2,969.3,,,,,,,93.0,51.0,82.0,75.0,-1,-1,-1,,,,,,,,,,,11,,9,24,17,24,6,15,5,0,2,1,1.2,
132,2026-09-29,,,,,,,,0,0,1554.0,12.0,15.2,14.2,13.8,12.0,28.0,12.0,,,,6.2,0,,,963.1,961.9,962.7,962.6,,,,,,,77.0,50.0,87.0,71.0,-1,-1,-1,,,,,,,,,,,9,,14,24,14,25,10,18,7,1,2,1,1.6,1005.0
133,2026-09-29,,,,,,,,0,0,1473.0,10.0,11.7,13.0,11.6,32.0,28.0,4.0,,,,7.1,0,,,929.0,927.7,929.0,928.6,,,,,,,63.0,33.0,58.0,51.0,-1,-1,-1,,,,,,,,,,,9,,14,27,19,27,14,20,10,1,2,1,1.6,1515.0
134,2026-09-29,,,,,,,,0,0,1594.0,9.8,8.4,8.6,8.9,12.0,12.0,8.0,,,,9.5,0,,,1007.0,1006.5,1006.8,1006.8,,,,,,,60.0,28.0,42.0,43.0,-1,-1,-1,,,,,,,,,,,11,,14,24,18,25,12,18,7,2,2,2,2.7,1317.0
136,2026-09-29,,,,,,,,0,0,1396.0,9.1,11.0,11.4,10.5,12.0,28.0,12.0,,,,5.1,0,,,905.5,903.3,905.1,904.6,,,,,,,83.0,36.0,68.0,62.0,-1,-1,-1,,,,,,,,,,,7,,8,24,15,25,8,17,4,1,1,1,1.1,2240.0
137,2026-09-29,,,,,,,,0,0,351.0,11.2,12.0,12.5,11.9,0.0,20.0,4.0,,,,2.8,0,,,904.1,904.9,904.8,904.6,,,,,,,84.0,76.0,81.0,80.0,-1,-1,-1,,,,,,,,,,,0,,11,14,14,14,10,12,10,0,1,1,0.7,944.0
138,2026-09-29,0.0,0.0,,3.0,3.0,,,0,0,1351.0,9.6,11.5,12.0,11.0,20.0,20.0,20.0,0,0,0,11.9,0,0,0,,,,,0,0,,,,,88.0,34.0,54.0,59.0,-1,-1,-1,0,0,0,,-1.0,0,-1.0,25000.0,35000.0,3000.0,7,0,8,26,19,26,8,17,4,1,3,2,2.8,1637.0
139,2026-09-29,,,,,,,,0,0,1499.0,9.8,11.7,11.5,11.0,12.0,12.0,12.0,,,,12.5,0,,,906.6,905.1,906.9,906.2,,,,,,,74.0,44.0,57.0,58.0,-1,-1,-1,,,,,,,,,,,8,,11,22,18,22,11,17,10,2,3,3,3.9,1613.0
140,2026-09-29,,,,,,,,0,0,,9.7,10.0,8.9,9.5,32.0,16.0,0.0,,,,8.4,0,,,,,,,,,,,,,85.0,36.0,63.0,61.0,-1,-1,-1,0,0,0,,,,,,,,11,,9,23,12,23,6,15,3,1,2,0,1.2,1231.0
141,2026-09-29,,,,,,,,0,0,1535.0,10.8,13.1,11.1,11.7,12.0,8.0,8.0,,,,7.2,0,,,971.9,971.8,971.5,971.7,,,,,,,74.0,48.0,49.0,57.0,-1,-1,-1,,,,,,,,,,,10,,13,23,20,23,10,16,9,1,1,1,1.1,1357.0
142,2026-09-29,0.0,0.0,0.0,1.0,2.0,2.0,17.0,0,0,1602.0,11.3,15.3,14.8,13.8,20.0,4.0,32.0,1,0,0,7.7,0,0,0,964.7,962.7,963.7,963.7,0,0,,,,,88.0,53.0,68.0,70.0,-1,-1,-1,,0,0,,-1.0,0,-1.0,40000.0,35000.0,8000.0,9,1,11,24,19,24,11,17,9,1,2,2,2.1,1430.0
144,2026-09-29,,,,,,,,0,0,1512.0,10.1,15.7,14.4,13.4,0.0,24.0,16.0,,,,3.9,0,,,970.5,970.3,970.1,970.3,,,,,,,100.0,60.0,87.0,82.0,-1,-1,-1,,,,,,,,,,,9,,7,22,15,22,6,14,6,0,2,1,1.2,1302.0
145,2026-09-29,,,,0.0,,,,0,0,1490.0,10.5,15.5,16.0,14.0,0.0,28.0,16.0,1,,,6.6,0,0,0,972.4,971.6,972.0,972.0,0,0,,,,,99.0,51.0,86.0,79.0,-1,-1,-1,,0,,,-1.0,0,-1.0,1900.0,,,8,1,8,24,16,25,7,16,3,0,2,1,1.2,1433.0
146,2026-09-29,,,,,,,,0,0,1569.0,8.7,10.8,12.4,10.6,28.0,8.0,24.0,,,,6.2,0,,,899.1,897.1,898.9,898.4,,,,,,,84.0,34.0,76.0,65.0,-1,-1,-1,,,,,,,,,,,9,,8,25,14,25,7,16,6,1,1,1,1.1,1550.0
147,2026-09-29,,,,,,,,0,0,1627.0,9.3,12.0,11.1,10.8,24.0,8.0,4.0,,,,9.6,0,,,936.2,934.5,935.6,935.4,,,,,,,90.0,46.0,56.0,64.0,-1,-1,-1,,,,,,,,,,,10,,7,22,17,22,6,14,4,1,3,3,3.4,1340.0
148,2026-09-29,,,,,,,,,,,,10.2,8.4,,,12.0,12.0,,,,,0,,,,957.9,958.4,,,,,,,,,41.0,49.0,,-1,-1,-1,,,,,,,,,,,11,,,21,15,,,,,,3,1,,
149,2026-09-29,,,,,,,,0,0,341.0,10.8,11.7,12.5,11.7,28.0,24.0,24.0,,,,2.8,0,,,890.4,891.2,891.2,890.9,,,,,,,85.0,73.0,87.0,82.0,-1,-1,-1,,,,,,,,,,,0,,11,14,12,14,8,11,8,1,1,1,1.1,1710.0
150,2026-09-29,,,,,,,,0,0,645.0,12.2,13.3,15.1,13.5,12.0,28.0,16.0,,,,2.8,0,,,963.7,963.3,963.4,963.5,,,,,,,99.0,65.0,92.0,85.0,-1,-1,-1,,,,,,,,,,,0,,10,18,14,19,10,14,6,1,2,1,1.6,1012.0
151,2026-09-29,,,,,,,,0,0,1505.0,9.6,14.9,13.2,12.6,32.0,12.0,32.0,,,,4.5,0,,,916.2,914.9,916.0,915.7,,,,,,,95.0,57.0,85.0,79.0,-1,-1,-1,,,,,,,,,,,8,,7,22,14,23,7,15,6,1,2,1,1.6,1329.0
152,2026-09-29,,,,,,,,0,0,1665.0,9.8,8.6,8.9,9.1,12.0,12.0,12.0,,,,11.1,0,,,1004.5,1004.2,1004.5,1004.4,,,,,,,61.0,30.0,43.0,45.0,-1,-1,-1,,,,,,,,,,,11,,14,23,18,24,8,16,5,2,3,2,3.3,1224.0
153,2026-09-29,,,,,,,,0,0,,10.4,10.4,10.3,10.4,16.0,12.0,12.0,,,,11.1,0,,,888.8,888.8,889.6,889.1,,,,,,,96.0,53.0,72.0,74.0,-1,-1,-1,,,,,,,,,,,7,,8,17,12,18,8,13,,3,4,3,5.3,1127.0
154,2026-09-29,,,,,,,,0,0,1590.0,9.7,10.1,9.7,9.8,0.0,12.0,8.0,,,,6.4,0,,,994.7,994.0,994.6,994.4,,,,,,,92.0,34.0,54.0,60.0,-1,-1,-1,,,,,,,,,,,11,,8,24,16,24,5,15,1,0,2,1,1.2,1249.0
155,2026-09-29,0.0,0.0,0.0,1.0,2.0,1.0,13.0,0,0,1532.0,9.7,10.6,11.3,10.5,16.0,8.0,28.0,1,0,0,9.1,0,0,0,989.1,988.0,988.6,988.6,0,0,,,,,93.0,32.0,59.0,61.0,-1,-1,-1,0,0,0,,-1.0,0,-1.0,40000.0,40000.0,40000.0,11,1,8,26,17,26,6,16,3,1,2,1,1.6,1038.0
156,2026-09-29,0.0,0.0,0.0,1.0,1.0,1.0,,0,0,,10.1,14.7,12.9,12.6,12.0,16.0,20.0,1,0,0,7.7,0,0,0,949.2,946.3,947.5,947.7,0,0,,,,,94.0,56.0,63.0,71.0,-1,-1,-1,,0,0,,-1.0,0,-1.0,18000.0,30000.0,20000.0,,1,8,22,18,24,8,16,6,1,1,1,1.1,1649.0
157,2026-09-29,,,,,,,,0,0,1531.0,9.8,10.5,10.0,10.1,8.0,8.0,8.0,,,,9.9,0,,,940.2,940.7,941.0,940.6,,,,,,,62.0,41.0,55.0,53.0,-1,-1,-1,,,,,,,,,,,11,,14,22,16,22,10,16,6,3,3,3,4.6,1358.0
158,2026-09-29,,,,,,,,0,0,1569.0,9.6,9.9,10.2,9.9,32.0,12.0,12.0,,,,10.2,0,,,1008.8,1008.2,1008.7,1008.6,,,,,,,91.0,32.0,59.0,61.0,-1,-1,-1,,,,,,,,,,,11,,8,25,15,25,5,15,1,1,3,2,2.8,905.0
159,2026-09-29,,,,,,,,0,0,1555.0,10.1,15.0,12.1,12.4,4.0,8.0,8.0,,,,10.0,0,,,980.8,980.5,980.2,980.5,,,,,,,96.0,56.0,67.0,73.0,-1,-1,-1,,,,0.0,,,,,,,11,,8,22,16,23,6,14,3,1,3,2,2.8,1146.0
160,2026-09-29,,,,,,,,0,0,1474.0,8.2,12.3,11.4,10.6,0.0,8.0,8.0,,,,9.4,0,,,980.8,980.0,980.3,980.4,,,,,,,95.0,41.0,58.0,65.0,-1,-1,-1,,,,,,,,,,,11,,5,24,17,25,3,14,,0,3,1,1.9,1502.0
161,2026-09-29,,,,,,,,0,0,1613.0,9.8,10.7,9.6,10.0,24.0,8.0,8.0,,,,9.2,0,,,943.1,943.3,943.4,943.3,,,,,,,79.0,39.0,51.0,56.0,-1,-1,-1,,,,,,,,,,,10,,10,23,17,23,9,16,6,2,3,3,3.9,1336.0
162,2026-09-29,,,,,,,,0,0,1684.0,9.7,13.2,11.6,11.5,16.0,8.0,12.0,,,,9.2,0,,,,,,,,,,,,,96.0,51.0,57.0,68.0,-1,-1,-1,,,,,,,,,,,11,,7,22,18,23,5,14,4,1,3,2,2.8,1337.0
163,2026-09-29,,,,,,,,0,0,1498.0,10.9,16.4,14.2,13.8,28.0,12.0,32.0,,,,5.2,0,,,965.7,965.5,965.5,965.6,,,,,,,94.0,65.0,82.0,80.0,-1,-1,-1,,,,,,,,,,,11,,9,21,15,22,8,15,,1,2,1,1.6,1243.0
164,2026-09-29,,,,0.0,0.0,0.0,0.0,0,0,1643.0,10.4,9.3,8.1,9.3,32.0,16.0,28.0,0,0,0,11.6,0,0,0,986.3,985.6,986.6,986.2,0,0,,,,,94.0,31.0,41.0,55.0,-1,-1,-1,0,0,0,,-1.0,0,-1.0,4000.0,6000.0,6000.0,10,1,9,24,17,25,5,15,5,1,2,1,1.6,1141.0
165,2026-09-29,0.0,0.0,0.0,2.0,4.0,2.0,27.0,0,0,1612.0,9.6,12.5,13.3,11.8,8.0,16.0,8.0,1,0,1,3.6,0,0,0,940.7,939.6,940.4,940.2,0,0,,,,,87.0,39.0,78.0,68.0,-1,-1,-1,0,0,0,,-1.0,0,-1.0,15000.0,15000.0,10000.0,10,1,8,25,15,26,7,17,5,1,1,1,1.1,1538.0
166,2026-09-29,,,,,,,,0,0,1600.0,9.2,12.3,12.0,11.2,0.0,20.0,28.0,,,,6.3,0,,,950.7,948.8,949.9,949.8,,,,,,,100.0,42.0,72.0,71.0,-1,-1,-1,,,,,,,,,,,9,,6,24,15,24,5,15,,0,1,1,0.7,1516.0
167,2026-09-29,,,,0.0,,,,,,,8.0,9.4,9.8,9.1,,,,1,,,,0,,,944.9,944.0,944.8,944.6,,,,,,,94.0,39.0,63.0,65.0,-1,-1,-1,,0,,,-1.0,0,-1.0,18000.0,,,,,5,21,14,21,4,12,,,,,,
169,2026-09-29,,,,,,,,0,0,1591.0,9.6,9.5,8.8,9.3,20.0,12.0,12.0,,,,10.2,0,,,976.6,976.0,977.3,976.6,,,,,,,82.0,33.0,50.0,55.0,-1,-1,-1,,,,,,,,,,,11,,9,24,16,24,7,16,,1,3,1,2.2,1354.0
170,2026-09-29,,,,,,,,0,0,1514.0,8.0,10.0,9.9,9.3,0.0,16.0,12.0,,,,9.1,0,,,973.0,972.5,973.6,973.0,,,,,,,96.0,39.0,72.0,69.0,-1,-1,-1,,,,,,,,,,,9,,4,22,12,23,4,13,0,0,2,1,1.2,1400.0
171,2026-09-29,0.0,,,6.0,0.0,,,0,0,1470.0,12.4,15.3,15.7,14.5,0.0,32.0,0.0,0,0,,3.9,0,0,0,973.3,971.8,972.3,972.5,0,0,,,,,97.0,51.0,70.0,73.0,,-1,-1,,,,,-1.0,0,-1.0,5000.0,25000.0,,9,0,11,24,19,25,10,17,7,0,1,0,0.4,1442.0
172,2026-09-29,,,,,,,,,,1507.0,10.2,12.4,14.3,12.3,12.0,24.0,,,,,,0,,,926.2,924.5,926.2,925.6,,,,,,,92.0,39.0,80.0,70.0,,-1,,,,,,,,,,,,9,,9,25,16,,,,5,1,1,,,
173,2026-09-29,,,,,,,,0,0,1492.0,8.6,11.6,12.4,10.9,8.0,4.0,8.0,,,,6.2,0,,,882.9,882.1,883.3,882.8,,,,,,,59.0,41.0,72.0,57.0,0,-1,-1,,,,,,,,,,,9,,13,23,15,24,12,18,,1,1,1,1.1,131.0
174,2026-09-29,,,,,,,,0,0,1564.0,9.6,11.4,13.1,11.4,0.0,4.0,0.0,,,,6.9,0,,,,,,,,,,,,,73.0,41.0,78.0,64.0,-1,-1,-1,,,,,,,,,,,9,,11,23,15,23,11,17,,0,3,0,1.5,1408.0
175,2026-09-29,,,,,,,,0,0,,10.3,14.6,13.0,12.6,24.0,8.0,12.0,,,,16.6,0,,,955.1,951.9,953.5,953.5,,,,,,,83.0,44.0,49.0,59.0,-1,-1,-1,,,,,,,,,,,11,,10,26,22,27,9,18,6,2,2,4,4.0,1822.0
176,2026-09-29,,,,,,,,0,0,1701.0,7.6,10.2,9.7,9.2,20.0,4.0,20.0,,,,3.9,0,,,830.3,830.9,831.2,830.8,,,,,,,45.0,48.0,56.0,50.0,,,,,,,,,,,,,,11,,15,19,15,19,14,17,,2,1,2,2.1,1810.0
178,2026-09-29,,,,,,,,,,,10.1,12.7,13.6,12.1,,,,,,,,0,,,913.2,912.1,912.9,912.7,,,,,,,89.0,45.0,79.0,71.0,-1,-1,-1,,,,,,,,,,,,,9,23,15,24,9,16,,,,,,
179,2026-09-29,,,,0.0,0.0,0.0,0.0,0,0,1763.0,9.9,11.4,10.4,10.6,32.0,8.0,32.0,0,0,0,5.2,0,0,0,888.0,887.8,888.6,888.1,0,0,,,,,86.0,54.0,71.0,70.0,-1,-1,-1,0,0,0,,-1.0,0,-1.0,29000.0,29000.0,12000.0,11,1,9,18,13,20,7,13,4,1,2,1,1.6,1044.0
180,2026-09-29,,,,,,,,0,0,,9.6,8.4,7.2,8.4,28.0,16.0,32.0,,,,7.4,0,,,990.2,989.9,990.5,990.2,,,,,,,58.0,29.0,35.0,41.0,-1,-1,-1,,,,,,,,,,,11,,15,24,18,24,9,17,6,2,2,1,2.1,1255.0
181,2026-09-29,,,,,,,,0,0,1442.0,10.6,13.2,13.7,12.5,12.0,24.0,12.0,,,,6.8,0,,,955.3,953.4,955.1,954.6,,,,,,,84.0,39.0,67.0,63.0,-1,-1,-1,,,,,,,,,,,9,,10,26,18,27,10,19,8,1,2,1,1.6,1310.0
182,2026-09-29,,,,,,,,0,0,1138.0,10.3,11.7,12.3,11.4,20.0,28.0,0.0,,,,3.3,0,,,931.0,930.0,930.7,930.6,,,,,,,91.0,53.0,71.0,72.0,-1,-1,-1,,,,,,,,,,,4,,9,19,15,19,8,14,,1,1,0,0.7,1401.0
183,2026-09-29,,,,0.0,,,,0,0,1548.0,9.3,10.2,10.1,9.9,24.0,16.0,0.0,1,,,8.3,0,0,0,1001.3,1000.4,1001.2,1001.0,0,0,,,,,89.0,33.0,63.0,62.0,-1,-1,-1,,0,,,-1.0,0,-1.0,7000.0,,,11,1,8,25,14,25,5,15,4,1,2,0,1.2,1341.0
184,2026-09-29,,,,,,,,0,0,1789.0,,,,,24.0,12.0,20.0,,,,4.2,0,,,730.4,730.4,730.8,730.5,,,,,,,,,,,-1,-1,-1,,,,0.0,,,,,,,,,,,,,,,,2,1,1,1.6,1447.0
185,2026-09-29,,,,,,,,0,0,888.0,9.7,11.4,12.0,11.0,24.0,8.0,24.0,,,,7.3,0,,,871.6,872.0,872.5,872.0,,,,,,,92.0,78.0,88.0,86.0,-1,-1,-1,,,,0.0,,,,,,,,,8,13,12,13,4,8,2,1,3,1,2.2,1242.0
187,2026-09-29,,,,,,,,0,0,1511.0,9.6,10.5,13.8,11.3,28.0,12.0,28.0,,,,6.1,0,,,952.7,951.4,952.0,952.0,,,,,,,97.0,43.0,79.0,73.0,-1,-1,-1,,,,,,,,,,,9,,7,21,15,21,6,14,2,1,2,1,1.6,1239.0
188,2026-09-29,,,,,,,,0,0,1543.0,9.6,12.7,12.5,11.6,4.0,16.0,4.0,,,,4.0,0,,,972.5,971.2,971.5,971.7,,,,,,,96.0,51.0,81.0,76.0,-1,-1,-1,,,,,,,,,,,10,,7,21,14,23,5,14,3,1,2,1,1.6,1421.0
189,2026-09-29,,,,,,,,0,0,1514.0,10.8,10.5,9.7,10.3,12.0,8.0,8.0,,,,13.1,0,,,988.4,987.8,988.5,988.2,,,,,,,76.0,35.0,46.0,52.0,,,,,,,,,,,,,,11,,12,24,18,25,10,17,5,1,5,3,5.0,1414.0
192,2026-09-29,,,,,,,,,,1619.0,11.4,12.9,10.6,11.6,12.0,8.0,8.0,,,,,0,,,977.5,977.0,977.0,977.2,,,,,,,92.0,44.0,50.0,62.0,-1,-1,-1,,,,,,,,,,,11,,10,24,19,24,8,16,7,1,4,4,4.9,
193,2026-09-29,,,,,,,,0,0,1716.0,9.5,9.9,8.3,9.2,8.0,8.0,8.0,,,,13.9,0,,,914.4,915.5,915.7,915.2,,,,,,,76.0,47.0,54.0,59.0,-1,-1,-1,,,,,,,,,,,11,,10,18,13,19,9,14,7,4,5,5,8.4,2005.0
195,2026-09-29,,,,,,,,0,0,1563.0,9.7,14.2,13.8,12.6,20.0,12.0,20.0,,,,4.7,0,,,,,,,,,,,,,96.0,55.0,91.0,81.0,-1,-1,-1,,,,,,,,,,,11,,7,22,13,24,4,14,,1,1,1,1.1,1625.0
196,2026-09-29,,,,,,,,0,0,1739.0,6.7,9.1,8.8,8.2,16.0,0.0,16.0,,,,13.7,0,,,783.8,784.2,784.5,784.2,,,,,,,46.0,51.0,69.0,55.0,-1,-1,-1,,,,,,,,,,,11,,13,16,11,17,10,13,,1,0,3,1.9,2359.0
197,2026-09-29,,,,,,,,0,0,1649.0,10.0,8.9,8.1,9.0,12.0,12.0,12.0,,,,12.3,0,,,1004.3,1003.8,1004.4,1004.2,,,,,,,59.0,30.0,38.0,42.0,-1,-1,-1,,,,,,,,,,,11,,15,24,19,24,10,17,2,2,4,2,4.0,1312.0
198,2026-09-29,,,,,,,,0,0,1486.0,13.5,13.1,13.8,13.5,28.0,12.0,4.0,,,,4.5,0,,,973.8,972.5,972.9,973.1,,,,,,,100.0,52.0,84.0,79.0,-1,-1,-1,,,,,,,,,,,8,,12,21,14,22,10,16,9,1,2,1,1.6,1227.0
199,2026-09-29,,,,,,,,0,0,1521.0,9.8,10.0,9.0,9.6,8.0,8.0,8.0,,,,14.1,0,,,989.0,989.0,989.5,989.2,,,,,,,65.0,36.0,44.0,48.0,-1,-1,-1,,,,,,,,,,,11,,13,23,18,23,6,15,,3,4,2,4.7,1222.0
200,2026-09-29,,,,,,,,0,0,1531.0,9.7,9.6,11.8,10.4,28.0,12.0,8.0,,,,6.5,0,,,982.1,981.5,982.3,982.0,,,,,,,94.0,35.0,66.0,65.0,-1,-1,-1,,,,,,,,,,,10,,8,23,16,23,6,14,,1,2,1,1.6,1348.0
202,2026-09-29,,,,0.0,0.0,0.0,0.0,0,0,1631.0,10.0,9.5,8.1,9.2,4.0,16.0,12.0,0,0,0,7.1,0,0,0,978.9,978.7,979.2,978.9,0,0,,,,,75.0,35.0,40.0,50.0,-1,-1,-1,,0,0,,-1.0,0,-1.0,30000.0,30000.0,20000.0,11,0,11,22,18,24,9,17,8,2,2,2,2.7,1219.0
203,2026-09-29,,,,,,,,0,0,1429.0,11.0,13.4,13.1,12.5,32.0,20.0,32.0,,,,4.6,0,,,,,,,,,,,,,95.0,60.0,83.0,79.0,-1,-1,-1,,,,,,,,,,,7,,9,19,14,21,8,14,5,1,1,1,1.1,1129.0
204,2026-09-29,0.0,0.0,0.0,10.0,10.0,10.0,100.0,0,0,1525.0,10.3,13.2,11.2,11.6,28.0,8.0,4.0,1,0,0,11.9,0,0,1,977.0,976.4,976.3,976.6,0,0,,,,,97.0,46.0,55.0,66.0,-1,-1,-1,0,0,0,,-1.0,0,-1.0,400.0,45000.0,12000.0,11,0,8,23,18,24,8,16,4,1,4,3,4.1,1457.0
205,2026-09-29,0.0,0.0,0.0,2.0,6.0,1.0,30.0,0,0,1751.0,7.3,11.0,9.9,9.4,16.0,16.0,16.0,0,0,0,9.1,0,0,0,844.5,845.3,845.1,845.0,0,0,,,,,44.0,55.0,70.0,56.0,-1,-1,-1,,0,0,,-1.0,0,-1.0,100000.0,100000.0,80000.0,11,0,15,18,12,19,12,15,3,1,2,4,3.5,1949.0
206,2026-09-29,,,,,,,,0,0,1343.0,9.2,9.1,8.6,9.0,20.0,20.0,16.0,,,,9.2,0,,,901.8,902.2,902.5,902.2,,,,,,,84.0,50.0,59.0,64.0,-1,-1,-1,,,,,,,,,,,6,,8,16,13,16,8,12,5,1,2,2,2.1,1147.0
210,2026-09-29,,,,,,,,0,0,1111.0,7.6,10.5,10.0,9.4,0.0,32.0,0.0,,,,7.5,0,,,862.0,860.1,862.3,861.5,,,,,,,94.0,39.0,86.0,73.0,-1,-1,-1,,,,,,,,,,,5,,4,22,9,23,3,13,,0,2,0,0.9,1220.0
213,2026-09-29,0.0,0.0,0.0,1.0,1.0,2.0,13.0,0,0,1877.0,5.6,6.7,6.7,6.3,32.0,20.0,28.0,0,0,0,7.9,0,0,0,706.3,707.0,707.1,706.8,0,0,,,,,66.0,69.0,75.0,70.0,-1,-1,-1,0,0,0,0.0,-1.0,0,-1.0,90000.0,80000.0,80000.0,12,0,5,7,5,8,4,6,,3,1,3,3.4,304.0
214,2026-09-29,,,,,,,,0,0,1429.0,10.2,12.5,14.5,12.4,0.0,12.0,16.0,,,,3.0,0,,,,,,,,,,,,,95.0,42.0,84.0,74.0,-1,-1,-1,,,,,,,,,,,10,,8,24,15,25,7,16,3,0,1,1,0.7,1555.0
215,2026-09-29,,,,,,,,0,0,1718.0,9.8,9.9,8.7,9.5,28.0,8.0,8.0,,,,15.0,0,,,993.1,993.0,993.2,993.1,,,,,,,78.0,35.0,40.0,51.0,-1,-1,-1,,,,,,,,,,,11,,10,23,19,24,8,16,,1,4,3,4.1,1115.0
217,2026-09-29,,,,,,,,0,0,1566.0,9.1,9.2,11.5,9.9,0.0,20.0,4.0,,,,8.5,0,,,967.3,965.2,966.3,966.3,,,,,,,100.0,35.0,68.0,68.0,-1,-1,-1,,,,,,,,,,,10,,6,22,15,23,4,14,1,0,2,2,1.8,1155.0
218,2026-09-29,,,,,,,,0,0,1645.0,10.6,8.3,9.7,9.5,4.0,12.0,12.0,,,,10.1,0,,,1012.9,1012.1,1012.7,1012.6,,,,,,,80.0,27.0,54.0,54.0,-1,-1,-1,,,,,,,,,,,11,,11,25,16,25,9,17,4,2,3,2,3.3,1303.0
220,2026-09-29,,,,,,,,0,0,1457.0,9.5,9.6,11.1,10.1,12.0,28.0,12.0,,,,5.5,0,,,910.7,909.1,911.2,910.3,,,,,,,74.0,32.0,65.0,57.0,-1,-1,-1,,,,,,,,,,,8,,11,24,15,25,10,17,,1,2,2,2.1,1316.0
221,2026-09-29,,,,,,,,0,0,1676.0,10.2,9.7,9.5,9.8,8.0,12.0,8.0,,,,12.2,0,,,1000.9,1000.8,1001.0,1000.9,,,,,,,69.0,35.0,48.0,51.0,-1,-1,-1,,,,,,,,,,,11,,13,23,17,23,12,18,10,4,4,3,6.0,1329.0
222,2026-09-29,,,,,,,,0,0,1614.0,9.9,8.8,8.5,9.1,12.0,12.0,12.0,,,,11.9,0,,,1004.1,1003.7,1004.0,1003.9,,,,,,,61.0,30.0,41.0,44.0,-1,-1,-1,,,,,,,,,,,11,,14,24,18,24,7,15,4,2,3,2,3.3,929.0
500,2026-09-29,,,,,,,,0,0,1441.0,9.3,9.7,8.1,9.0,12.0,12.0,12.0,,,,12.3,0,,,959.6,960.1,960.2,960.0,,,,,,,68.0,40.0,44.0,51.0,-1,-1,-1,,,,,,,,,,,10,,12,21,16,22,11,16,9,2,2,2,2.7,1117.0
726,2026-09-29,,,,,,,,0,0,1799.0,9.0,9.1,8.7,8.9,0.0,12.0,8.0,,,,14.7,0,,,972.0,972.0,972.5,972.2,,,,,,,82.0,36.0,48.0,55.0,-1,-1,-1,,,,,,,,,,,11,,8,21,16,22,5,13,2,0,4,3,3.8,1212.0
901,2026-09-29,,,,,,,,,,,,,,,,,,,,,,0,,,,,,,,,,,,,,,,,,,,,,,,,,,,,,,,,,,,,,,,,,,
905,2026-09-29,,,,,,,,0,0,1646.0,9.6,8.6,8.4,8.9,4.0,8.0,4.0,,,,11.9,0,,,988.2,988.2,988.6,988.3,,,,,,,67.0,31.0,42.0,47.0,-1,-1,-1,,,,,,,,,,,11,,12,23,18,23,11,17,8,3,3,3,4.6,1230.0
1401,2026-09-29,,,,,,,,0,0,1531.0,9.8,10.5,10.0,10.1,8.0,8.0,8.0,,,,9.9,0,,,940.2,940.7,941.0,940.6,,,,,,,62.0,41.0,55.0,53.0,-1,-1,-1,,,,,,,,,,,11,,14,22,16,22,10,16,6,3,3,3,4.6,1358.0
1416,2026-09-29,,,,,,,,0,0,1560.0,10.0,10.8,10.2,10.3,4.0,8.0,4.0,,,,10.7,0,,,951.5,951.6,951.9,951.7,,,,,,,75.0,40.0,51.0,55.0,-1,-1,-1,,,,,,,,,,,11,,11,22,18,23,11,17,8,4,3,2,4.7,1454.0
1602,2026-09-29,,,,,,,,0,0,1629.0,8.3,11.3,9.5,9.7,12.0,8.0,4.0,,,,9.2,0,,,960.3,960.0,960.0,960.1,,,,,,,95.0,37.0,49.0,60.0,-1,-1,-1,,,,,,,,,,,10,,5,24,17,25,4,15,,1,2,2,2.1,1814.0
1730,2026-09-29,,,,,,,,0,0,,9.4,10.6,8.7,9.6,8.0,12.0,12.0,,,,11.5,,,,,,,,,,,,,,81.0,47.0,53.0,60.0,-1,-1,-1,,,,,,,,,,,,,9,19,15,20,0,10,-2,1,3,3,3.4,1931.0
1802,2026-09-29,,,,,,,,,,,,10.2,8.4,,,12.0,12.0,,,,,0,,,,957.9,958.4,,,,,,,,,41.0,49.0,,-1,-1,-1,,,,,,,,,,,11,,,21,15,,,,,,3,1,,
1906,2026-09-29,,99.0,99.0,0.0,2.0,2.0,13.0,0,0,1591.0,9.4,9.7,8.3,9.1,8.0,12.0,8.0,1,0,0,13.9,0,0,0,954.1,954.6,955.1,954.6,0,0,,,,,74.0,42.0,47.0,54.0,-1,-1,-1,,0,0,,-1.0,0,-1.0,20000.0,40000.0,11000.0,11,0,11,20,16,20,10,15,6,3,4,3,5.3,1314.0
1920,2026-09-29,,,,,,,,0,0,1714.0,6.0,10.0,9.8,8.6,0.0,12.0,32.0,,,,10.2,0,,,965.8,965.5,966.0,965.8,,,,,,,96.0,40.0,77.0,71.0,-1,-1,-1,,,,,,,,,,,11,,0,21,11,21,0,11,-1,0,2,1,1.2,1300.0
2116,2026-09-29,,,,,,,,0,0,1718.0,9.8,9.9,8.7,9.5,28.0,8.0,8.0,,,,15.0,0,,,993.1,993.0,993.2,993.1,,,,,,,78.0,35.0,40.0,51.0,-1,-1,-1,,,,,,,,,,,11,,10,23,19,24,8,16,,1,4,3,4.1,1115.0
2117,2026-09-29,,,,,,,,0,0,1521.0,9.8,10.0,9.0,9.6,8.0,8.0,8.0,,,,14.1,0,,,989.0,989.0,989.5,989.2,,,,,,,65.0,36.0,44.0,48.0,-1,-1,-1,,,,,,,,,,,11,,13,23,18,23,6,15,,3,4,2,4.7,1222.0
2207,2026-09-29,,,,,,,,0,0,1648.0,9.8,9.6,9.0,9.5,12.0,12.0,12.0,,,,12.4,0,,,996.2,996.0,996.4,996.2,,,,,,,64.0,35.0,45.0,48.0,-1,-1,-1,,,,,,,,,,,11,,13,23,18,23,8,16,3,2,4,2,4.0,1054.0
2401,2026-09-29,,,,,,,,0,0,1665.0,9.8,8.6,8.9,9.1,12.0,12.0,12.0,,,,11.1,0,,,1004.5,1004.2,1004.5,1004.4,,,,,,,61.0,30.0,43.0,45.0,-1,-1,-1,,,,,,,,,,,11,,14,23,18,24,8,16,5,2,3,2,3.3,1224.0
2415,2026-09-29,,,,,,,,1,0,1563.0,9.1,8.8,8.1,8.7,12.0,12.0,12.0,,,,16.9,0,,,972.1,972.6,972.7,972.5,,,,,,,63.0,37.0,42.0,47.0,-1,-1,-1,,,,,,,,,,,11,,13,20,17,21,11,16,9,6,5,5,10.2,1232.0
2430,2026-09-29,,,,,,,,0,0,,9.9,8.1,8.7,8.9,8.0,16.0,8.0,,,,10.2,0,,,1004.1,1003.8,1004.1,1004.0,,,,,,,65.0,28.0,50.0,48.0,-1,-1,-1,,,,,,,,,,,11,,13,24,15,24,5,15,4,1,2,1,1.6,1314.0
2503,2026-09-29,,,,,,,,0,0,1710.0,10.0,8.8,9.0,9.3,8.0,12.0,8.0,,,,11.9,0,,,1002.2,1001.9,1002.1,1002.1,,,,,,,77.0,31.0,49.0,52.0,-1,-1,-1,,,,,,,,,,,11,,11,23,16,24,7,15,5,1,3,2,2.8,1203.0
2602,2026-09-29,,,,,,,,0,0,1569.0,9.6,9.9,10.2,9.9,32.0,12.0,12.0,,,,10.2,0,,,1008.8,1008.2,1008.7,1008.6,,,,,,,91.0,32.0,59.0,61.0,-1,-1,-1,,,,,,,,,,,11,,8,25,15,25,5,15,1,1,3,2,2.8,905.0
2902,2026-09-29,,,,,,,,0,0,1555.0,10.1,15.0,12.1,12.4,4.0,8.0,8.0,,,,10.0,0,,,980.8,980.5,980.2,980.5,,,,,,,96.0,56.0,67.0,73.0,-1,-1,-1,,,,0.0,,,,,,,11,,8,22,16,23,6,14,3,1,3,2,2.8,1146.0
2910,2026-09-29,,,,,,,,0,0,1424.0,11.0,13.3,14.2,12.8,32.0,12.0,32.0,,,,7.6,0,,,985.7,985.1,985.1,985.3,,,,,,,99.0,43.0,78.0,73.0,-1,-1,-1,,,,,,,,,,,10,,9,25,16,26,7,17,5,1,3,1,2.2,1059.0
3111,2026-09-29,,,,,,,,,,,,,,,,,,,,,,,,,,,,,,,,,,,,,,,,,,,,,,,,,,,,,,,,,,,,,,,,,
3202,2026-09-29,,,,,,,,0,0,1464.0,10.9,11.5,11.2,11.2,20.0,12.0,4.0,,,,8.3,0,,,991.8,991.1,991.3,991.4,,,,,,,87.0,36.0,51.0,58.0,-1,-1,-1,,,,,,,,,,,11,,10,25,19,26,10,18,7,1,2,1,1.6,1235.0
3315,2026-09-29,,,,,,,,0,0,1613.0,9.8,10.7,9.6,10.0,24.0,8.0,8.0,,,,9.2,0,,,943.1,943.3,943.4,943.3,,,,,,,79.0,39.0,51.0,56.0,-1,-1,-1,,,,,,,,,,,10,,10,23,17,23,9,16,6,2,3,3,3.9,1336.0
3425,2026-09-29,,,,,,,,0,0,1733.0,9.5,10.5,9.4,9.8,4.0,8.0,4.0,,,,9.6,0,,,958.5,958.7,958.7,958.6,,,,,,,68.0,38.0,47.0,51.0,-1,-1,-1,,,,,,,,,,,11,,12,23,18,23,10,17,8,2,3,3,3.9,1759.0
3520,2026-09-29,,,,0.0,0.0,0.0,0.0,0,0,1631.0,8.9,10.1,8.5,9.2,8.0,8.0,8.0,0,0,0,11.2,0,0,0,912.7,914.0,913.8,913.5,0,0,,,,,63.0,49.0,56.0,56.0,-1,-1,-1,,,,,-1.0,0,-1.0,30000.0,30000.0,30000.0,11,0,12,18,13,18,10,14,9,3,3,2,3.9,2104.0
3702,2026-09-29,,,,,,,,0,0,1716.0,9.5,9.9,8.3,9.2,8.0,8.0,8.0,,,,13.9,0,,,914.4,915.5,915.7,915.2,,,,,,,76.0,47.0,54.0,59.0,-1,-1,-1,,,,,,,,,,,11,,10,18,13,19,9,14,7,4,5,5,8.4,2005.0
3805,2026-09-29,,,,,,,,0,0,1604.0,10.5,10.4,9.4,10.1,28.0,8.0,4.0,,,,10.1,0,,,1000.8,1000.2,1000.7,1000.6,,,,,,,77.0,35.0,52.0,55.0,-1,-1,-1,,,,,,,,,,,11,,12,24,16,24,6,15,4,1,3,1,2.2,1251.0
3811,2026-09-29,,,,,,,,0,0,1601.0,9.8,9.5,8.2,9.2,8.0,8.0,8.0,,,,10.6,0,,,1000.8,1000.3,1000.8,1000.6,,,,,,,60.0,33.0,35.0,43.0,-1,-1,-1,,,,,,,,,,,10,,14,24,20,24,8,16,6,1,3,2,2.8,958.0
4026,2026-09-29,,,,,,,,0,0,1676.0,10.2,9.7,9.5,9.8,8.0,12.0,8.0,,,,12.2,0,,,1000.9,1000.8,1001.0,1000.9,,,,,,,69.0,35.0,48.0,51.0,-1,-1,-1,,,,,,,,,,,11,,13,23,17,23,12,18,10,4,4,3,6.0,1329.0
4081,2026-09-29,99.0,99.0,,2.0,1.0,0.0,10.0,0,0,1620.0,10.0,9.7,8.9,9.5,4.0,8.0,8.0,0,0,0,13.3,0,0,0,1004.4,1004.3,1004.6,1004.4,0,0,,,,,59.0,33.0,46.0,46.0,-1,-1,-1,,0,0,,-1.0,0,-1.0,60000.0,60000.0,30000.0,11,0,15,24,17,24,13,19,10,4,5,3,6.9,1153.0
4115,2026-09-29,,,,,,,,0,0,1540.0,10.3,9.4,9.5,9.7,8.0,12.0,8.0,,,,10.4,0,,,1004.0,1003.6,1004.0,1003.9,,,,,,,71.0,32.0,48.0,50.0,-1,-1,-1,,,,,,,,,,,11,,13,24,17,24,8,16,5,1,3,2,2.8,1300.0
4126,2026-09-29,,,,,,,,0,0,1614.0,9.9,8.8,8.5,9.1,12.0,12.0,12.0,,,,11.9,0,,,1004.1,1003.7,1004.0,1003.9,,,,,,,61.0,30.0,41.0,44.0,-1,-1,-1,,,,,,,,,,,11,,14,24,18,24,7,15,4,2,3,2,3.3,929.0
4224,2026-09-29,,,,,,,,0,0,1594.0,9.8,8.4,8.6,8.9,12.0,12.0,8.0,,,,9.5,0,,,1007.0,1006.5,1006.8,1006.8,,,,,,,60.0,28.0,42.0,43.0,-1,-1,-1,,,,,,,,,,,11,,14,24,18,25,12,18,7,2,2,2,2.7,1317.0
4305,2026-09-29,,,,,,,,0,0,1670.0,10.7,8.2,8.9,9.3,12.0,12.0,8.0,,,,10.8,0,,,1009.6,1009.0,1009.3,1009.3,,,,,,,69.0,27.0,46.0,47.0,-1,-1,-1,,,,,,,,,,,11,,14,24,17,25,7,16,,2,4,2,4.0,1237.0
4501,2026-09-29,,,,,,,,0,0,1625.0,11.0,13.2,12.1,12.1,8.0,4.0,4.0,,,,9.6,0,,,975.8,975.5,975.3,975.5,,,,,,,80.0,47.0,53.0,60.0,-1,-1,-1,,,,,,,,,,,11,,12,23,20,24,10,17,9,2,3,3,3.9,1334.0
4515,2026-09-29,,,,,,,,0,0,1662.0,9.6,16.2,13.5,13.1,0.0,8.0,4.0,,,,7.2,0,,,972.5,972.0,971.9,972.1,,,,,,,95.0,57.0,76.0,76.0,-1,-1,-1,,,,,,,,,,,11,,7,23,16,23,7,15,,0,2,2,1.8,1959.0
4601,2026-09-29,,,,,,,,0,0,1684.0,9.7,13.2,11.6,11.5,16.0,8.0,12.0,,,,9.2,0,,,,,,,,,,,,,96.0,51.0,57.0,68.0,-1,-1,-1,,,,,,,,,,,11,,7,22,18,23,5,14,4,1,3,2,2.8,1337.0
4611,2026-09-29,,,,,,,,0,0,1637.0,10.9,13.3,11.7,12.0,12.0,8.0,12.0,,,,7.0,0,,,967.9,967.6,967.7,967.7,,,,,,,91.0,43.0,56.0,63.0,-1,-1,-1,,,,0.0,,,,,,,11,,10,25,18,25,8,16,4,1,1,1,1.1,1611.0
4705,2026-09-29,,,,,,,,0,0,1535.0,10.8,13.1,11.1,11.7,12.0,8.0,8.0,,,,7.2,0,,,971.9,971.8,971.5,971.7,,,,,,,74.0,48.0,49.0,57.0,-1,-1,-1,,,,,,,,,,,10,,13,23,20,23,10,16,9,1,1,1,1.1,1357.0
4802,2026-09-29,,,,,,,,0,0,,11.6,12.7,10.7,11.7,12.0,12.0,12.0,,,,9.9,0,,,,,,,,,,,,,87.0,45.0,48.0,60.0,-1,-1,-1,,,,,,,,,,,11,,11,23,19,24,9,17,3,1,3,2,2.8,1339.0
4815,2026-09-29,0.0,0.0,0.0,1.0,1.0,2.0,13.0,0,0,1665.0,10.2,12.8,10.5,11.2,8.0,8.0,8.0,1,0,1,10.1,0,0,0,950.7,950.9,950.8,950.8,0,0,,,,,75.0,54.0,51.0,60.0,-1,-1,-1,0,0,0,,-1.0,0,-1.0,30000.0,30000.0,15000.0,11,0,12,20,18,21,11,16,9,3,3,3,4.6,1805.0
4821,2026-09-29,,,,,,,,0,0,1586.0,8.9,14.1,11.5,11.5,24.0,8.0,4.0,,,,8.7,0,,,971.9,971.4,971.3,971.5,,,,,,,99.0,52.0,57.0,69.0,-1,-1,-1,,,,,,,,,,,11,,6,22,18,23,5,14,3,1,2,2,2.1,1606.0
4905,2026-09-29,,,,,,,,0,0,1463.0,10.7,13.4,11.6,11.9,24.0,8.0,12.0,,,,9.3,0,,,986.4,985.4,985.4,985.7,,,,,,,93.0,46.0,59.0,66.0,-1,-1,-1,,,,,,,,,,,11,,9,24,17,24,7,16,2,1,2,2,2.1,1512.0
5000,2026-09-29,,,,,,,,0,0,,10.1,12.2,11.2,11.2,24.0,8.0,8.0,,,,11.3,0,,,985.9,985.2,985.2,985.4,,,,,,,91.0,40.0,52.0,61.0,-1,-1,-1,,,,,,,,,,,11,,9,24,19,25,7,16,3,1,4,3,4.1,
5012,2026-09-29,0.0,0.0,0.0,10.0,10.0,10.0,100.0,0,0,1525.0,10.3,13.2,11.2,11.6,28.0,8.0,4.0,1,0,0,11.9,0,0,1,977.0,976.4,976.3,976.6,0,0,,,,,97.0,46.0,55.0,66.0,-1,-1,-1,0,0,0,,-1.0,0,-1.0,400.0,45000.0,12000.0,11,0,8,23,18,24,8,16,4,1,4,3,4.1,1457.0
5116,2026-09-29,,,,,,,,,,1619.0,11.4,12.9,10.6,11.6,12.0,8.0,8.0,,,,,0,,,977.5,977.0,977.0,977.2,,,,,,,92.0,44.0,50.0,62.0,-1,-1,-1,,,,,,,,,,,11,,10,24,19,24,8,16,7,1,4,4,4.9,
5130,2026-09-29,,,,,,,,0,0,1665.0,10.9,11.7,10.7,11.1,4.0,8.0,8.0,,,,13.6,0,,,985.5,984.8,984.8,985.0,,,,,,,76.0,38.0,48.0,54.0,-1,-1,-1,,,,,,,,,,,11,,12,25,19,25,11,18,6,2,5,4,6.2,1442.0
5316,2026-09-29,,,,,,,,0,0,1558.0,11.0,11.4,10.6,11.0,4.0,8.0,8.0,,,,11.9,0,,,992.2,991.2,991.5,991.6,,,,,,,82.0,36.0,46.0,55.0,-1,-1,-1,,,,,,,,,,,11,,11,25,20,25,10,18,7,2,3,3,3.9,1453.0
5412,2026-09-29,0.0,0.0,0.0,1.0,2.0,1.0,13.0,0,0,1532.0,9.7,10.6,11.3,10.5,16.0,8.0,28.0,1,0,0,9.1,0,0,0,989.1,988.0,988.6,988.6,0,0,,,,,93.0,32.0,59.0,61.0,-1,-1,-1,0,0,0,,-1.0,0,-1.0,40000.0,40000.0,40000.0,11,1,8,26,17,26,6,16,3,1,2,1,1.6,1038.0
5413,2026-09-29,,,,,,,,0,0,1514.0,10.8,10.5,9.7,10.3,12.0,8.0,8.0,,,,13.1,0,,,988.4,987.8,988.5,988.2,,,,,,,76.0,35.0,46.0,52.0,,,,,,,,,,,,,,11,,12,24,18,25,10,17,5,1,5,3,5.0,1414.0
5421,2026-09-29,,,,,,,,0,0,1545.0,10.0,11.1,10.7,10.6,0.0,4.0,8.0,,,,9.1,0,,,993.2,992.1,992.7,992.7,,,,,,,91.0,34.0,53.0,59.0,-1,-1,-1,,,,,,,,,,,10,,8,26,18,26,7,16,5,0,2,1,1.2,1215.0
5609,2026-09-29,,,,,,,,0,0,1673.0,10.5,10.4,9.3,10.1,32.0,8.0,8.0,,,,12.3,0,,,992.4,991.8,992.5,992.2,,,,,,,81.0,35.0,44.0,53.0,-1,-1,-1,,,,,,,,,,,11,,11,24,19,24,8,16,8,2,3,2,3.3,1321.0
5625,2026-09-29,,,,,,,,0,0,1603.0,10.0,10.0,9.4,9.8,20.0,12.0,12.0,,,,8.3,0,,,943.4,944.0,944.5,944.0,,,,,,,62.0,38.0,48.0,49.0,-1,-1,-1,,,,,,,,,,,11,,14,22,17,22,12,17,,2,2,2,2.7,1151.0
5701,2026-09-29,,,,,,,,,,,,,,,,,,,,,,,,,,,,,,,,,,,,,,,,,,,,,,,,,,,,,,,,,,,,,,,,,
5735,2026-09-29,,,,,,,,1,0,1556.0,9.7,10.4,7.6,9.2,12.0,12.0,12.0,,,,18.8,0,,,969.8,970.3,970.8,970.3,,,,,,,56.0,40.0,36.0,44.0,-1,-1,-1,,,,,,,,,,,11,,15,22,19,22,15,19,12,6,5,6,11.2,634.0
5802,2026-09-29,,,,,,,,0,0,1611.0,9.6,9.3,8.5,9.1,12.0,12.0,12.0,,,,16.4,0,,,972.7,973.0,973.3,973.0,,,,,,,72.0,37.0,43.0,51.0,-1,-1,-1,,,,,,,,,,,11,,11,21,17,22,11,16,,4,4,4,6.8,1213.0
5805,2026-09-29,,,,,,,,0,0,1596.0,10.0,9.5,8.4,9.3,8.0,12.0,8.0,,,,11.2,0,,,999.0,998.6,999.0,998.9,,,,,,,73.0,33.0,40.0,49.0,-1,-1,-1,,,,,,,,,,,11,,12,23,18,24,8,16,,1,3,2,2.8,1415.0
5820,2026-09-29,,,,,,,,0,0,1641.0,10.4,9.2,8.1,9.2,12.0,12.0,16.0,,,,9.9,0,,,991.8,991.3,991.9,991.7,,,,,,,69.0,33.0,42.0,48.0,-1,-1,-1,,,,,,,,,,,11,,13,23,17,23,9,16,7,1,2,2,2.1,1258.0
5882,2026-09-29,,,,,,,,0,0,1583.0,11.1,9.3,7.8,9.4,20.0,12.0,12.0,,,,11.4,0,,,1001.1,1000.4,1001.1,1000.9,,,,,,,82.0,31.0,36.0,50.0,-1,-1,-1,,,,,,,,,,,11,,12,24,19,24,7,16,3,1,4,2,3.5,1321.0
5904,2026-09-29,,,,,,,,0,0,1677.0,10.4,9.6,9.0,9.7,12.0,12.0,12.0,,,,13.6,0,,,1001.3,1001.0,1001.3,1001.2,,,,,,,78.0,33.0,42.0,51.0,-1,-1,-1,,,,,,,,,,,11,,11,24,19,24,9,17,4,2,4,3,4.7,1147.0
5917,2026-09-29,,,,,,,,0,0,1675.0,9.9,9.6,8.6,9.4,16.0,12.0,12.0,,,,12.2,0,,,1002.5,1002.1,1002.5,1002.4,,,,,,,65.0,32.0,40.0,46.0,-1,-1,-1,,,,,,,,,,,11,,13,24,19,24,10,17,6,1,4,3,4.1,1310.0
5925,2026-09-29,,,,,,,,0,0,1734.0,9.5,8.8,8.2,8.8,12.0,12.0,12.0,,,,13.9,0,,,1005.1,1004.6,1005.1,1004.9,,,,,,,57.0,29.0,34.0,40.0,-1,-1,-1,,,,,,,,,,,11,,15,24,21,25,13,19,,2,4,3,4.7,1310.0
5935,2026-09-29,,,,,,,,0,0,1508.0,9.4,8.6,8.8,8.9,12.0,12.0,8.0,,,,9.9,0,,,1006.8,1006.4,1006.6,1006.6,,,,,,,61.0,29.0,39.0,43.0,-1,-1,-1,,,,,,,,,,,11,,14,24,19,24,9,17,5,1,2,1,1.6,1244.0
5972,2026-09-29,,,,,,,,0,0,1586.0,9.8,8.7,9.1,9.2,8.0,12.0,12.0,,,,10.7,0,,,1008.4,1008.0,1008.2,1008.2,,,,,,,64.0,29.0,46.0,46.0,-1,-1,-1,,,,,,,,,,,11,,13,24,17,24,9,17,4,3,3,2,3.9,1228.0
5990,2026-09-29,,,,,,,,0,0,,9.6,8.3,8.8,8.9,8.0,12.0,12.0,,,,12.3,0,,,1004.6,1004.3,1004.7,1004.5,,,,,,,61.0,29.0,43.0,44.0,-1,-1,-1,,,,,,,,,,,11,,14,23,18,24,10,17,7,3,4,3,5.3,
6102,2026-09-29,,,,,,,,0,0,1655.0,9.9,8.9,9.4,9.4,8.0,16.0,8.0,,,,8.9,0,,,1007.1,1006.4,1006.8,1006.8,,,,,,,67.0,30.0,51.0,49.0,-1,-1,-1,,,,,,,,,,,11,,13,24,16,25,10,18,7,2,3,2,3.3,1419.0
6111,2026-09-29,,,,,,,,0,0,,8.6,8.2,8.1,8.3,8.0,12.0,12.0,,,,7.7,0,,,,,,,,,,,,,52.0,26.0,36.0,38.0,-1,-1,-1,,,,,,,,,,,10,,15,25,20,25,14,20,11,1,2,1,1.6,1325.0
6300,2026-09-29,,,,,,,,0,0,,10.5,15.2,15.7,13.8,0.0,28.0,20.0,,,,5.7,0,,,969.6,969.0,969.2,969.3,,,,,,,93.0,51.0,82.0,75.0,-1,-1,-1,,,,,,,,,,,11,,9,24,17,24,6,15,5,0,2,1,1.2,
6305,2026-09-29,,,,0.0,,,,0,0,1490.0,10.5,15.5,16.0,14.0,0.0,28.0,16.0,1,,,6.6,0,0,0,972.4,971.6,972.0,972.0,0,0,,,,,99.0,51.0,86.0,79.0,-1,-1,-1,,0,,,-1.0,0,-1.0,1900.0,,,8,1,8,24,16,25,7,16,3,0,2,1,1.2,1433.0
6415,2026-09-29,,,,,,,,0,0,1592.0,12.2,15.4,12.5,13.4,24.0,8.0,8.0,,,,9.7,0,,,962.7,962.6,962.5,962.6,,,,,,,97.0,63.0,58.0,73.0,-1,-1,-1,,,,,,,,,,,10,,10,21,19,21,9,15,,1,4,2,3.5,1602.0
6430,2026-09-29,,,,,,,,0,0,,9.9,13.3,11.4,11.5,12.0,4.0,8.0,,,,9.8,0,,,896.2,896.7,896.7,896.5,,,,,,,60.0,69.0,67.0,65.0,,,,,,,,,,,,,,10,,15,17,15,19,14,16,,3,1,1,2.2,2143.0
6512,2026-09-29,,,,,,,,0,0,1498.0,10.9,16.4,14.2,13.8,28.0,12.0,32.0,,,,5.2,0,,,965.7,965.5,965.5,965.6,,,,,,,94.0,65.0,82.0,80.0,-1,-1,-1,,,,,,,,,,,11,,9,21,15,22,8,15,,1,2,1,1.6,1243.0
6540,2026-09-29,,,,,,,,0,0,,13.1,15.5,15.1,14.6,4.0,16.0,28.0,,,,6.8,0,,,,,,,,,,,,,97.0,65.0,87.0,83.0,-1,-1,-1,,,,,,,,,,,10,,11,20,15,21,10,16,,1,2,1,1.6,1335.0
6611,2026-09-29,0.0,0.0,0.0,2.0,6.0,1.0,30.0,0,0,1751.0,7.3,11.0,9.9,9.4,16.0,16.0,16.0,0,0,0,9.1,0,0,0,844.5,845.3,845.1,845.0,0,0,,,,,44.0,55.0,70.0,56.0,-1,-1,-1,,0,0,,-1.0,0,-1.0,100000.0,100000.0,80000.0,11,0,15,18,12,19,12,15,3,1,2,4,3.5,1949.0
6621,2026-09-29,,,,,,,,0,0,1534.0,11.7,14.7,14.2,13.5,20.0,32.0,24.0,,,,4.3,0,,,970.4,970.2,970.0,970.2,,,,,,,97.0,60.0,79.0,79.0,-1,-1,-1,,,,0.0,,,,,,,10,,10,21,16,22,9,16,9,2,2,1,2.1,1449.0
6804,2026-09-29,,,,,,,,0,0,1512.0,10.1,15.7,14.4,13.4,0.0,24.0,16.0,,,,3.9,0,,,970.5,970.3,970.1,970.3,,,,,,,100.0,60.0,87.0,82.0,-1,-1,-1,,,,,,,,,,,9,,7,22,15,22,6,14,6,0,2,1,1.2,1302.0
7002,2026-09-29,,,,,,,,0,0,1589.0,10.9,11.3,13.5,11.9,4.0,20.0,8.0,,,,9.5,0,,,,,,,,,,,,,95.0,34.0,83.0,71.0,-1,-1,-1,,,,,,,,,,,10,,9,26,14,27,8,17,6,1,2,1,1.6,1103.0
7013,2026-09-29,,,,,,,,0,0,1508.0,11.3,13.2,13.1,12.5,8.0,12.0,0.0,,,,5.6,0,,,978.9,977.9,978.6,978.5,,,,,,,92.0,41.0,85.0,73.0,-1,-1,-1,,,,,,,,,,,9,,10,25,14,26,9,17,,1,1,0,0.7,541.0
7110,2026-09-29,,,,,,,,0,0,1625.0,8.1,14.8,11.7,11.5,8.0,24.0,8.0,,,,3.5,0,,,952.9,952.1,952.9,952.6,,,,,,,98.0,53.0,85.0,79.0,-1,-1,-1,,,,,,,,,,,9,,4,23,12,24,4,14,3,1,1,1,1.1,1146.0
7221,2026-09-29,,,,,,,,0,0,1635.0,9.9,9.6,10.0,9.8,12.0,12.0,12.0,,,,15.8,0,,,925.2,925.5,925.9,925.5,,,,,,,62.0,42.0,58.0,54.0,-1,-1,-1,,,,,,,,,,,10,,14,20,15,20,12,16,8,3,4,3,5.3,2338.0
7301,2026-09-29,,,,,,,,1,0,,9.6,9.8,9.5,9.6,16.0,20.0,16.0,,,,17.3,,,,944.8,945.5,946.0,945.4,,,,,,,53.0,38.0,47.0,46.0,-1,-1,-1,,,,,,,,,,,,,16,22,18,22,7,15,5,2,2,2,2.7,2338.0
7305,2026-09-29,,,,,,,,,,,,,,,,,,,,,,,,,,,,,,,,,,,,,,,,,,,,,,,,,,,,,,,,,,,,,,,,,
7505,2026-09-29,,,,,,,,0,0,,9.9,10.2,9.2,9.8,8.0,8.0,8.0,,,,10.5,0,,,956.9,957.0,958.0,957.3,,,,,,,55.0,38.0,46.0,46.0,-1,-1,-1,,,,,,,,,,,9,,16,22,18,23,6,14,4,2,2,2,2.7,605.0
7531,2026-09-29,,,,,,,,1,0,1686.0,9.3,8.8,7.7,8.6,12.0,12.0,12.0,,,,17.3,0,,,918.1,918.6,919.0,918.6,,,,,,,62.0,39.0,47.0,49.0,-1,-1,-1,,,,,,,,,,,11,,13,19,14,20,11,16,,4,4,5,7.6,958.0
7604,2026-09-29,0.0,0.0,0.0,1.0,1.0,1.0,10.0,0,0,1565.0,10.2,8.9,7.5,8.9,12.0,16.0,16.0,0,0,0,11.0,0,0,0,992.5,991.9,992.9,992.4,0,0,,,,,73.0,29.0,34.0,45.0,-1,-1,-1,,0,0,,-1.0,0,-1.0,35000.0,45000.0,30000.0,11,0,12,25,19,25,8,17,5,2,3,3,3.9,1104.0
7610,2026-09-29,,,,,,,,0,0,,9.9,10.0,8.8,9.6,32.0,12.0,16.0,,,,10.9,0,,,942.7,943.1,943.8,943.2,,,,,,,73.0,38.0,45.0,52.0,-1,-1,-1,,,,,,,,,,,10,,12,22,17,23,8,15,5,1,1,2,1.6,928.0
7641,2026-09-29,,,,0.0,0.0,0.0,0.0,0,0,1643.0,10.4,9.3,8.1,9.3,32.0,16.0,28.0,0,0,0,11.6,0,0,0,986.3,985.6,986.6,986.2,0,0,,,,,94.0,31.0,41.0,55.0,-1,-1,-1,0,0,0,,-1.0,0,-1.0,4000.0,6000.0,6000.0,10,1,9,24,17,25,5,15,5,1,2,1,1.6,1141.0
7653,2026-09-29,,,,,,,,0,0,,10.3,9.3,7.7,9.1,20.0,12.0,12.0,,,,15.7,0,,,,,,,,,,,,,80.0,29.0,38.0,49.0,-1,-1,-1,,,,,,,,,,,11,,11,25,18,25,8,17,4,2,5,4,6.2,1240.0
7704,2026-09-29,,,,,,,,0,0,1570.0,10.6,9.6,9.3,9.8,4.0,12.0,4.0,,,,12.4,0,,,1004.7,1003.7,1004.6,1004.3,,,,,,,75.0,32.0,52.0,53.0,-1,-1,-1,0,0,0,,,,,,,,11,,12,24,16,24,10,17,9,2,3,1,2.8,1317.0
7710,2026-09-29,,,,,,,,0,0,1649.0,10.0,8.9,8.1,9.0,12.0,12.0,12.0,,,,12.3,0,,,1004.3,1003.8,1004.4,1004.2,,,,,,,59.0,30.0,38.0,42.0,-1,-1,-1,,,,,,,,,,,11,,15,24,19,24,10,17,2,2,4,2,4.0,1312.0
7714,2026-09-29,,,,,,,,0,0,,9.6,9.0,7.6,8.7,12.0,12.0,12.0,,,,10.5,0,,,,,,,,,,,,,60.0,31.0,37.0,43.0,-1,-1,-1,,,,,,,,,,,10,,14,24,18,24,13,18,,3,3,2,3.9,1227.0
7890,2026-09-29,,,,,,,,0,0,1486.0,10.0,9.3,9.7,9.7,8.0,12.0,12.0,,,,7.3,0,,,1012.6,1011.9,1012.4,1012.3,,,,,,,70.0,30.0,53.0,51.0,-1,-1,-1,,,,,,,,,,,10,,12,25,16,25,8,17,,2,2,1,2.1,1312.0
7906,2026-09-29,,,,,,,,0,0,,,,,,4.0,12.0,8.0,,,,10.5,0,,,,,,,,,,,,,,,,,,,,,,,,,,,,,,,,,,,,,,,3,3,2,3.9,1353.0
7912,2026-09-29,,,,,,,,0,0,,10.6,8.4,9.4,9.5,8.0,12.0,12.0,,,,8.1,0,,,,,,,,,,,,,78.0,28.0,51.0,52.0,,,,,,,,,,,,,,11,,12,24,16,25,8,17,8,2,2,2,2.7,1510.0
7956,2026-09-29,,,,,,,,0,0,1645.0,10.6,8.3,9.7,9.5,4.0,12.0,12.0,,,,10.1,0,,,1012.9,1012.1,1012.7,1012.6,,,,,,,80.0,27.0,54.0,54.0,-1,-1,-1,,,,,,,,,,,11,,11,25,16,25,9,17,4,2,3,2,3.3,1303.0
8301,2026-09-29,,,,,,,,0,0,1590.0,10.3,13.1,13.7,12.4,16.0,28.0,28.0,,,,5.1,0,,,906.7,906.4,906.9,906.7,,,,,,,54.0,48.0,65.0,56.0,-1,-1,-1,,,,,,,,,,,10,,17,23,18,23,16,20,,1,2,1,1.6,1512.0
8806,2026-09-29,,,,,,,,0,0,1505.0,9.6,14.9,13.2,12.6,32.0,12.0,32.0,,,,4.5,0,,,916.2,914.9,916.0,915.7,,,,,,,95.0,57.0,85.0,79.0,-1,-1,-1,,,,,,,,,,,8,,7,22,14,23,7,15,6,1,2,1,1.6,1329.0
8807,2026-09-29,,,,,,,,,,,,,,,,,,,,,,0,,,,,,,,,,,,,,,,,,,,,,,,,,,,,,,,,,,,,,,,,,,
9016,2026-09-29,0.0,0.0,0.0,1.0,2.0,2.0,17.0,0,0,1602.0,11.3,15.3,14.8,13.8,20.0,4.0,32.0,1,0,0,7.7,0,0,0,964.7,962.7,963.7,963.7,0,0,,,,,88.0,53.0,68.0,70.0,-1,-1,-1,,0,0,,-1.0,0,-1.0,40000.0,35000.0,8000.0,9,1,11,24,19,24,11,17,9,1,2,2,2.1,1430.0
9019,2026-09-29,,,,,,,,0,0,1429.0,10.2,12.5,14.5,12.4,0.0,12.0,16.0,,,,3.0,0,,,,,,,,,,,,,95.0,42.0,84.0,74.0,-1,-1,-1,,,,,,,,,,,10,,8,24,15,25,7,16,3,0,1,1,0.7,1555.0
9105,2026-09-29,,,,,,,,0,0,1475.0,9.3,15.4,14.7,13.1,16.0,8.0,32.0,,,,5.5,0,,,,,,,,,,,,,95.0,49.0,81.0,75.0,-1,-1,-1,,,,,,,,,,,9,,7,25,16,26,6,16,,1,2,1,1.6,1555.0
9110,2026-09-29,,,,,,,,0,0,1661.0,9.5,13.8,14.4,12.6,0.0,32.0,24.0,,,,9.6,0,,,953.8,952.2,953.1,953.0,,,,,,,93.0,52.0,86.0,77.0,-1,-1,-1,,,,,,,,,,,10,,7,22,15,22,6,14,3,0,3,1,1.9,1417.0
9211,2026-09-29,,,,,,,,0,0,1547.0,10.3,13.7,14.2,12.7,20.0,4.0,0.0,,,,6.0,0,,,950.2,948.5,949.6,949.4,,,,,,,82.0,44.0,88.0,71.0,-1,-1,-1,,,,,,,,,,,9,,10,25,14,25,9,17,5,2,1,0,1.2,617.0
9215,2026-09-29,,,,,,,,0,0,1693.0,7.8,11.6,10.2,9.9,20.0,4.0,12.0,,,,4.9,0,,,844.2,844.7,844.8,844.6,,,,,,,43.0,62.0,56.0,54.0,-1,-1,-1,,,,,,,,,,,11,,16,17,16,19,14,17,,2,2,2,2.7,443.0
9406,2026-09-29,,,,,,,,0,0,1508.0,11.3,15.0,15.2,13.8,12.0,28.0,8.0,,,,9.6,0,,,965.5,964.3,964.8,964.9,,,,,,,67.0,48.0,76.0,64.0,-1,-1,-1,,,,,,,,,,,10,,15,25,18,26,13,19,12,2,2,2,2.7,631.0
9501,2026-09-29,0.0,0.0,0.0,2.0,4.0,2.0,27.0,0,0,1612.0,9.6,12.5,13.3,11.8,8.0,16.0,8.0,1,0,1,3.6,0,0,0,940.7,939.6,940.4,940.2,0,0,,,,,87.0,39.0,78.0,68.0,-1,-1,-1,0,0,0,,-1.0,0,-1.0,15000.0,15000.0,10000.0,10,1,8,25,15,26,7,17,5,1,1,1,1.1,1538.0
9512,2026-09-29,,,,,,,,0,0,,12.2,15.0,14.9,14.0,4.0,24.0,4.0,,,,7.2,0,,,959.0,957.9,958.8,958.6,,,,,,,87.0,52.0,81.0,73.0,-1,-1,-1,,,,,,,,,,,11,,12,24,16,26,11,19,,1,2,1,1.6,922.0
9609,2026-09-29,,,,,,,,0,0,1538.0,10.7,13.8,13.5,12.7,4.0,16.0,12.0,,,,5.2,0,,,960.9,958.9,959.9,959.9,,,,,,,95.0,47.0,74.0,72.0,-1,-1,-1,,,,,,,,,,,9,,9,24,16,26,8,17,,1,1,1,1.1,1918.0
9618,2026-09-29,,,,,,,,0,0,1554.0,12.0,15.2,14.2,13.8,12.0,28.0,12.0,,,,6.2,0,,,963.1,961.9,962.7,962.6,,,,,,,77.0,50.0,87.0,71.0,-1,-1,-1,,,,,,,,,,,9,,14,24,14,25,10,18,7,1,2,1,1.6,1005.0
9643,2026-09-29,,,,,,,,0,0,,11.1,12.0,11.4,11.5,4.0,12.0,8.0,,,,10.2,0,,,937.6,936.4,937.5,937.2,,,,,,,79.0,44.0,59.0,61.0,0,-1,0,,,,,,,,,,,10,,12,23,17,23,11,17,,2,3,3,3.9,841.0
9700,2026-09-29,,,,,,,,0,0,1493.0,9.4,11.8,11.1,10.8,28.0,12.0,8.0,,,,8.3,0,,,932.4,931.0,932.2,931.9,,,,,,,95.0,45.0,58.0,66.0,-1,-1,-1,,,,,,,,,,,11,,7,22,17,22,6,14,,1,3,2,2.8,1105.0
9801,2026-09-29,0.0,0.0,0.0,1.0,4.0,2.0,23.0,0,0,1500.0,8.0,12.8,10.8,10.5,20.0,4.0,4.0,1,0,1,11.0,0,0,1,949.7,947.7,949.0,948.8,0,0,,,,,94.0,46.0,67.0,69.0,-1,-1,-1,0,0,0,,-1.0,0,-1.0,30000.0,40000.0,30000.0,9,0,5,23,14,23,5,14,1,1,3,1,2.2,1003.0
9811,2026-09-29,,,,0.0,0.0,0.0,0.0,0,0,1536.0,9.5,11.7,11.1,10.8,12.0,4.0,12.0,1,0,0,9.2,0,0,0,944.7,942.7,944.1,943.8,0,0,,,,,96.0,42.0,59.0,66.0,-1,-1,-1,,0,,,-1.0,0,-1.0,15000.0,45000.0,5000.0,10,1,7,23,17,23,6,15,4,1,2,3,2.8,1623.0
9911,2026-09-29,,,,,,,,0,0,1600.0,9.2,12.3,12.0,11.2,0.0,20.0,28.0,,,,6.3,0,,,950.7,948.8,949.9,949.8,,,,,,,100.0,42.0,72.0,71.0,-1,-1,-1,,,,,,,,,,,9,,6,24,15,24,5,15,,0,1,1,0.7,1516.0
9919,2026-09-29,,,,,,,,1,0,,11.3,11.0,10.3,10.9,8.0,12.0,12.0,,,,17.3,0,,,953.2,952.6,953.4,953.1,,,,,,,81.0,37.0,43.0,54.0,-1,-1,-1,,,,0.0,,,,,,,11,,12,24,20,24,9,17,7,1,4,4,4.9,1950.0
9925,2026-09-29,,,,,,,,0,0,1595.0,10.5,11.4,11.5,11.1,20.0,8.0,8.0,,,,14.5,0,,,943.5,942.1,943.1,942.9,,,,,,,86.0,45.0,60.0,64.0,-1,-1,-1,,,,,,,,,,,10,,10,21,17,22,10,16,7,1,2,3,2.8,1116.0
10005,2026-09-29,,,,,,,,0,0,1521.0,10.5,11.4,11.0,11.0,12.0,12.0,12.0,,,,12.4,0,,,962.1,961.1,962.0,961.7,,,,,,,71.0,40.0,48.0,53.0,-1,-1,-1,,,,,,,,,,,9,,13,23,20,24,10,17,,2,3,4,4.7,1425.0
10111,2026-09-29,,,,,,,,0,0,,10.4,10.4,10.3,10.4,16.0,12.0,12.0,,,,11.1,0,,,888.8,888.8,889.6,889.1,,,,,,,96.0,53.0,72.0,74.0,-1,-1,-1,,,,,,,,,,,7,,8,17,12,18,8,13,,3,4,3,5.3,1127.0
10200,2026-09-29,0.0,,0.0,4.0,0.0,2.0,20.0,0,0,1647.0,10.4,10.3,10.8,10.5,4.0,16.0,28.0,1,0,0,5.8,0,0,0,937.1,936.2,937.0,936.8,0,0,,,,,87.0,44.0,65.0,65.0,-1,-1,-1,,,,,-1.0,0,-1.0,4000.0,7000.0,5000.0,11,0,10,20,15,21,7,14,3,1,1,2,1.6,1015.0
10401,2026-09-29,,,,0.0,,,,,,,8.0,9.4,9.8,9.1,,,,1,,,,0,,,944.9,944.0,944.8,944.6,,,,,,,94.0,39.0,63.0,65.0,-1,-1,-1,,0,,,-1.0,0,-1.0,18000.0,,,,,5,21,14,21,4,12,,,,,,
10412,2026-09-29,,,,,,,,,,,8.9,8.8,7.9,8.5,16.0,16.0,16.0,,,,,0,,,852.3,853.5,853.5,853.1,,,,,,,75.0,55.0,73.0,68.0,-1,-1,-1,,,,,,,,,,,,,10,14,8,15,7,11,,5,3,4,6.9,
10415,2026-09-29,,,,,,,,0,0,1639.0,9.2,9.2,8.0,8.8,20.0,16.0,20.0,,,,12.7,0,,,912.7,913.1,913.5,913.1,,,,,,,98.0,46.0,48.0,64.0,-1,-1,-1,0,0,0,,,,,,,,10,,6,18,15,18,6,12,5,3,3,3,4.6,1840.0
10500,2026-09-29,,,,0.0,0.0,0.0,0.0,0,0,1685.0,8.8,9.6,7.8,8.7,20.0,16.0,20.0,0,0,0,10.9,0,0,0,913.3,913.7,914.3,913.8,0,0,,,,,58.0,48.0,52.0,53.0,-1,-1,-1,,0,0,,-1.0,0,-1.0,6000.0,10000.0,10000.0,10,0,13,18,13,18,12,15,10,3,3,2,3.9,1230.0
10510,2026-09-29,,,,,,,,0,0,1596.0,10.2,10.4,10.9,10.5,0.0,12.0,0.0,,,,6.1,0,,,968.7,967.8,969.3,968.6,,,,,,,92.0,37.0,73.0,67.0,-1,-1,-1,0,0,0,,,,,,,,11,,9,23,13,24,6,15,4,0,2,0,0.9,1046.0
10531,2026-09-29,,,,,,,,0,0,1591.0,9.6,9.5,8.8,9.3,20.0,12.0,12.0,,,,10.2,0,,,976.6,976.0,977.3,976.6,,,,,,,82.0,33.0,50.0,55.0,-1,-1,-1,,,,,,,,,,,11,,9,24,16,24,7,16,,1,3,1,2.2,1354.0
10607,2026-09-29,,,,,,,,0,0,1514.0,8.0,10.0,9.9,9.3,0.0,16.0,12.0,,,,9.1,0,,,973.0,972.5,973.6,973.0,,,,,,,96.0,39.0,72.0,69.0,-1,-1,-1,,,,,,,,,,,9,,4,22,12,23,4,13,0,0,2,1,1.2,1400.0
10710,2026-09-29,,,,,,,,0,0,1623.0,10.2,9.1,7.9,9.1,16.0,12.0,16.0,,,,11.5,0,,,992.6,992.1,993.0,992.6,,,,,,,87.0,30.0,40.0,52.0,-1,-1,-1,,,,,,,,,,,11,,9,24,17,25,9,17,,1,3,2,2.8,1157.0
10720,2026-09-29,,,,,,,,0,0,1668.0,8.7,8.3,7.5,8.2,16.0,12.0,20.0,,,,9.5,0,,,,,,,,,,,,,49.0,31.0,41.0,40.0,-1,-1,-1,,,,,,,,,,,11,,16,22,16,23,12,17,11,1,3,2,2.8,1125.0
11102,2026-09-29,0.0,0.0,0.0,3.0,6.0,9.0,60.0,,,,,,,,,,,1,0,0,,0,0,0,,,,,0,0,,,,,,,,,-1,-1,-1,0,0,0,,-1.0,0,-1.0,12000.0,7000.0,7000.0,,1,,,,,,,,,,,,
11104,2026-09-29,,,,,,,,0,0,1436.0,12.5,15.6,14.5,14.2,8.0,28.0,8.0,,,,4.5,0,,,969.9,968.7,969.0,969.2,,,,,,,89.0,56.0,70.0,72.0,-1,-1,-1,,,,,,,,,,,9,,12,23,18,24,12,18,7,1,2,1,1.6,2127.0
11106,2026-09-29,,,,,,,,0,0,1473.0,10.0,11.7,13.0,11.6,32.0,28.0,4.0,,,,7.1,0,,,929.0,927.7,929.0,928.6,,,,,,,63.0,33.0,58.0,51.0,-1,-1,-1,,,,,,,,,,,9,,14,27,19,27,14,20,10,1,2,1,1.6,1515.0
11114,2026-09-29,0.0,,,6.0,0.0,,,0,0,1470.0,12.4,15.3,15.7,14.5,0.0,32.0,0.0,0,0,,3.9,0,0,0,973.3,971.8,972.3,972.5,0,0,,,,,97.0,51.0,70.0,73.0,,-1,-1,,,,,-1.0,0,-1.0,5000.0,25000.0,,9,0,11,24,19,25,10,17,7,0,1,0,0.4,1442.0
11115,2026-09-29,0.0,0.0,0.0,3.0,2.0,1.0,20.0,0,0,1385.0,11.4,14.2,15.2,13.6,0.0,28.0,8.0,0,0,0,6.4,0,0,0,970.1,968.4,969.3,969.3,0,0,,,,,88.0,46.0,68.0,67.0,-1,-1,-1,,,,,-1.0,0,-1.0,30000.0,30000.0,25000.0,9,0,11,25,19,25,11,18,9,0,2,1,1.2,1524.0
11116,2026-09-29,,,,,,,,0,0,,8.2,10.9,11.4,10.2,4.0,20.0,4.0,,,,4.5,0,,,,,,,,,,,,,53.0,47.0,72.0,57.0,-1,-1,-1,,,,,,,,,,,8,,14,20,14,21,13,17,,1,2,1,1.6,1202.0
11135,2026-09-29,,,,,,,,0,0,1427.0,11.2,13.8,14.2,13.1,20.0,20.0,16.0,,,,7.0,0,,,939.2,938.4,939.1,938.9,,,,,,,82.0,48.0,70.0,67.0,-1,-1,-1,,,,,,,,,,,9,,12,23,18,24,11,17,7,1,2,1,1.6,1536.0
11146,2026-09-29,,,,,,,,0,0,1506.0,12.4,14.5,14.7,13.9,16.0,24.0,12.0,,,,5.6,0,,,974.2,972.9,973.2,973.4,,,,,,,93.0,53.0,66.0,71.0,-1,-1,-1,,,,,,,,,,,10,,11,23,19,24,10,17,,1,2,1,1.6,1429.0
11200,2026-09-29,,,,,,,,,,,,,,,,,,,,,,0,,,,,,,,,,,,,,,,,,,,,,,,,,,,,,,,,,,,,,,,,,,
11203,2026-09-29,,,,,,,,,,1507.0,10.2,12.4,14.3,12.3,12.0,24.0,,,,,,0,,,926.2,924.5,926.2,925.6,,,,,,,92.0,39.0,80.0,70.0,,-1,,,,,,,,,,,,9,,9,25,16,,,,5,1,1,,,
11301,2026-09-29,,,,,,,,0,0,1492.0,8.6,11.6,12.4,10.9,8.0,4.0,8.0,,,,6.2,0,,,882.9,882.1,883.3,882.8,,,,,,,59.0,41.0,72.0,57.0,0,-1,-1,,,,,,,,,,,9,,13,23,15,24,12,18,,1,1,1,1.1,131.0
11305,2026-09-29,,,,,,,,0,0,1618.0,7.8,10.3,12.2,10.1,24.0,20.0,0.0,,,,6.6,0,,,859.7,858.9,860.0,859.5,,,,,,,63.0,38.0,71.0,57.0,-1,-1,-1,,,,,,,,,,,9,,10,22,15,23,9,16,5,1,1,0,0.7,1451.0
11306,2026-09-29,,,,,,,,,,,,,,,,,,,,,,0,,,,,,,,,,,,,,,,,,,,,,,,,,,,,,,,,,,,,,,,,,,
11311,2026-09-29,,,,,,,,0,0,1564.0,9.6,11.4,13.1,11.4,0.0,4.0,0.0,,,,6.9,0,,,,,,,,,,,,,73.0,41.0,78.0,64.0,-1,-1,-1,,,,,,,,,,,9,,11,23,15,23,11,17,,0,3,0,1.5,1408.0
11401,2026-09-29,,,,0.0,,,,,,,,,,,,,,1,,,,0,0,,,,,,0,0,,,,,,,,,,-1,,,0,,,-1.0,0,-1.0,15000.0,,,,1,,,,,,,,,,,,
11402,2026-09-29,,,,,,,,0,0,1569.0,8.7,10.8,12.4,10.6,28.0,8.0,24.0,,,,6.2,0,,,899.1,897.1,898.9,898.4,,,,,,,84.0,34.0,76.0,65.0,-1,-1,-1,,,,,,,,,,,9,,8,25,14,25,7,16,6,1,1,1,1.1,1550.0
11410,2026-09-29,,,,,,,,0,0,1581.0,9.3,13.7,12.4,11.8,12.0,24.0,0.0,,,,7.2,0,,,897.9,897.0,898.0,897.6,,,,,,,92.0,47.0,81.0,73.0,-1,-1,-1,,,,,,,,,,,10,,7,24,13,24,6,15,1,1,2,0,1.2,1452.0
11505,2026-09-29,,,,,,,,0,0,1518.0,9.7,14.1,14.7,12.8,16.0,28.0,8.0,,,,9.3,0,,,925.5,924.2,925.3,925.0,,,,,,,80.0,48.0,82.0,70.0,-1,-1,-1,,,,,,,,,,,10,,10,24,16,24,9,17,3,1,4,1,3.0,1319.0
11506,2026-09-29,1.0,,,3.0,0.0,0.0,,,,,,,,,,,,1,0,0,,0,,0,,,,,,,,,,,,,,,,-1,-1,,0,0,,-1.0,0,-1.0,8000.0,20000.0,15000.0,,,,,,,,,,,,,,
11602,2026-09-29,0.0,0.0,0.0,2.0,1.0,1.0,13.0,,,,,,,,,,,0,0,0,,0,0,0,,,,,0,0,,,,,,,,,,-1,-1,,0,0,,-1.0,0,-1.0,40000.0,40000.0,40000.0,,0,,,,,,,,,,,,
11603,2026-09-29,,,,,,,,0,0,1580.0,10.0,12.0,12.7,11.6,20.0,32.0,8.0,,,,7.8,0,,,910.9,909.3,910.9,910.4,,,,,,,67.0,37.0,80.0,61.0,-1,-1,-1,,,,,,,,,,,9,,13,26,14,26,9,17,7,1,2,2,2.1,1434.0
11706,2026-09-29,,,,,,,,0,0,1528.0,8.9,11.7,11.4,10.7,0.0,8.0,24.0,,,,6.8,0,,,889.9,888.5,889.7,889.4,,,,,,,91.0,40.0,78.0,70.0,-1,-1,-1,,,,,,,,,,,10,,7,24,13,24,5,15,2,0,1,1,0.7,1619.0
11800,2026-09-29,0.0,0.0,0.0,1.0,1.0,1.0,10.0,,,,,,,,,,,1,0,0,,0,0,0,,,,,0,0,,,,,,,,,-1,-1,-1,0,0,0,,-1.0,0,-1.0,30000.0,30000.0,30000.0,,1,,,,,,,,,,,,
11803,2026-09-29,0.0,,,2.0,,,,0,0,1582.0,10.5,13.1,14.0,12.5,24.0,8.0,4.0,1,,,10.6,0,0,0,952.1,949.3,950.9,950.8,0,0,,,,,79.0,37.0,60.0,59.0,-1,-1,-1,,0,,,-1.0,0,-1.0,9000.0,,,11,1,11,27,20,28,11,19,8,2,2,1,2.1,2218.0
11804,2026-09-29,,,,,,,,0,0,,10.3,14.6,13.0,12.6,24.0,8.0,12.0,,,,16.6,0,,,955.1,951.9,953.5,953.5,,,,,,,83.0,44.0,49.0,59.0,-1,-1,-1,,,,,,,,,,,11,,10,26,22,27,9,18,6,2,2,4,4.0,1822.0
11901,2026-09-29,,,,,,,,0,0,1549.0,11.2,12.5,15.9,13.2,24.0,8.0,20.0,,,,7.0,0,,,961.1,958.5,959.9,959.8,,,,,,,98.0,40.0,86.0,75.0,-1,-1,-1,,,,,,,,,,,10,,9,25,16,25,9,17,,1,3,1,2.2,1501.0
12015,2026-09-29,,,,,,,,0,0,1629.0,10.4,12.5,13.2,12.0,8.0,20.0,8.0,,,,4.5,0,,,917.1,916.0,916.9,916.7,,,,,,,78.0,47.0,74.0,66.0,-1,-1,-1,,,,,,,,,,,10,,11,22,16,24,11,18,,1,2,2,2.1,1834.0
12016,2026-09-29,,,,,,,,,,,,,,,,,,,,,,,,,,,,,,,,,,,,,,,,,,,,,,,,,,,,,,,,,,,,,,,,,
12203,2026-09-29,,,,,,,,0,0,1607.0,9.5,13.7,13.4,12.2,0.0,24.0,16.0,,,,3.6,0,,,934.4,932.7,933.7,933.6,,,,,,,91.0,44.0,78.0,71.0,-1,-1,-1,,,,,,,,,,,9,,8,25,15,25,7,16,5,0,1,1,0.7,1359.0
12215,2026-09-29,,,,,,,,0,0,1701.0,7.6,10.2,9.7,9.2,20.0,4.0,20.0,,,,3.9,0,,,830.3,830.9,831.2,830.8,,,,,,,45.0,48.0,56.0,50.0,,,,,,,,,,,,,,11,,15,19,15,19,14,17,,2,1,2,2.1,1810.0
12216,2026-09-29,,,,,,,,,,,,,,,,,,,,,,0,,,,,,,,,,,,,,,,,-1,-1,-1,,,,,,,,,,,,,,,,,,,,,,,,
12231,2026-09-29,,,,,,,,0,0,1563.0,9.7,14.2,13.8,12.6,20.0,12.0,20.0,,,,4.7,0,,,,,,,,,,,,,96.0,55.0,91.0,81.0,-1,-1,-1,,,,,,,,,,,11,,7,22,13,24,4,14,,1,1,1,1.1,1625.0
12302,2026-09-29,,,,,,,,0,0,1596.0,9.0,13.0,12.7,11.6,28.0,12.0,0.0,,,,5.0,0,,,912.0,910.1,911.3,911.1,,,,,,,89.0,58.0,85.0,77.0,-1,-1,-1,,,,,,,,,,,9,,7,19,13,20,6,13,4,1,2,0,1.2,1255.0
12311,2026-09-29,,,,,,,,0,0,1759.0,7.9,9.7,9.9,9.2,24.0,16.0,12.0,,,,5.9,0,,,811.8,812.4,812.7,812.3,,,,,,,53.0,53.0,67.0,58.0,-1,-1,-1,,,,,,,,,,,11,,13,16,13,18,11,15,,3,1,2,2.8,1953.0
12323,2026-09-29,,,,,,,,0,0,,9.7,14.4,13.2,12.4,20.0,12.0,20.0,,,,9.7,0,,,936.9,934.2,935.6,935.6,,,,,,,96.0,51.0,73.0,73.0,-1,-1,-1,,,,,,,,,,,11,,7,23,16,24,5,15,,1,2,2,2.1,1645.0
12351,2026-09-29,,,,,,,,,,,10.1,12.7,13.6,12.1,,,,,,,,0,,,913.2,912.1,912.9,912.7,,,,,,,89.0,45.0,79.0,71.0,-1,-1,-1,,,,,,,,,,,,,9,23,15,24,9,16,,,,,,
12352,2026-09-29,0.0,0.0,,1.0,2.0,0.0,10.0,,,,,,,,,,,1,0,0,,0,0,0,,,,,0,0,,,,,,,,,-1,-1,-1,0,0,0,,-1.0,0,-1.0,20000.0,25000.0,20000.0,,0,,,,,,,,,,,,
12504,2026-09-29,,,,,,,,0,0,1535.0,10.1,12.8,13.2,12.0,12.0,12.0,12.0,,,,4.6,0,,,960.8,957.1,958.9,958.9,,,,,,,93.0,42.0,66.0,67.0,-1,-1,-1,,,,,,,,,,,9,,8,24,18,25,8,17,8,1,1,2,1.6,1943.0
12506,2026-09-29,,,,,,,,,,,,,,,,,,,,,,,,,,,,,,,,,,,,,,,,,,,,,,,,,,,,,,,,,,,,,,,,,
12513,2026-09-29,,,,,,,,0,0,,10.3,12.5,11.1,11.3,8.0,12.0,4.0,,,,9.2,0,,,937.8,935.4,936.7,936.6,,,,,,,86.0,42.0,49.0,59.0,-1,-1,-1,,,,,,,,,,,11,,10,24,20,25,9,17,6,1,3,3,3.4,1739.0
12530,2026-09-29,0.0,0.0,0.0,1.0,1.0,1.0,,0,0,,10.1,14.7,12.9,12.6,12.0,16.0,20.0,1,0,0,7.7,0,0,0,949.2,946.3,947.5,947.7,0,0,,,,,94.0,56.0,63.0,71.0,-1,-1,-1,,0,0,,-1.0,0,-1.0,18000.0,30000.0,20000.0,,1,8,22,18,24,8,16,6,1,1,1,1.1,1649.0
12616,2026-09-29,,,,,,,,0,0,1673.0,8.7,12.2,10.6,10.5,0.0,8.0,0.0,,,,10.3,0,,,928.6,926.9,928.1,927.9,,,,,,,96.0,47.0,84.0,76.0,-1,-1,-1,,,,,,,,,,,11,,6,22,11,22,4,13,4,0,4,0,2.3,1358.0
12711,2026-09-29,,,,0.0,0.0,0.0,0.0,0,0,1763.0,9.9,11.4,10.4,10.6,32.0,8.0,32.0,0,0,0,5.2,0,0,0,888.0,887.8,888.6,888.1,0,0,,,,,86.0,54.0,71.0,70.0,-1,-1,-1,0,0,0,,-1.0,0,-1.0,29000.0,29000.0,12000.0,11,1,9,18,13,20,7,13,4,1,2,1,1.6,1044.0
12720,2026-09-29,,,,,,,,0,0,1894.0,,,,,32.0,4.0,28.0,,,,5.9,0,,,,,,,,,,,,,,,,,,,,,,,,,,,,,,11,,,,,,,,,2,1,1,1.6,2145.0
12721,2026-09-29,,,,,,,,,,,3.6,8.1,4.0,5.2,,,,,,,,0,,,,,,,,,,,,,40.0,60.0,38.0,46.0,-1,-1,-1,,,,0.0,,,,,,,,,6,11,8,12,4,8,,,,,,
12811,2026-09-29,,,,,,,,0,0,1627.0,9.3,12.0,11.1,10.8,24.0,8.0,4.0,,,,9.6,0,,,936.2,934.5,935.6,935.4,,,,,,,90.0,46.0,56.0,64.0,-1,-1,-1,,,,,,,,,,,10,,7,22,17,22,6,14,4,1,3,3,3.4,1340.0
13116,2026-09-29,,,,,,,,0,0,1607.0,11.0,10.4,10.9,10.8,0.0,16.0,24.0,,,,5.3,0,,,926.5,925.6,926.7,926.3,,,,,,,92.0,44.0,73.0,70.0,-1,-1,-1,,,,,,,,,,,11,,10,20,13,21,8,15,8,0,1,2,1.2,1459.0
13120,2026-09-29,,,,,,,,0,0,1493.0,9.0,11.2,11.2,10.5,20.0,8.0,12.0,,,,11.3,0,,,940.5,938.5,939.8,939.6,,,,,,,93.0,45.0,73.0,70.0,-1,-1,-1,,,,,,,,,,,8,,7,21,13,21,5,13,3,1,4,1,3.0,1139.0
13302,2026-09-29,,,,,,,,,,,,,,,,,,,,,,,,,,,,,,,,,,,,,,,,,,,,,,,,,,,,,,,,,,,,,,,,,
13308,2026-09-29,,,,,,,,0,0,1397.0,,,,,32.0,16.0,0.0,,,,7.8,0,,,977.8,976.3,977.4,977.2,,,,,,,,,,,,,,,,,,,,,,,,9,,,,,,,,,1,1,0,0.7,1146.0
13312,2026-09-29,,,,,,,,0,0,1674.0,10.3,10.5,11.3,10.7,4.0,12.0,4.0,,,,6.5,0,,,963.8,961.4,962.7,962.6,,,,,,,88.0,38.0,62.0,63.0,-1,-1,-1,,,,,,,,,,,10,,9,23,16,24,8,16,6,1,2,1,1.6,1524.0
13401,2026-09-29,,,,,,,,0,0,1566.0,9.1,9.2,11.5,9.9,0.0,20.0,4.0,,,,8.5,0,,,967.3,965.2,966.3,966.3,,,,,,,100.0,35.0,68.0,68.0,-1,-1,-1,,,,,,,,,,,10,,6,22,15,23,4,14,1,0,2,2,1.8,1155.0
13515,2026-09-29,,,,,,,,0,0,1658.0,9.8,10.1,8.7,9.5,32.0,16.0,20.0,,,,7.9,0,,,908.5,908.8,909.3,908.9,,,,,,,76.0,48.0,63.0,62.0,-1,-1,-1,,,,,,,,,,,11,,11,18,12,19,9,14,4,1,2,1,1.6,1440.0
13605,2026-09-29,,,,,,,,0,0,1682.0,8.6,9.7,9.6,9.3,16.0,16.0,32.0,,,,7.3,0,,,987.4,986.6,987.5,987.2,,,,,,,86.0,33.0,58.0,59.0,-1,-1,-1,,,,,,,,,,,11,,7,24,15,24,5,15,4,1,2,1,1.6,1249.0
13606,2026-09-29,,,,,,,,0,0,1688.0,9.7,10.2,8.7,9.5,28.0,12.0,12.0,,,,10.4,0,,,946.4,946.4,947.0,946.6,,,,,,,71.0,41.0,53.0,55.0,-1,-1,-1,,,,,,,,,,,11,,12,21,15,22,9,15,4,2,3,1,2.8,1400.0
13640,2026-09-29,,,,,,,,0,0,1582.0,10.0,10.1,10.2,10.1,28.0,16.0,28.0,,,,7.3,0,,,974.5,974.2,974.9,974.5,,,,,,,92.0,37.0,72.0,67.0,-1,-1,-1,,,,,,,,,,,10,,8,23,12,23,7,15,4,1,2,1,1.6,1358.0
13702,2026-09-29,,,,,,,,0,0,1762.0,8.6,8.5,7.0,8.0,8.0,16.0,8.0,,,,8.1,0,,,953.2,953.3,953.8,953.4,,,,,,,53.0,34.0,39.0,42.0,-1,-1,-1,,,,,,,,,,,11,,14,21,16,22,12,17,,1,2,2,2.1,1304.0
13707,2026-09-29,,,,,,,,0,0,,9.7,10.0,8.9,9.5,32.0,16.0,0.0,,,,8.4,0,,,,,,,,,,,,,85.0,36.0,63.0,61.0,-1,-1,-1,0,0,0,,,,,,,,11,,9,23,12,23,6,15,3,1,2,0,1.2,1231.0
13811,2026-09-29,,,,,,,,0,0,,9.6,8.4,7.2,8.4,28.0,16.0,32.0,,,,7.4,0,,,990.2,989.9,990.5,990.2,,,,,,,58.0,29.0,35.0,41.0,-1,-1,-1,,,,,,,,,,,11,,15,24,18,24,9,17,6,2,2,1,2.1,1255.0
13907,2026-09-29,,,,,,,,0,0,1588.0,9.5,9.2,7.9,8.9,24.0,12.0,0.0,,,,9.7,0,,,1002.9,1002.3,1003.0,1002.7,,,,,,,80.0,30.0,55.0,55.0,-1,-1,-1,,,,,,,,,,,10,,10,25,12,25,7,16,4,1,2,0,1.2,1523.0
14103,2026-09-29,,,,,,,,0,0,1442.0,10.6,13.2,13.7,12.5,12.0,24.0,12.0,,,,6.8,0,,,955.3,953.4,955.1,954.6,,,,,,,84.0,39.0,67.0,63.0,-1,-1,-1,,,,,,,,,,,9,,10,26,18,27,10,19,8,1,2,1,1.6,1310.0
14105,2026-09-29,,,,0.0,0.0,0.0,,,,,,,,,,,,1,0,1,,0,,0,,,,,,,,,,,,,,,,-1,-1,,0,0,,-1.0,0,-1.0,20000.0,20000.0,20000.0,,,,,,,,,,,,,,
14115,2026-09-29,,,,,,,,0,0,1294.0,8.8,10.5,11.2,10.2,16.0,4.0,16.0,,,,5.4,0,,,904.8,904.0,905.6,904.8,,,,,,,68.0,36.0,70.0,58.0,-1,-1,-1,,,,,,,,,,,7,,11,24,14,24,10,17,,2,2,2,2.7,1329.0
14301,2026-09-29,,,,,,,,,,,,,,,,,,,,,,,,,,,,,,,,,,,,,,,,,,,,,,,,,,,,,,,,,,,,,,,,,
14302,2026-09-29,,,,,,,,0,0,1481.0,8.5,9.1,10.4,9.3,20.0,8.0,20.0,,,,5.4,0,,,878.4,875.8,877.7,877.3,,,,,,,81.0,29.0,63.0,58.0,-1,-1,-1,,,,,,,,,,,8,,8,25,15,26,7,16,4,1,1,1,1.1,1809.0
14305,2026-09-29,,,,,,,,0,0,1661.0,7.5,7.7,8.9,8.0,8.0,24.0,8.0,,,,7.2,0,,,799.1,799.0,799.7,799.3,,,,,,,54.0,36.0,57.0,49.0,-1,-1,-1,,,,0.0,,,,,,,10,,12,19,14,19,11,15,,3,3,3,4.6,1605.0
14308,2026-09-29,,,,,,,,0,0,,5.2,7.0,6.8,6.3,4.0,12.0,20.0,,,,5.0,0,,,,,,,,,,,,,46.0,44.0,56.0,49.0,,,,,,,,,,,,,,,,9,14,10,14,9,12,,2,2,2,2.7,1339.0
14310,2026-09-29,,,0.0,0.0,0.0,1.0,3.0,,,,,,,,,,,1,0,0,,0,0,0,,,,,0,0,,,,,,,,,,-1,-1,,0,0,,-1.0,0,-1.0,15000.0,30000.0,15000.0,,1,,,,,,,,,,,,
14311,2026-09-29,,,,,,,,0,0,1439.0,9.2,10.7,11.0,10.3,4.0,20.0,4.0,,,,9.3,0,,,885.4,884.7,886.3,885.5,,,,,,,56.0,41.0,66.0,54.0,-1,-1,-1,,,,,,,,,,,8,,15,22,15,22,12,17,,2,1,2,2.1,450.0
14403,2026-09-29,,,,,,,,0,0,1461.0,9.6,12.0,12.3,11.3,20.0,4.0,12.0,,,,12.7,0,,,931.0,927.1,929.3,929.1,,,,,,,69.0,32.0,50.0,50.0,-1,-1,-1,,,,,,,,,,,8,,12,28,21,29,12,20,10,2,1,4,3.5,1836.0
14513,2026-09-29,,,,,,,,0,0,1569.0,9.6,10.9,12.2,10.9,32.0,16.0,24.0,,,,4.6,0,,,934.4,930.9,932.9,932.7,,,,,,,88.0,30.0,56.0,58.0,-1,-1,-1,,,,,,,,,,,9,,8,27,19,28,8,18,,1,1,1,1.1,1516.0
14521,2026-09-29,0.0,0.0,,3.0,3.0,,,0,0,1351.0,9.6,11.5,12.0,11.0,20.0,20.0,20.0,0,0,0,11.9,0,0,0,,,,,0,0,,,,,88.0,34.0,54.0,59.0,-1,-1,-1,0,0,0,,-1.0,0,-1.0,25000.0,35000.0,3000.0,7,0,8,26,19,26,8,17,4,1,3,2,2.8,1637.0
14602,2026-09-29,,,,,,,,,,,,,,,,,,,,,,0,,,,,,,,,,,,,,,,,,,,,,,,,,,,,,,,,,,,,,,,,,,
14603,2026-09-29,,,,,,,,0,0,1485.0,9.5,12.1,12.6,11.4,20.0,4.0,8.0,,,,9.5,0,,,946.8,943.1,945.1,945.0,,,,,,,92.0,35.0,55.0,61.0,-1,-1,-1,,,,,,,,,,,9,,7,27,20,28,7,17,3,1,2,2,2.1,1651.0
14621,2026-09-29,,,,,,,,,,,,,,,,,,,,,,0,,,,,,,,,,,,,,,,,,,,,,,,,,,,,,,,,,,,,,,,,,,
14622,2026-09-29,,,,,,,,0,0,1111.0,7.6,10.5,10.0,9.4,0.0,32.0,0.0,,,,7.5,0,,,862.0,860.1,862.3,861.5,,,,,,,94.0,39.0,86.0,73.0,-1,-1,-1,,,,,,,,,,,5,,4,22,9,23,3,13,,0,2,0,0.9,1220.0
14631,2026-09-29,,,,,,,,0,0,1396.0,9.1,11.0,11.4,10.5,12.0,28.0,12.0,,,,5.1,0,,,905.5,903.3,905.1,904.6,,,,,,,83.0,36.0,68.0,62.0,-1,-1,-1,,,,,,,,,,,7,,8,24,15,25,8,17,4,1,1,1,1.1,2240.0
14701,2026-09-29,,,,,,,,0,0,1338.0,9.3,14.3,12.0,11.9,20.0,12.0,20.0,,,,5.5,0,,,,,,,,,,,,,75.0,46.0,73.0,65.0,-1,-1,-1,,,,,,,,,,,7,,10,25,14,26,9,18,7,2,1,2,2.1,2333.0
14802,2026-09-29,,,,,,,,0,0,1603.0,10.6,11.6,11.2,11.1,20.0,12.0,8.0,,,,10.2,0,,,868.0,867.5,868.6,868.0,,,,,,,84.0,62.0,70.0,72.0,-1,-1,-1,,,,0.0,,,,,,,8,,10,17,14,18,10,14,,1,2,3,2.8,1828.0
14812,2026-09-29,,,,,,,,0,0,1739.0,6.7,9.1,8.8,8.2,16.0,0.0,16.0,,,,13.7,0,,,783.8,784.2,784.5,784.2,,,,,,,46.0,51.0,69.0,55.0,-1,-1,-1,,,,,,,,,,,11,,13,16,11,17,10,13,,1,0,3,1.9,2359.0
14822,2026-09-29,,,,,,,,0,0,1505.0,10.2,13.8,11.5,11.8,16.0,16.0,16.0,,,,4.0,0,,,917.0,915.5,916.7,916.4,,,,,,,74.0,51.0,61.0,62.0,-1,-1,-1,,,,,,,,,,,10,,12,22,17,23,11,17,9,1,1,1,1.1,2257.0
14825,2026-09-29,,,,,,,,0,0,1506.0,8.2,10.8,10.7,9.9,8.0,24.0,8.0,,,,6.6,0,,,861.8,861.0,862.6,861.8,,,,,,,90.0,51.0,85.0,75.0,-1,-1,-1,,,,,,,,,,,9,,6,19,10,19,5,12,,1,3,1,2.2,1339.0
14833,2026-09-29,,,,,,,,0,0,1499.0,9.8,11.7,11.5,11.0,12.0,12.0,12.0,,,,12.5,0,,,906.6,905.1,906.9,906.2,,,,,,,74.0,44.0,57.0,58.0,-1,-1,-1,,,,,,,,,,,8,,11,22,18,22,11,17,10,2,3,3,3.9,1613.0
14834,2026-09-29,,,,0.0,,,,,,,,,,,,,,0,,,,0,,,,,,,,,,,,,,,,,,,,,,,,-1.0,0,-1.0,20000.0,,,,,,,,,,,,,,,,
14912,2026-09-29,,,,,,,,0,0,,8.3,13.0,10.9,10.7,20.0,20.0,16.0,,,,10.7,0,,,,,,,,,,,,,78.0,58.0,61.0,66.0,-1,-1,-1,,,,,,,,,,,6,,8,19,16,20,7,14,,1,1,3,2.2,2221.0
15001,2026-09-29,,1.0,0.0,0.0,1.0,1.0,7.0,,,,,,,,,,,1,1,1,,0,0,0,,,,,0,0,,,,,,,,,-1,-1,-1,0,0,0,,-1.0,0,-1.0,20000.0,20000.0,20000.0,,0,,,,,,,,,,,,
15002,2026-09-29,,,,,,,,0,0,1481.0,10.7,14.3,13.9,13.0,24.0,16.0,24.0,,,,5.2,0,,,948.7,946.4,947.7,947.6,,,,,,,91.0,45.0,77.0,71.0,-1,-1,-1,,,,,,,,,,,9,,9,25,16,26,9,17,6,1,1,1,1.1,1552.0
15105,2026-09-29,,,,,,,,0,0,1591.0,9.6,11.4,12.0,11.0,24.0,8.0,28.0,,,,3.6,0,,,908.7,907.4,908.4,908.2,,,,,,,87.0,46.0,78.0,70.0,-1,-1,-1,,,,,,,,,,,8,,9,21,14,22,8,15,7,1,1,1,1.1,1314.0
15210,2026-09-29,,,,,,,,0,0,420.0,10.3,11.7,12.1,11.4,24.0,12.0,20.0,,,,3.0,0,,,891.3,892.1,892.1,891.8,,,,,,,80.0,77.0,81.0,79.0,-1,-1,-1,,,,,,,,,,,0,,11,13,13,14,10,12,6,1,1,1,1.1,1012.0
15300,2026-09-29,,,,,,,,,,,,,,,,,,,,,,,,,,,,,,,,,,,,,,,,,,,,,,,,,,,,,,,,,,,,,,,,,
15321,2026-09-29,0.0,2.0,2.0,1.0,1.0,1.0,10.0,0,0,1650.0,7.0,9.3,9.1,8.5,16.0,16.0,16.0,1,1,1,16.5,0,0,0,777.7,778.1,778.5,778.1,0,0,,,,,59.0,77.0,86.0,74.0,-1,-1,-1,0,0,0,,-1.0,0,-1.0,50000.0,50000.0,35000.0,9,0,10,10,8,16,7,11,,2,4,5,6.2,2043.0
15344,2026-09-29,,,,,,,,0,0,455.0,11.1,11.4,12.2,11.6,0.0,20.0,8.0,,,,3.6,0,,,874.6,875.4,875.7,875.2,,,,,,,88.0,78.0,87.0,84.0,-1,-1,-1,,,,0.0,,,,,,,0,,10,13,12,13,9,11,5,0,1,1,0.7,913.0
15402,2026-09-29,0.0,,,1.0,0.0,,,0,0,1255.0,7.7,12.4,11.9,10.7,16.0,32.0,16.0,1,0,,4.5,0,0,,916.3,914.1,915.7,915.4,0,0,,,,,89.0,42.0,81.0,71.0,-1,-1,-1,,,,,-1.0,0,-1.0,25000.0,25000.0,,6,1,5,24,13,24,4,14,1,1,1,1,1.1,1351.0
15411,2026-09-29,0.0,0.0,0.0,1.0,1.0,2.0,13.0,0,0,1877.0,5.6,6.7,6.7,6.3,32.0,20.0,28.0,0,0,0,7.9,0,0,0,706.3,707.0,707.1,706.8,0,0,,,,,66.0,69.0,75.0,70.0,-1,-1,-1,0,0,0,0.0,-1.0,0,-1.0,90000.0,80000.0,80000.0,12,0,5,7,5,8,4,6,,3,1,3,3.4,304.0
15430,2026-09-29,,,,,,,,0,0,1398.0,8.4,10.4,9.3,9.4,8.0,24.0,8.0,,,,7.7,0,,,844.6,844.8,845.5,845.0,,,,,,,65.0,46.0,64.0,58.0,-1,-1,-1,,,,,,,,,,,7,,11,20,13,21,10,15,,1,1,1,1.1,1622.0
15501,2026-09-29,,,,,,,,0,0,1504.0,8.9,11.0,10.7,10.2,12.0,32.0,16.0,,,,11.5,0,,,900.0,898.8,899.8,899.5,,,,,,,93.0,46.0,55.0,65.0,-1,-1,-1,,,,,,,,,,,7,,6,20,17,22,6,14,,1,2,2,2.1,1728.0
15506,2026-09-29,,,,,,,,,,,,,,,,,,,,,,,,,,,,,,,,,,,,,,,,,,,,,,,,,,,,,,,,,,,,,,,,,
15509,2026-09-29,,,,,,,,0,0,,9.4,11.5,11.8,10.9,0.0,12.0,24.0,,,,6.9,0,,,,,,,,,,,,,100.0,44.0,79.0,74.0,-1,-1,-1,,,,,,,,,,,7,,6,22,13,22,6,14,2,0,1,1,0.7,1416.0
15610,2026-09-29,,,,,,,,0,0,1229.0,9.5,10.0,9.9,9.8,12.0,12.0,12.0,,,,11.7,0,,,833.5,834.4,834.5,834.1,,,,,,,98.0,72.0,88.0,86.0,-1,-1,-1,,,,,,,,,,,6,,7,12,9,13,7,10,,4,4,3,6.0,1048.0
15640,2026-09-29,,,,,,,,0,0,378.0,9.2,10.0,9.9,9.7,20.0,24.0,0.0,,,,4.7,0,,,,,,,,,,,,,100.0,93.0,93.0,95.0,,-1,,,,,0.0,,,,,,,0,,6,8,8,10,5,8,,1,2,0,1.2,1620.0
15702,2026-09-29,,,,,,,,0,0,545.0,10.7,11.4,12.9,11.7,8.0,12.0,24.0,,,,2.8,0,,,906.6,906.5,906.7,906.6,,,,,,,94.0,65.0,86.0,82.0,-1,-1,-1,,,,,,,,,,,0,,9,16,13,16,5,11,,1,1,1,1.1,649.0
15712,2026-09-29,1.0,1.0,1.0,10.0,10.0,10.0,100.0,0,0,506.0,10.0,11.6,13.1,11.6,0.0,24.0,0.0,0,0,0,2.8,0,0,0,909.9,909.9,909.9,909.9,0,0,,,,,88.0,65.0,81.0,78.0,-1,-1,-1,0,0,0,,-1.0,0,-1.0,20000.0,20000.0,15000.0,0,1,9,16,14,16,6,11,4,0,1,0,0.4,1723.0
15715,2026-09-29,,,,,,,,0,0,673.0,10.2,10.6,10.6,10.5,16.0,16.0,16.0,,,,5.2,0,,,845.2,845.9,846.2,845.8,,,,,,,95.0,76.0,87.0,86.0,-1,-1,-1,,,,,,,,,,,0,,8,12,10,12,8,10,5,1,1,1,1.1,1437.0
15721,2026-09-29,,,,,,,,0,0,491.0,10.5,11.7,12.7,11.6,8.0,12.0,28.0,,,,2.4,0,,,895.9,896.0,896.0,896.0,,,,,,,93.0,69.0,85.0,82.0,-1,-1,-1,,,,,,,,,,,0,,9,15,13,16,6,11,5,1,1,1,1.1,1550.0
15901,2026-09-29,,,,,,,,0,0,1138.0,10.3,11.7,12.3,11.4,20.0,28.0,0.0,,,,3.3,0,,,931.0,930.0,930.7,930.6,,,,,,,91.0,53.0,71.0,72.0,-1,-1,-1,,,,,,,,,,,4,,9,19,15,19,8,14,,1,1,0,0.7,1401.0
15912,2026-09-29,,,,,,,,0,0,847.0,10.1,10.2,10.5,10.3,0.0,12.0,8.0,,,,6.9,0,,,881.2,881.5,881.9,881.5,,,,,,,90.0,62.0,70.0,74.0,-1,-1,-1,,,,0.0,,,,,,,3,,9,15,13,15,8,11,,0,2,2,1.8,2118.0
15920,2026-09-29,,,,,,,,0,0,971.0,9.8,12.0,13.3,11.7,0.0,28.0,0.0,,,,3.5,0,,,933.2,932.1,932.5,932.6,,,,,,,92.0,58.0,77.0,76.0,-1,-1,-1,,,,,,,,,,,3,,8,18,15,19,7,13,,0,1,0,0.4,1442.0
16015,2026-09-29,,,,,,,,0,0,1534.0,9.0,10.4,11.9,10.4,28.0,16.0,20.0,,,,7.5,0,,,926.9,926.3,926.7,926.6,,,,,,,96.0,45.0,73.0,71.0,-1,-1,-1,,,,,,,,,,,9,,6,20,14,20,6,13,,1,3,1,2.2,1121.0
16101,2026-09-29,0.0,0.0,0.0,2.0,3.0,2.0,23.0,0,0,1562.0,10.5,10.4,10.6,10.5,8.0,20.0,12.0,1,0,0,7.2,0,0,0,948.1,946.6,947.8,947.5,0,0,,,,,88.0,40.0,55.0,61.0,-1,-1,-1,,0,0,,-1.0,0,-1.0,8000.0,30000.0,30000.0,11,0,10,22,17,22,9,16,5,1,2,2,2.1,1816.0
16308,2026-09-29,,,,,,,,0,0,1644.0,11.0,11.6,12.6,11.7,0.0,12.0,8.0,,,,5.8,0,,,,,,,,,,,,,89.0,45.0,71.0,68.0,-1,-1,-1,,,,,,,,,,,11,,10,22,16,22,8,15,5,0,2,1,1.2,1459.0
16400,2026-09-29,,,,,,,,0,0,,10.3,10.5,10.1,10.3,0.0,12.0,8.0,,,,7.2,0,,,983.8,983.1,983.7,983.5,,,,,,,96.0,37.0,53.0,62.0,-1,-1,-1,,,,,,,,,,,11,,8,23,17,23,5,14,2,0,2,1,1.2,
16411,2026-09-29,,,,,,,,0,0,1816.0,10.6,10.5,10.3,10.5,28.0,12.0,28.0,,,,6.6,0,,,941.9,942.1,942.9,942.3,,,,,,,75.0,42.0,63.0,60.0,-1,-1,-1,,,,,,,,,,,11,,12,21,14,22,10,16,7,2,1,2,2.1,1200.0
16412,2026-09-29,,,,,,,,,,,,,,,,,,,,,,0,,,,,,,,,,,,,,,,,,,,,,,,,,,,,,,,,,,,,,,,,,,
16413,2026-09-29,,,,,,,,0,0,1608.0,10.8,10.9,11.4,11.0,0.0,12.0,28.0,,,,7.0,0,,,985.2,984.4,985.1,984.9,,,,,,,87.0,37.0,58.0,61.0,-1,-1,-1,,,,,,,,,,,11,,10,24,17,24,8,16,5,0,2,1,1.2,1501.0
16414,2026-09-29,1.0,0.0,,1.0,2.0,,,,,,10.6,10.2,12.1,11.0,,,,1,0,,,0,0,0,983.4,982.9,983.3,983.2,0,0,,,,,90.0,36.0,59.0,62.0,-1,-1,-1,,,,,-1.0,0,-1.0,20000.0,22000.0,,,1,9,23,18,23,9,16,6,,,,,
16421,2026-09-29,,,,,,,,0,0,1671.0,8.8,9.0,8.1,8.6,16.0,16.0,12.0,,,,12.3,0,,,865.4,866.3,866.6,866.1,,,,,,,72.0,59.0,65.0,65.0,-1,-1,-1,,,,,,,,,,,10,,10,13,10,14,8,11,,3,3,4,5.3,2239.0
16501,2026-09-29,,,,,,,,0,0,1531.0,9.7,9.6,11.8,10.4,28.0,12.0,8.0,,,,6.5,0,,,982.1,981.5,982.3,982.0,,,,,,,94.0,35.0,66.0,65.0,-1,-1,-1,,,,,,,,,,,10,,8,23,16,23,6,14,,1,2,1,1.6,1348.0
16511,2026-09-29,,,,,,,,0,0,1585.0,10.4,10.3,9.4,10.0,4.0,12.0,12.0,,,,6.7,0,,,964.6,964.6,965.2,964.8,,,,,,,64.0,41.0,45.0,50.0,-1,-1,-1,,,,,,,,,,,11,,14,21,18,22,12,17,9,2,2,1,2.1,1359.0
16601,2026-09-29,,,,,,,,0,0,1590.0,9.7,10.1,9.7,9.8,0.0,12.0,8.0,,,,6.4,0,,,994.7,994.0,994.6,994.4,,,,,,,92.0,34.0,54.0,60.0,-1,-1,-1,,,,,,,,,,,11,,8,24,16,24,5,15,1,0,2,1,1.2,1249.0
16702,2026-09-29,,,,0.0,,,,0,0,1548.0,9.3,10.2,10.1,9.9,24.0,16.0,0.0,1,,,8.3,0,0,0,1001.3,1000.4,1001.2,1001.0,0,0,,,,,89.0,33.0,63.0,62.0,-1,-1,-1,,0,,,-1.0,0,-1.0,7000.0,,,11,1,8,25,14,25,5,15,4,1,2,0,1.2,1341.0
16711,2026-09-29,,,,0.0,0.0,0.0,0.0,0,0,1631.0,10.0,9.5,8.1,9.2,4.0,16.0,12.0,0,0,0,7.1,0,0,0,978.9,978.7,979.2,978.9,0,0,,,,,75.0,35.0,40.0,50.0,-1,-1,-1,,0,0,,-1.0,0,-1.0,30000.0,30000.0,20000.0,11,0,11,22,18,24,9,17,8,2,2,2,2.7,1219.0
16800,2026-09-29,,,,,,,,0,0,,9.5,9.5,8.8,9.3,0.0,16.0,0.0,,,,6.1,0,,,,,,,,,,,,,92.0,32.0,55.0,60.0,-1,-1,-1,,,,,,,,,,,10,,7,24,14,25,4,14,1,0,2,0,0.9,1602.0
16906,2026-09-29,,,,,,,,0,0,1457.0,9.5,9.6,11.1,10.1,12.0,28.0,12.0,,,,5.5,0,,,910.7,909.1,911.2,910.3,,,,,,,74.0,32.0,65.0,57.0,-1,-1,-1,,,,,,,,,,,8,,11,24,15,25,10,17,,1,2,2,2.1,1316.0
17002,2026-09-29,,,,,,,,0,0,1448.0,7.4,7.8,8.7,8.0,20.0,4.0,20.0,,,,9.7,0,,,850.1,848.5,849.9,849.5,,,,,,,83.0,28.0,58.0,56.0,-1,-1,-1,,,,,,,,,,,8,,5,23,13,24,5,14,2,1,1,1,1.1,1709.0
17003,2026-09-29,,,,,,,,,,,,,,,,,,,,,,0,,,,,,,,,,,,,,,,,,,,,,,,,,,,,,,,,,,,,,,,,,,
17005,2026-09-29,,,,,,,,0,0,1668.0,6.7,6.1,8.0,6.9,8.0,28.0,12.0,,,,8.4,0,,,778.4,778.4,779.0,778.6,,,,,,,53.0,31.0,64.0,49.0,-1,-1,-1,,,,,,,,,,,10,,10,17,10,19,10,14,,2,2,1,2.1,1504.0
17102,2026-09-29,,,,,,,,0,0,1640.0,9.2,12.4,11.6,11.1,12.0,12.0,12.0,,,,15.2,0,,,875.1,873.0,874.7,874.3,,,,,,,84.0,60.0,70.0,71.0,-1,-1,-1,,,,,,,,,,,9,,8,18,15,19,8,13,6,1,4,4,4.9,1645.0
17301,2026-09-29,,,,,,,,0,0,1304.0,6.3,6.6,8.3,7.1,20.0,4.0,0.0,,,,6.5,0,,,814.0,813.1,814.6,813.9,,,,,,,54.0,26.0,72.0,51.0,-1,-1,-1,,,,0.0,,,,,,,6,,9,21,9,22,8,15,,1,1,0,0.7,1234.0
17315,2026-09-29,,,,,,,,0,0,1789.0,,,,,24.0,12.0,20.0,,,,4.2,0,,,730.4,730.4,730.8,730.5,,,,,,,,,,,-1,-1,-1,,,,0.0,,,,,,,,,,,,,,,,2,1,1,1.6,1447.0
17320,2026-09-29,,,,,,,,0,0,1913.0,4.1,4.9,5.4,4.8,32.0,16.0,16.0,,,,4.7,0,,,680.2,680.7,680.9,680.6,,,,,,,51.0,40.0,64.0,52.0,,,,,,,,,,,,,,11,,4,10,5,11,3,7,,2,2,1,2.1,1530.0
17701,2026-09-29,,,,,,,,0,0,888.0,9.7,11.4,12.0,11.0,24.0,8.0,24.0,,,,7.3,0,,,871.6,872.0,872.5,872.0,,,,,,,92.0,78.0,88.0,86.0,-1,-1,-1,,,,0.0,,,,,,,,,8,13,12,13,4,8,2,1,3,1,2.2,1242.0
17901,2026-09-29,,,,,,,,0,0,438.0,12.8,12.8,14.6,13.4,12.0,12.0,12.0,,,,2.2,0,,,949.0,949.1,949.2,949.1,,,,,,,89.0,67.0,84.0,80.0,-1,-1,-1,,,,0.0,,,,,,,0,,12,17,15,18,11,14,7,1,1,1,1.1,1649.0
18001,2026-09-29,,,,,,,,0,0,351.0,11.2,12.0,12.5,11.9,0.0,20.0,4.0,,,,2.8,0,,,904.1,904.9,904.8,904.6,,,,,,,84.0,76.0,81.0,80.0,-1,-1,-1,,,,,,,,,,,0,,11,14,14,14,10,12,10,0,1,1,0.7,944.0
18111,2026-09-29,,,,,,,,0,0,341.0,10.8,11.7,12.5,11.7,28.0,24.0,24.0,,,,2.8,0,,,890.4,891.2,891.2,890.9,,,,,,,85.0,73.0,87.0,82.0,-1,-1,-1,,,,,,,,,,,0,,11,14,12,14,8,11,8,1,1,1,1.1,1710.0
18122,2026-09-29,,,,,,,,0,0,388.0,11.4,13.1,14.6,13.0,24.0,24.0,12.0,,,,4.5,0,,,946.8,946.8,946.8,946.8,,,,,,,90.0,70.0,85.0,82.0,,-1,-1,,,,,,,,,,,0,,11,17,15,17,9,13,6,1,1,1,1.1,330.0
18210,2026-09-29,1.0,1.0,1.0,10.0,10.0,5.0,83.0,0,0,869.0,13.0,14.2,13.5,13.6,4.0,24.0,32.0,1,0,0,3.6,0,0,0,,,,,0,0,,,,,95.0,73.0,88.0,85.0,-1,-1,-1,,,,,-1.0,0,-1.0,60000.0,60000.0,60000.0,2,1,12,17,13,18,10,14,9,1,1,1,1.1,911.0
18225,2026-09-29,,,,,,,,0,0,645.0,12.2,13.3,15.1,13.5,12.0,28.0,16.0,,,,2.8,0,,,963.7,963.3,963.4,963.5,,,,,,,99.0,65.0,92.0,85.0,-1,-1,-1,,,,,,,,,,,0,,10,18,14,19,10,14,6,1,2,1,1.6,1012.0
18231,2026-09-29,,,,,,,,0,0,617.0,11.9,12.4,14.4,12.9,0.0,0.0,0.0,,,,2.9,0,,,940.9,940.7,941.0,940.9,,,,,,,92.0,62.0,87.0,80.0,-1,-1,-1,,,,,,,,,,,0,,11,18,15,18,9,14,6,0,0,0,0.0,1210.0
18402,2026-09-29,,,,,,,,0,0,1142.0,8.4,10.0,11.3,9.9,28.0,16.0,8.0,,,,6.5,0,,,866.0,866.5,866.8,866.4,,,,,,,98.0,66.0,87.0,84.0,-1,-1,-1,,,,,,,,,,,3,,5,13,11,14,4,9,2,1,2,1,1.6,1025.0
18502,2026-09-29,,,,,,,,0,0,1293.0,9.2,12.6,13.6,11.8,24.0,16.0,20.0,,,,3.7,0,,,944.7,943.5,944.1,944.1,,,,,,,100.0,52.0,82.0,78.0,-1,-1,-1,,,,,,,,,,,6,,6,21,15,21,5,13,4,1,1,1,1.1,1337.0
18601,2026-09-29,,,,,,,,0,0,1511.0,9.6,10.5,13.8,11.3,28.0,12.0,28.0,,,,6.1,0,,,952.7,951.4,952.0,952.0,,,,,,,97.0,43.0,79.0,73.0,-1,-1,-1,,,,,,,,,,,9,,7,21,15,21,6,14,2,1,2,1,1.6,1239.0
18622,2026-09-29,,,,,,,,0,0,1581.0,10.8,11.8,13.9,12.2,32.0,20.0,4.0,,,,4.9,0,,,972.9,971.4,971.8,972.0,,,,,,,99.0,44.0,79.0,74.0,-1,-1,-1,,,,,,,,,,,10,,8,22,16,23,7,15,5,1,1,1,1.1,1448.0
18705,2026-09-29,,,,,,,,0,0,1395.0,10.1,11.1,12.6,11.3,0.0,12.0,32.0,,,,5.1,0,,,979.8,978.0,978.8,978.9,,,,,,,100.0,39.0,83.0,74.0,-1,-1,-1,,,,,,,,,,,8,,7,23,13,24,6,15,6,0,1,1,0.7,1314.0
18805,2026-09-29,,,,,,,,0,0,1689.0,9.8,10.1,10.1,10.0,8.0,20.0,4.0,,,,5.8,0,,,905.5,905.8,906.3,905.9,,,,,,,75.0,52.0,67.0,65.0,-1,-1,-1,,,,,,,,,,,11,,11,17,13,19,9,14,5,1,1,2,1.6,1155.0
18906,2026-09-29,,,,,,,,0,0,1659.0,11.2,11.5,12.3,11.7,0.0,12.0,24.0,,,,6.2,0,,,985.1,984.2,984.9,984.7,,,,,,,96.0,42.0,80.0,73.0,-1,-1,-1,,,,,,,,,,,11,,9,23,13,23,7,15,4,0,2,1,1.2,1345.0
19021,2026-09-29,,,,,,,,0,0,1608.0,11.8,10.2,12.3,11.4,32.0,12.0,24.0,,,,6.4,0,,,995.2,994.3,994.8,994.8,,,,,,,97.0,36.0,75.0,69.0,-1,-1,-1,,,,,,,,,,,11,,10,23,14,24,7,15,5,1,2,1,1.6,1237.0
19204,2026-09-29,,,,,,,,0,0,1619.0,9.3,9.8,10.7,9.9,0.0,16.0,32.0,,,,7.6,0,,,994.7,994.2,994.7,994.5,,,,,,,90.0,34.0,66.0,63.0,-1,-1,-1,,,,,,,,,,,10,,8,24,14,24,7,15,,0,2,1,1.2,1339.0
19205,2026-09-29,,,,,,,,0,0,1603.0,10.3,10.4,10.6,10.4,0.0,12.0,12.0,,,,5.3,0,,,988.5,988.0,988.6,988.4,,,,,,,85.0,37.0,58.0,60.0,-1,-1,-1,,,,,,,,,,,10,,10,23,16,24,7,15,6,0,1,1,0.7,1442.0
19505,2026-09-29,,,,,,,,0,0,953.0,10.1,12.0,12.2,11.4,24.0,8.0,8.0,,,,8.6,0,,,903.2,903.0,903.8,903.3,,,,,,,82.0,65.0,78.0,75.0,-1,-1,-1,,,,0.0,,,,,,,3,,10,16,14,17,9,13,7,1,3,1,2.2,1348.0
19700,2026-09-29,,,,,,,,0,0,,13.2,13.0,14.5,13.6,0.0,16.0,4.0,,,,2.5,0,,,953.6,953.6,953.6,953.6,,,,,,,90.0,66.0,84.0,80.0,-1,-1,-1,,,,0.0,,,,,,,0,,13,17,15,18,11,15,8,0,1,1,0.7,804.0
19711,2026-09-29,,,,,,,,0,0,556.0,12.2,11.9,13.5,12.5,24.0,8.0,28.0,,,,4.0,0,,,,,,,,,,,,,89.0,69.0,84.0,81.0,-1,-1,-1,,,,,,,,,,,0,,12,15,14,17,11,14,,1,1,1,1.1,40.0
19720,2026-09-29,1.0,1.0,,10.0,10.0,,,0,0,564.0,12.8,13.0,14.5,13.4,8.0,16.0,28.0,0,0,,2.4,0,0,0,944.2,944.0,944.2,944.1,0,0,,,,,93.0,66.0,85.0,81.0,-1,-1,-1,,,,,-1.0,0,-1.0,8000.0,10000.0,,0,0,12,17,15,18,10,14,7,1,1,1,1.1,1128.0
19821,2026-09-29,,,,,,,,0,0,657.0,12.7,14.1,13.7,13.5,8.0,24.0,0.0,,,,4.4,0,,,917.0,917.3,917.6,917.3,,,,,,,93.0,76.0,89.0,86.0,-1,-1,-1,,,,,,,,,,,0,,12,16,13,17,11,14,10,1,2,0,1.2,1022.0
19911,2026-09-29,,,,,,,,0,0,1373.0,11.2,13.6,13.8,12.9,16.0,16.0,24.0,,,,5.6,0,,,961.4,960.3,961.1,960.9,,,,,,,100.0,55.0,92.0,82.0,-1,-1,-1,,,,,,,,,,,7,,9,21,13,23,7,15,6,1,1,1,1.1,1133.0
20002,2026-09-29,,,,,,,,0,0,1321.0,10.3,12.6,12.2,11.7,24.0,12.0,0.0,,,,6.1,0,,,921.5,921.4,922.0,921.6,,,,,,,98.0,63.0,94.0,85.0,-1,-1,-1,,,,,,,,,,,8,,8,18,11,18,7,12,4,1,1,0,0.7,1041.0
20011,2026-09-29,,,,,,,,0,0,1429.0,11.0,13.4,13.1,12.5,32.0,20.0,32.0,,,,4.6,0,,,,,,,,,,,,,95.0,60.0,83.0,79.0,-1,-1,-1,,,,,,,,,,,7,,9,19,14,21,8,14,5,1,1,1,1.1,1129.0
20020,2026-09-29,,,,,,,,,,,,,,,,,,,,,,0,,,,,,,,,,,,,,,,,,,,,,,,,,,,,,,,,,,,,,,,,,,
20021,2026-09-29,,,,,,,,0,0,1595.0,8.3,10.4,9.1,9.3,20.0,20.0,20.0,,,,8.2,0,,,793.3,794.4,794.7,794.1,,,,,,,80.0,91.0,94.0,88.0,-1,-1,-1,,,,0.0,,,,,,,8,,8,9,7,10,6,8,,4,3,3,5.3,2353.0
20101,2026-09-29,2.0,2.0,,2.0,3.0,,,0,0,1818.0,9.5,10.5,9.9,10.0,8.0,12.0,8.0,0,0,,6.2,0,0,0,856.0,856.8,857.1,856.6,0,0,,,,,87.0,66.0,81.0,78.0,-1,-1,-1,,,,0.0,-1.0,0,-1.0,40000.0,60000.0,,11,1,8,14,10,15,7,11,3,1,1,2,1.6,6.0
20105,2026-09-29,,,,,,,,0,0,1438.0,10.5,11.7,12.9,11.7,8.0,20.0,8.0,,,,7.2,0,,,924.2,923.8,924.4,924.1,,,,,,,87.0,57.0,80.0,75.0,-1,-1,-1,,,,,,,,,,,9,,10,18,14,18,9,14,7,2,3,2,3.3,1303.0
20123,2026-09-29,0.0,,,2.0,0.0,0.0,7.0,0,0,1467.0,11.7,12.6,14.8,13.0,12.0,12.0,12.0,1,0,0,4.1,0,0,0,969.1,967.7,968.2,968.3,0,0,,,,,100.0,50.0,83.0,78.0,-1,-1,-1,,,,,-1.0,0,-1.0,20000.0,25000.0,25000.0,8,0,9,21,16,23,8,15,6,1,2,1,1.6,1307.0
20202,2026-09-29,,,,,,,,0,0,1432.0,11.2,13.0,10.5,11.6,0.0,4.0,12.0,,,,6.3,0,,,973.2,971.9,972.1,972.4,,,,,,,100.0,50.0,60.0,70.0,-1,-1,-1,,,,,,,,,,,8,,9,22,16,23,7,15,6,0,1,2,1.2,1815.0
20209,2026-09-29,,,,,,,,0,0,1562.0,11.1,11.3,12.4,11.6,32.0,8.0,20.0,,,,4.8,0,,,,,,,,,,,,,94.0,46.0,67.0,69.0,-1,-1,-1,,,,,,,,,,,9,,9,21,16,22,9,15,7,1,1,1,1.1,1449.0
20212,2026-09-29,1.0,0.0,1.0,9.0,2.0,2.0,43.0,0,0,1565.0,10.4,11.5,13.5,11.8,28.0,16.0,32.0,1,0,0,5.2,0,0,0,974.3,972.9,973.1,973.4,0,0,,,,,96.0,45.0,79.0,73.0,-1,-1,-1,,,,0.0,-1.0,0,-1.0,300.0,40000.0,35000.0,8,1,8,22,15,22,8,15,6,1,2,1,1.6,1209.0
20220,2026-09-29,,,,,,,,0,0,1486.0,13.5,13.1,13.8,13.5,28.0,12.0,4.0,,,,4.5,0,,,973.8,972.5,972.9,973.1,,,,,,,100.0,52.0,84.0,79.0,-1,-1,-1,,,,,,,,,,,8,,12,21,14,22,10,16,9,1,2,1,1.6,1227.0
20270,2026-09-29,,,,,,,,0,0,1555.0,10.0,11.8,13.9,11.9,12.0,12.0,4.0,,,,5.5,0,,,963.3,962.1,962.5,962.6,,,,,,,91.0,45.0,75.0,70.0,-1,-1,-1,,,,,,,,,,,11,,8,22,16,22,8,15,7,1,2,1,1.6,1353.0
20411,2026-09-29,,,,,,,,0,0,1543.0,9.6,12.7,12.5,11.6,4.0,16.0,4.0,,,,4.0,0,,,972.5,971.2,971.5,971.7,,,,,,,96.0,51.0,81.0,76.0,-1,-1,-1,,,,,,,,,,,10,,7,21,14,23,5,14,3,1,2,1,1.6,1421.0
20412,2026-09-29,,,,,,,,0,0,1558.0,10.0,12.1,11.7,11.3,12.0,12.0,12.0,,,,5.4,0,,,965.7,964.3,964.7,964.9,,,,,,,95.0,47.0,85.0,76.0,-1,-1,-1,,,,,,,,,,,11,,8,22,12,22,6,14,2,1,1,1,1.1,1453.0
20903,2026-09-29,,,,,,,,0,0,1637.0,10.7,9.9,9.5,10.0,24.0,12.0,12.0,,,,6.2,0,,,1002.2,1001.4,1002.1,1001.9,,,,,,,90.0,33.0,55.0,59.0,-1,-1,-1,,,,,,,,,,,11,,10,24,15,25,8,17,,2,2,1,2.1,1225.0
21101,2026-09-29,,,,,,,,0,0,1343.0,9.2,9.1,8.6,9.0,20.0,20.0,16.0,,,,9.2,0,,,901.8,902.2,902.5,902.2,,,,,,,84.0,50.0,59.0,64.0,-1,-1,-1,,,,,,,,,,,6,,8,16,13,16,8,12,5,1,2,2,2.1,1147.0
21300,2026-09-29,,1.0,,0.0,2.0,0.0,7.0,0,0,1544.0,9.2,12.4,12.5,11.4,12.0,24.0,8.0,1,0,0,8.5,0,0,0,954.8,953.7,954.7,954.4,0,0,,,,,96.0,53.0,85.0,78.0,-1,-1,-1,,,,,-1.0,0,-1.0,20000.0,35000.0,35000.0,10,1,6,20,13,21,6,14,4,1,2,1,1.6,1044.0
1,2026-09-30,0.0,,0.0,5.0,0.0,1.0,20.0,0,0,1607.0,9.8,9.8,9.7,9.8,0.0,12.0,28.0,1,0,0,8.0,0,0,0,937.6,936.7,937.3,937.2,0,0,,,,,82.0,41.0,60.0,61.0,-1,-1,-1,,,,,-1.0,0,-1.0,5000.0,7000.0,6000.0,11,0,10,20,14,21,8,14,4,0,2,2,1.8,1215.0
2,2026-09-30,,,,0.0,0.0,0.0,0.0,0,0,1533.0,8.9,11.8,10.6,10.4,20.0,4.0,8.0,1,1,1,7.8,0,0,1,950.2,948.0,949.6,949.3,0,0,,,,,97.0,41.0,65.0,68.0,-1,-1,-1,,0,0,,-1.0,0,-1.0,25000.0,50000.0,30000.0,9,1,6,24,14,24,4,14,1,1,3,1,2.2,1254.0
3,2026-09-30,,,,0.0,0.0,0.0,0.0,0,0,1574.0,8.5,9.5,9.2,9.1,8.0,12.0,12.0,0,0,0,11.2,0,0,0,954.0,954.0,953.7,953.9,0,0,,,,,71.0,35.0,46.0,51.0,-1,-1,-1,0,0,0,,-1.0,0,-1.0,50000.0,60000.0,20000.0,11,0,10,22,18,22,9,16,5,3,3,3,4.6,1424.0
4,2026-09-30,,,,,,,,0,0,1551.0,9.8,11.1,10.9,10.6,8.0,8.0,8.0,,,,8.6,0,,,992.1,991.1,991.3,991.5,,,,,,,66.0,33.0,46.0,48.0,-1,-1,-1,,,,,,,,,,,11,,13,26,20,27,10,18,6,2,3,2,3.3,1349.0
5,2026-09-30,,,,,,,,0,0,,10.2,12.0,10.4,10.9,8.0,12.0,8.0,,,,10.7,0,,,938.4,936.7,937.9,937.7,,,,,,,72.0,44.0,55.0,57.0,,-1,0,,,,,,,,,,,10,,12,23,17,23,11,17,,3,3,3,4.6,1241.0
6,2026-09-30,,,,,,,,0,0,878.0,12.2,12.0,11.8,12.0,0.0,8.0,0.0,,,,4.4,0,,,922.1,922.0,921.9,922.0,,,,,,,91.0,63.0,89.0,81.0,-1,-1,-1,,,,,,,,,,,1,,11,17,11,17,9,13,6,0,2,0,0.9,1319.0
7,2026-09-30,,,,,,,,0,0,1504.0,9.4,10.7,10.6,10.2,12.0,32.0,20.0,,,,11.8,0,,,900.9,899.0,900.3,900.1,,,,,,,94.0,41.0,60.0,65.0,-1,-1,-1,,,,,,,,,,,7,,7,22,16,22,7,14,,1,1,3,2.2,1627.0
8,2026-09-30,,,,,,,,0,0,1588.0,8.5,9.9,11.2,9.9,32.0,16.0,28.0,,,,8.3,0,,,995.7,994.6,994.3,994.9,,,,,,,87.0,33.0,68.0,63.0,-1,-1,-1,,,,,,,,,,,10,,7,24,15,24,5,15,,1,2,1,1.6,1401.0
9,2026-09-30,,,,,,,,0,0,1492.0,10.5,14.0,10.5,11.7,8.0,16.0,8.0,,,,11.2,0,,,961.5,959.2,960.2,960.3,,,,,,,93.0,47.0,46.0,62.0,-1,-1,-1,,,,,,,,,,,8,,9,24,20,25,8,17,,1,1,3,2.2,1728.0
10,2026-09-30,,,,,,,,0,0,1504.0,9.3,11.5,9.7,10.2,28.0,12.0,8.0,,,,9.3,0,,,933.1,931.2,932.6,932.3,,,,,,,92.0,43.0,49.0,61.0,-1,-1,-1,,,,,,,,,,,11,,7,22,17,22,6,14,,1,2,2,2.1,1457.0
11,2026-09-30,,,,,,,,0,0,1598.0,9.3,10.1,10.9,10.1,24.0,12.0,8.0,,,,8.2,0,,,1003.2,1001.9,1001.5,1002.2,,,,,,,90.0,31.0,61.0,61.0,-1,-1,-1,,,,,,,,,,,11,,7,26,16,26,5,15,,2,2,1,2.1,1255.0
13,2026-09-30,,,,,,,,0,0,1717.0,7.6,8.6,9.2,8.5,20.0,16.0,16.0,,,,11.0,0,,,953.8,953.7,953.5,953.7,,,,,,,50.0,34.0,48.0,44.0,-1,-1,-1,,,,,,,,,,,11,,13,21,17,22,12,17,,1,3,1,2.2,1243.0
14,2026-09-30,,,,,,,,0,0,1515.0,10.5,12.9,12.6,12.0,12.0,12.0,12.0,,,,5.0,0,,,961.6,957.5,959.5,959.5,,,,,,,93.0,42.0,65.0,67.0,-1,-1,-1,,,,,,,,,,,9,,9,25,17,26,9,17,8,1,1,2,1.6,1940.0
15,2026-09-30,,,,,,,,0,0,1557.0,13.9,16.4,15.1,15.1,12.0,28.0,8.0,,,,5.1,0,,,970.2,969.5,968.7,969.5,,,,,,,91.0,61.0,73.0,75.0,-1,-1,-1,,,,,,,,,,,10,,13,22,18,25,12,18,8,1,1,2,1.6,2218.0
16,2026-09-30,,,,,,,,0,0,1328.0,11.1,10.6,10.6,10.8,12.0,12.0,12.0,,,,12.1,0,,,868.6,868.5,868.6,868.6,,,,,,,84.0,61.0,76.0,74.0,-1,-1,-1,,,,0.0,,,,,,,7,,11,15,12,16,10,13,,2,2,2,2.7,1105.0
17,2026-09-30,,,,,,,,0,0,1494.0,9.8,9.2,10.1,9.7,0.0,12.0,12.0,,,,9.0,0,,,,,,,,,,,,,88.0,33.0,60.0,60.0,-1,-1,-1,,,,,,,,,,,11,,9,23,15,23,7,15,,0,2,2,1.8,1128.0
18,2026-09-30,,,,0.0,0.0,0.0,0.0,0,0,1590.0,9.6,10.0,10.4,10.0,8.0,16.0,12.0,0,0,0,11.6,0,0,0,1007.6,1006.5,1006.2,1006.8,0,0,,,,,75.0,31.0,45.0,50.0,-1,-1,-1,,,,,-1.0,0,-1.0,10000.0,30000.0,30000.0,11,0,11,25,20,26,9,17,6,2,4,2,4.0,1333.0
19,2026-09-30,,,,,,,,0,0,,14.2,12.8,14.2,13.7,0.0,8.0,32.0,,,,3.3,0,,,954.1,953.6,953.5,953.7,,,,,,,93.0,62.0,85.0,80.0,-1,-1,-1,,,,0.0,,,,,,,0,,13,18,15,18,13,16,12,0,1,1,0.7,1042.0
20,2026-09-30,,,,,,,,0,0,1535.0,10.5,13.3,13.3,12.4,8.0,32.0,8.0,,,,7.8,0,,,912.3,910.1,911.1,911.2,,,,,,,83.0,41.0,81.0,68.0,-1,-1,-1,,,,,,,,,,,9,,10,25,15,26,10,18,8,1,2,1,1.6,33.0
21,2026-09-30,2.0,2.0,,4.0,4.0,0.0,27.0,0,0,1529.0,11.6,12.7,11.7,12.0,0.0,24.0,12.0,1,0,0,8.1,0,0,0,955.1,954.1,954.7,954.6,0,0,,,,,93.0,54.0,81.0,76.0,-1,-1,-1,,,,,-1.0,0,-1.0,15000.0,30000.0,40000.0,8,1,10,20,13,21,7,14,5,0,2,1,1.2,1301.0
22,2026-09-30,,,,,,,,0,0,1528.0,9.6,9.7,11.2,10.2,4.0,12.0,8.0,,,,14.1,0,,,1004.9,1004.0,1003.8,1004.2,,,,,,,65.0,31.0,57.0,51.0,-1,-1,-1,0,0,0,,,,,,,,11,,13,25,17,25,10,17,8,2,4,2,4.0,1211.0
23,2026-09-30,,,,,,,,0,0,1640.0,9.4,12.0,11.7,11.0,28.0,8.0,8.0,,,,9.6,0,,,985.6,984.8,984.4,984.9,,,,,,,63.0,37.0,53.0,51.0,-1,-1,-1,,,,,,,,,,,11,,13,26,19,26,12,19,4,1,4,3,4.1,1402.0
24,2026-09-30,0.0,0.0,,2.0,3.0,,,0,0,1537.0,11.2,14.1,14.5,13.3,16.0,28.0,0.0,0,0,,6.4,0,0,0,970.7,969.1,969.0,969.6,0,0,,,,,66.0,41.0,65.0,57.0,-1,-1,-1,,,,,-1.0,0,-1.0,30000.0,30000.0,,10,0,15,26,19,27,11,19,9,1,1,0,0.7,1423.0
25,2026-09-30,,,,,,,,0,0,1634.0,8.0,9.1,9.0,8.7,4.0,16.0,20.0,,,,10.0,0,,,909.2,909.2,909.3,909.2,,,,,,,62.0,44.0,61.0,56.0,-1,-1,-1,,,,,,,,,,,11,,11,18,13,19,8,13,2,1,3,1,2.2,1336.0
26,2026-09-30,,,,,,,,0,0,1630.0,7.8,11.0,10.6,9.8,12.0,16.0,16.0,,,,6.3,0,,,960.3,959.8,959.8,960.0,,,,,,,92.0,35.0,62.0,63.0,-1,-1,-1,,,,,,,,,,,10,,5,25,15,25,4,14,,1,1,1,1.1,1125.0
27,2026-09-30,,,,,,,,0,0,,9.3,12.3,10.9,10.8,12.0,12.0,12.0,,,,6.6,0,,,,,,,,,,,,,67.0,43.0,48.0,53.0,-1,-1,-1,,,,,,,,,,,11,,12,23,20,24,10,17,2,1,2,2,2.1,1250.0
28,2026-09-30,,,,,,,,0,0,1475.0,7.3,7.4,8.6,7.8,20.0,20.0,20.0,,,,9.8,0,,,851.0,848.9,849.9,849.9,,,,,,,87.0,30.0,59.0,59.0,-1,-1,-1,,,,,,,,,,,8,,4,21,13,21,4,13,2,1,1,1,1.1,1538.0
30,2026-09-30,1.0,1.0,,1.0,1.0,,,,,,9.9,9.7,11.5,10.4,,,,1,0,,,0,0,0,984.3,983.3,983.2,983.6,0,0,,,,,86.0,34.0,64.0,61.0,-1,-1,-1,,,,,-1.0,0,-1.0,60000.0,60000.0,,,1,9,23,16,24,8,16,6,,,,,
31,2026-09-30,,,,,,,,0,0,1535.0,9.4,9.2,10.4,9.7,12.0,12.0,12.0,,,,13.3,0,,,1008.6,1007.6,1007.5,1007.9,,,,,,,63.0,29.0,44.0,45.0,-1,-1,-1,,,,,,,,,,,11,,13,25,20,25,11,18,7,3,4,2,4.7,1320.0
32,2026-09-30,,,,,,,,0,0,1569.0,8.9,8.3,10.0,9.1,20.0,12.0,16.0,,,,15.2,0,,,1001.1,1000.2,1000.3,1000.5,,,,,,,56.0,26.0,50.0,44.0,-1,-1,-1,,,,,,,,,,,11,,14,25,18,26,10,18,3,2,4,1,3.5,1249.0
36,2026-09-30,,,,,,,,1,0,1665.0,7.3,7.9,8.8,8.0,12.0,12.0,16.0,,,,17.0,0,,,918.2,918.5,918.8,918.5,,,,,,,47.0,36.0,50.0,44.0,-1,-1,-1,,,,,,,,,,,11,,14,19,16,22,11,17,,4,5,4,7.6,1510.0
37,2026-09-30,,,,,,,,0,0,1620.0,9.1,9.5,10.1,9.6,12.0,12.0,12.0,,,,14.5,0,,,995.8,995.2,994.9,995.3,,,,,,,55.0,31.0,43.0,43.0,-1,-1,-1,,,,,,,,,,,11,,15,24,20,25,11,18,6,3,4,3,5.3,1523.0
38,2026-09-30,,,,0.0,0.0,0.0,0.0,0,0,1567.0,10.6,10.3,11.3,10.7,32.0,16.0,20.0,1,0,0,4.8,0,0,0,935.5,931.9,933.2,933.5,0,0,,,,,89.0,31.0,51.0,57.0,0,-1,0,,0,,,-1.0,0,-1.0,20000.0,20000.0,20000.0,9,1,10,26,19,27,9,18,,1,1,1,1.1,1416.0
39,2026-09-30,0.0,0.0,0.0,3.0,3.0,2.0,27.0,0,0,1528.0,11.4,,,,20.0,16.0,16.0,1,0,0,16.6,0,0,0,953.1,950.1,951.4,951.5,0,0,,,,,77.0,,,,,-1,,0,0,0,,-1.0,0,-1.0,11000.0,10000.0,7000.0,10,1,13,,,,,,11,3,4,3,5.3,1527.0
40,2026-09-30,,,,0.0,0.0,0.0,0.0,0,0,1556.0,8.8,11.6,10.2,10.2,0.0,8.0,12.0,1,0,0,11.3,0,0,0,945.3,943.2,944.6,944.4,0,0,,,,,93.0,42.0,55.0,63.0,-1,-1,-1,,0,,,-1.0,0,-1.0,15000.0,45000.0,5000.0,10,1,6,23,16,23,6,14,4,0,2,3,2.4,1557.0
42,2026-09-30,,,,,,,,0,0,1536.0,11.9,15.1,16.0,14.3,0.0,20.0,24.0,,,,6.9,0,,,961.6,958.7,960.2,960.2,,,,,,,93.0,43.0,81.0,72.0,-1,-1,-1,,,,,,,,,,,10,,11,27,17,28,10,19,,0,2,1,1.2,1011.0
43,2026-09-30,,,,,,,,0,0,828.0,11.8,11.4,11.7,11.6,4.0,20.0,0.0,,,,5.0,0,,,875.2,874.8,875.4,875.1,,,,,,,91.0,66.0,83.0,80.0,-1,-1,-1,,,,0.0,,,,,,,1,,11,15,12,16,11,14,10,1,1,0,0.7,1421.0
44,2026-09-30,,,,,,,,0,0,1540.0,8.6,10.5,9.9,9.7,24.0,8.0,12.0,,,,12.3,0,,,940.8,939.1,940.1,940.0,,,,,,,92.0,43.0,58.0,64.0,-1,-1,-1,,,,,,,,,,,10,,6,21,15,21,6,13,4,1,4,3,4.1,1330.0
46,2026-09-30,,,,,,,,0,0,1597.0,9.4,9.6,9.7,9.6,28.0,8.0,8.0,,,,10.3,0,,,1000.7,999.0,999.3,999.7,,,,,,,67.0,28.0,44.0,46.0,-1,-1,-1,,,,,,,,,,,11,,12,26,19,27,7,17,3,1,2,2,2.1,1554.0
47,2026-09-30,0.0,0.0,0.0,5.0,1.0,1.0,23.0,0,0,1579.0,10.4,12.6,11.8,11.6,24.0,12.0,24.0,1,0,0,4.5,0,0,0,909.5,907.7,908.6,908.6,0,0,,,,,92.0,50.0,73.0,72.0,-1,-1,-1,,0,0,,-1.0,0,-1.0,20000.0,25000.0,15000.0,8,1,9,21,14,22,9,15,7,1,1,1,1.1,1629.0
48,2026-09-30,1.0,1.0,1.0,9.0,8.0,1.0,60.0,0,0,1045.0,12.5,11.8,13.3,12.5,0.0,16.0,32.0,1,0,0,3.5,0,0,0,974.4,973.4,973.3,973.7,0,0,,,,,90.0,48.0,81.0,73.0,-1,-1,-1,,,,0.0,-1.0,0,-1.0,20000.0,45000.0,45000.0,3,1,12,21,14,22,10,16,7,0,1,1,0.7,1603.0
49,2026-09-30,,,,,,,,,,,8.2,9.8,11.0,9.7,,16.0,0.0,,,,,0,,,,,,,,,,,,,84.0,32.0,67.0,61.0,-1,-1,-1,,,,,,,,,,,10,,7,25,15,25,3,14,-1,,2,0,,
50,2026-09-30,,,,,,,,0,0,1454.0,10.4,11.7,11.7,11.3,16.0,4.0,12.0,,,,10.0,0,,,932.0,928.1,929.6,929.9,,,,,,,71.0,33.0,50.0,51.0,-1,-1,-1,,,,,,,,,,,8,,13,27,20,27,13,20,11,2,1,3,2.8,1840.0
51,2026-09-30,,,,0.0,0.0,0.0,0.0,0,0,1610.0,8.9,9.1,9.8,9.3,4.0,12.0,12.0,0,0,0,15.9,0,0,0,1004.4,1003.4,1003.6,1003.8,0,0,,,,,50.0,28.0,44.0,41.0,-1,-1,-1,,0,0,,-1.0,0,-1.0,60000.0,60000.0,60000.0,11,0,16,25,19,26,13,19,9,3,5,3,6.1,1429.0
52,2026-09-30,,,,,,,,0,0,1582.0,9.0,8.5,9.4,9.0,24.0,8.0,8.0,,,,11.7,0,,,1000.5,999.2,999.5,999.7,,,,,,,67.0,26.0,40.0,44.0,-1,-1,-1,,,,,,,,,,,10,,11,26,20,26,9,17,5,1,3,2,2.8,1524.0
53,2026-09-30,,,,0.0,0.0,0.0,0.0,0,0,1636.0,9.2,9.6,9.9,9.6,4.0,16.0,12.0,0,0,0,8.5,0,0,0,965.6,965.2,964.8,965.2,0,0,,,,,59.0,36.0,47.0,47.0,-1,-1,-1,,,,,-1.0,0,-1.0,30000.0,30000.0,18000.0,11,0,14,22,18,23,10,16,8,1,2,1,1.6,1258.0
54,2026-09-30,,,,,,,,0,0,1603.0,10.3,10.1,11.9,10.8,0.0,12.0,20.0,,,,7.8,0,,,996.2,994.6,994.5,995.1,,,,,,,94.0,34.0,74.0,67.0,-1,-1,-1,,,,,,,,,,,11,,8,24,14,24,6,15,3,0,3,1,1.9,1409.0
55,2026-09-30,2.0,1.0,1.0,10.0,9.0,9.0,93.0,0,0,757.0,14.5,13.2,13.0,13.6,0.0,12.0,12.0,1,0,0,8.1,0,0,0,949.5,948.8,948.8,949.0,0,0,,,,,93.0,63.0,71.0,76.0,-1,-1,-1,,,,0.0,-1.0,0,-1.0,15000.0,18000.0,18000.0,0,1,14,18,16,19,13,16,13,0,2,1,1.2,1550.0
56,2026-09-30,,,,,,,,0,0,1438.0,10.0,11.1,11.6,10.9,20.0,12.0,32.0,,,,6.9,0,,,992.0,991.1,990.7,991.3,,,,,,,75.0,35.0,53.0,54.0,-1,-1,-1,,,,,,,,,,,11,,11,25,19,26,11,19,8,1,2,1,1.6,1414.0
57,2026-09-30,,,,,,,,0,0,1418.0,8.3,9.4,9.2,9.0,12.0,12.0,12.0,,,,9.4,0,,,959.6,959.3,959.1,959.3,,,,,,,64.0,35.0,47.0,49.0,-1,-1,-1,,,,,,,,,,,10,,11,22,17,23,10,17,8,1,2,1,1.6,1311.0
58,2026-09-30,,,,,,,,0,0,1528.0,9.0,10.4,10.2,9.9,0.0,16.0,16.0,,,,10.9,0,,,1003.5,1002.6,1002.2,1002.8,,,,,,,80.0,33.0,44.0,52.0,-1,-1,-1,,,,,,,,,,,10,,9,25,20,26,4,15,1,0,3,2,2.4,1324.0
59,2026-09-30,,,,,,,,1,0,1624.0,8.4,9.2,9.1,8.9,16.0,16.0,16.0,,,,18.5,0,,,925.6,925.8,925.9,925.8,,,,,,,53.0,41.0,50.0,48.0,-1,-1,-1,,,,,,,,,,,10,,14,19,16,20,14,17,12,5,4,4,7.6,444.0
60,2026-09-30,,,,,,,,0,0,1529.0,12.0,16.4,15.5,14.6,28.0,4.0,4.0,,,,7.1,0,,,963.5,962.7,962.5,962.9,,,,,,,95.0,60.0,81.0,79.0,-1,-1,-1,,,,,,,,,,,10,,11,23,17,23,10,16,,1,3,1,2.2,1526.0
61,2026-09-30,,,,,,,,0,0,1473.0,11.1,16.3,12.8,13.4,20.0,12.0,20.0,,,,5.8,0,,,949.5,946.8,948.2,948.2,,,,,,,89.0,49.0,65.0,68.0,-1,-1,-1,,,,,,,,,,,9,,10,26,17,26,10,18,7,1,1,1,1.1,1601.0
62,2026-09-30,1.0,1.0,1.0,10.0,10.0,10.0,100.0,0,0,708.0,13.4,12.8,13.7,13.3,32.0,20.0,32.0,1,0,0,2.7,0,0,0,,,,,0,0,,,,,90.0,65.0,82.0,79.0,-1,-1,-1,,,,,-1.0,0,-1.0,60000.0,60000.0,60000.0,0,1,13,17,15,18,13,15,11,1,1,1,1.1,1125.0
63,2026-09-30,,,,0.0,0.0,0.0,0.0,0,0,1659.0,7.3,9.0,9.5,8.6,20.0,16.0,20.0,0,0,0,15.5,0,0,0,913.4,914.1,913.8,913.8,0,0,,,,,48.0,45.0,56.0,50.0,-1,-1,-1,,0,0,,-1.0,0,-1.0,8000.0,8000.0,6000.0,10,0,13,18,15,18,12,15,10,4,4,3,6.0,1141.0
64,2026-09-30,,,,,,,,0,0,1530.0,11.4,10.1,10.5,10.7,16.0,20.0,28.0,,,,8.8,0,,,927.1,926.7,927.0,926.9,,,,,,,83.0,45.0,78.0,69.0,-1,-1,-1,,,,,,,,,,,8,,12,19,11,21,11,16,,1,3,1,2.2,1333.0
65,2026-09-30,,,,,,,,0,0,1431.0,9.6,11.4,10.3,10.4,8.0,16.0,8.0,,,,10.3,0,,,1013.3,1012.1,1011.6,1012.3,,,,,,,71.0,36.0,48.0,52.0,-1,-1,-1,,,,,,,,,,,9,,11,25,19,25,8,17,,2,3,1,2.8,1138.0
66,2026-09-30,,,,,,,,0,0,1252.0,6.8,8.7,8.1,7.9,16.0,4.0,16.0,,,,8.2,0,,,814.4,813.4,814.5,814.1,,,,,,,66.0,48.0,75.0,63.0,-1,-1,-1,,,,0.0,,,,,,,6,,7,16,8,17,6,12,,1,2,1,1.6,1306.0
67,2026-09-30,,,,,,,,0,1,1534.0,8.9,9.1,9.6,9.2,12.0,12.0,12.0,,,,23.0,0,,,972.2,972.1,971.8,972.0,,,,,,,62.0,35.0,45.0,47.0,-1,-1,-1,,,,,,,,,,,11,,12,22,19,22,11,16,9,4,7,6,11.4,1446.0
68,2026-09-30,2.0,1.0,1.0,4.0,2.0,4.0,33.0,0,0,1289.0,9.8,9.6,9.2,9.5,12.0,12.0,12.0,0,0,0,12.1,0,0,0,834.2,834.3,834.5,834.3,0,0,,,,,97.0,67.0,86.0,83.0,-1,-1,-1,,,,,-1.0,0,-1.0,5000.0,5000.0,5000.0,7,0,7,12,8,13,7,10,,3,4,3,5.3,1327.0
69,2026-09-30,,,,,,,,0,0,604.0,14.0,11.0,13.4,12.8,0.0,12.0,24.0,,,,3.4,0,,,947.3,946.9,946.9,947.0,,,,,,,94.0,55.0,80.0,76.0,,-1,-1,,,,,,,,,,,0,,13,18,15,18,13,15,12,0,1,1,0.7,1216.0
70,2026-09-30,,,,,,,,0,0,1661.0,9.4,9.9,9.9,9.7,8.0,12.0,8.0,,,,15.2,0,,,1002.5,1001.5,1001.2,1001.7,,,,,,,67.0,32.0,51.0,50.0,-1,-1,-1,,,,,,,,,,,11,,12,25,17,25,7,16,5,1,4,2,3.5,1148.0
71,2026-09-30,,,,,,,,0,0,1779.0,9.9,10.7,8.6,9.7,8.0,16.0,4.0,,,,6.5,0,,,906.3,906.2,906.4,906.3,,,,,,,71.0,49.0,63.0,61.0,-1,-1,-1,,,,0.0,,,,,,,10,,12,19,12,19,10,15,9,1,2,1,1.6,1427.0
72,2026-09-30,,,,,,,,0,0,,7.9,8.5,9.4,8.6,12.0,12.0,12.0,,,,12.2,0,,,956.9,957.3,957.5,957.2,,,,,,,43.0,31.0,45.0,40.0,-1,-1,-1,,,,,,,,,,,9,,16,23,18,23,15,19,11,2,2,2,2.7,1103.0
73,2026-09-30,,,,,,,,0,0,1648.0,8.5,12.5,10.7,10.6,0.0,8.0,32.0,,,,9.0,0,,,929.3,927.1,928.5,928.3,,,,,,,99.0,47.0,79.0,75.0,-1,-1,-1,,,,,,,,,,,11,,5,22,12,22,3,13,3,0,3,1,1.9,1307.0
75,2026-09-30,,,,,,,,0,0,1574.0,10.4,13.9,14.1,12.8,12.0,4.0,4.0,,,,7.0,0,,,976.4,975.5,974.9,975.6,,,,,,,81.0,45.0,75.0,67.0,-1,-1,-1,,,,,,,,,,,11,,11,25,17,26,10,18,8,2,3,2,3.3,1528.0
76,2026-09-30,,,,,,,,0,0,1485.0,11.3,14.8,13.5,13.2,16.0,32.0,0.0,,,,8.9,0,,,926.7,924.9,925.5,925.7,,,,,,,87.0,50.0,76.0,71.0,-1,-1,-1,,,,,,,,,,,10,,11,24,16,24,9,16,4,2,3,0,2.4,1347.0
77,2026-09-30,,,,0.0,0.0,0.0,,0,0,1577.0,8.9,12.0,10.3,10.4,4.0,16.0,8.0,0,0,0,8.4,0,,0,951.6,951.5,951.2,951.4,,,,,,,65.0,42.0,46.0,51.0,-1,-1,-1,,,,,,0,-1.0,20000.0,20000.0,30000.0,11,,12,23,19,23,10,17,6,2,2,2,2.7,107.0
78,2026-09-30,,,,,,,,0,0,1249.0,7.8,12.0,11.1,10.3,16.0,4.0,16.0,,,,5.8,0,,,917.4,914.4,916.0,915.9,,,,,,,90.0,41.0,79.0,70.0,-1,-1,-1,,,,,,,,,,,6,,5,24,12,24,5,15,1,1,2,1,1.6,1414.0
80,2026-09-30,,,,,,,,0,0,1589.0,9.6,8.6,10.1,9.4,0.0,16.0,8.0,,,,7.9,0,,,969.1,968.5,969.0,968.9,,,,,,,84.0,30.0,64.0,59.0,-1,-1,-1,0,0,0,,,,,,,,11,,9,23,14,24,6,15,4,0,1,1,0.7,1111.0
81,2026-09-30,,,,,,,,0,0,1618.0,8.9,9.1,9.7,9.2,4.0,12.0,12.0,,,,13.5,0,,,988.0,987.3,987.1,987.5,,,,,,,63.0,31.0,43.0,46.0,-1,-1,-1,,,,,,,,,,,11,,12,24,19,24,11,18,8,3,4,2,4.7,1210.0
82,2026-09-30,2.0,2.0,2.0,1.0,1.0,10.0,40.0,1,0,1674.0,7.4,8.4,9.1,8.3,16.0,16.0,16.0,1,1,1,17.4,0,0,0,778.0,778.2,778.2,778.1,0,0,,,,,73.0,75.0,97.0,82.0,-1,-1,-1,,0,0,,-1.0,0,-1.0,50000.0,45000.0,10.0,8,0,7,9,6,11,6,9,,3,5,5,7.7,114.0
83,2026-09-30,,,,,,,,0,0,1580.0,9.5,14.1,13.0,12.2,28.0,12.0,28.0,,,,4.4,0,,,912.7,910.5,911.5,911.6,,,,,,,91.0,64.0,87.0,81.0,-1,-1,-1,,,,,,,,,,,9,,8,19,13,20,7,13,5,1,1,1,1.1,1253.0
85,2026-09-30,,,,,,,,0,0,1772.0,9.4,10.3,10.2,10.0,28.0,12.0,16.0,,,,6.1,0,,,812.4,812.5,812.6,812.5,,,,,,,61.0,57.0,75.0,64.0,-1,-1,-1,,,,,,,,,,,11,,13,16,12,17,11,14,,2,2,1,2.1,2152.0
86,2026-09-30,,,,,,,,0,0,1643.0,7.3,8.6,8.7,8.2,16.0,16.0,12.0,,,,10.9,0,,,866.0,866.8,866.4,866.4,,,,,,,62.0,54.0,68.0,61.0,-1,-1,-1,,,,,,,,,,,10,,9,14,11,15,8,11,,4,3,4,6.0,1904.0
87,2026-09-30,,,,,,,,0,0,1481.0,9.0,12.3,10.6,10.6,20.0,16.0,16.0,,,,8.0,0,,,891.1,889.2,889.8,890.0,,,,,,,94.0,46.0,56.0,65.0,-1,-1,-1,,,,,,,,,,,10,,6,22,17,23,6,14,1,1,1,2,1.6,1803.0
88,2026-09-30,,,,,,,,0,0,1624.0,7.2,8.3,9.0,8.2,20.0,20.0,20.0,,,,14.8,0,,,912.9,913.5,913.4,913.3,,,,,,,49.0,41.0,57.0,49.0,-1,-1,-1,0,0,0,,,,,,,,10,,13,18,14,18,11,15,9,4,3,3,5.3,216.0
89,2026-09-30,,,,,,,,0,0,1675.0,6.5,9.1,10.7,8.8,32.0,12.0,0.0,,,,8.5,0,,,965.5,964.8,964.7,965.0,,,,,,,96.0,33.0,79.0,69.0,-1,-1,-1,,,,,,,,,,,10,,2,23,12,23,1,12,1,1,2,0,1.2,1504.0
90,2026-09-30,,,,,,,,0,0,1487.0,11.9,9.9,11.8,11.2,0.0,16.0,32.0,,,,6.2,0,,,979.9,978.2,978.9,979.0,,,,,,,87.0,34.0,77.0,66.0,-1,-1,-1,,,,,,,,,,,10,,12,24,13,25,8,16,7,0,2,1,1.2,1255.0
91,2026-09-30,,,,,,,,0,0,1510.0,11.0,11.1,10.9,11.0,0.0,24.0,12.0,,,,6.2,0,,,966.2,964.5,965.1,965.3,,,,,,,86.0,41.0,75.0,67.0,-1,-1,-1,,,,,,,,,,,10,,11,23,13,23,8,15,5,0,1,1,0.7,1457.0
92,2026-09-30,,,,,,,,0,0,1094.0,12.3,11.8,11.1,11.7,24.0,8.0,20.0,,,,9.8,0,,,906.9,906.3,906.7,906.6,,,,,,,93.0,59.0,79.0,77.0,-1,-1,-1,,,,,,,,,,,4,,11,18,12,18,11,15,,1,2,2,2.1,1653.0
93,2026-09-30,,,,,,,,0,0,1655.0,9.0,10.3,9.4,9.6,32.0,12.0,8.0,,,,8.5,0,,,992.3,991.2,991.9,991.8,,,,,,,64.0,31.0,43.0,46.0,-1,-1,-1,,,,,,,,,,,11,,12,26,19,26,11,19,9,2,2,2,2.7,1619.0
94,2026-09-30,,,,,,,,0,0,1801.0,9.5,10.0,10.0,9.8,28.0,16.0,28.0,,,,7.1,0,,,942.9,942.7,942.6,942.7,,,,,,,71.0,39.0,68.0,59.0,-1,-1,-1,,,,,,,,,,,11,,11,22,13,22,9,15,7,1,2,2,2.1,1256.0
95,2026-09-30,,,,,,,,0,0,1051.0,13.4,12.4,13.5,13.1,20.0,16.0,32.0,,,,3.9,0,,,973.0,972.0,972.0,972.3,,,,,,,96.0,49.0,82.0,76.0,-1,-1,-1,,,,,,,,,,,3,,12,21,15,22,10,16,8,1,1,1,1.1,1546.0
97,2026-09-30,,,,,,,,0,0,977.0,9.8,10.3,9.3,9.8,12.0,12.0,8.0,,,,7.8,0,,,881.8,881.9,882.0,881.9,,,,,,,78.0,57.0,66.0,67.0,-1,-1,-1,,,,0.0,,,,,,,2,,10,16,12,16,10,13,,1,3,2,2.8,1453.0
98,2026-09-30,1.0,1.0,1.0,10.0,10.0,9.0,97.0,0,0,783.0,12.4,11.4,10.4,11.4,0.0,20.0,8.0,0,0,0,4.9,0,0,0,910.2,909.7,909.9,909.9,0,0,,,,,90.0,58.0,64.0,71.0,-1,-1,-1,0,0,0,,-1.0,0,-1.0,15000.0,20000.0,15000.0,0,1,12,17,14,18,12,15,11,0,1,1,0.7,1519.0
100,2026-09-30,1.0,1.0,1.0,9.0,7.0,5.0,70.0,0,0,1010.0,13.4,11.7,14.4,13.2,8.0,12.0,4.0,1,1,1,3.8,0,0,0,969.3,968.6,968.4,968.8,0,0,,,,,91.0,49.0,82.0,74.0,-1,-1,-1,,,,,-1.0,0,-1.0,15000.0,20000.0,20000.0,2,0,13,20,16,21,11,16,10,1,2,1,1.6,1217.0
101,2026-09-30,,,,,,,,0,0,1500.0,10.5,11.9,11.3,11.2,0.0,8.0,8.0,,,,5.5,0,,,978.8,978.0,978.5,978.4,,,,,,,95.0,36.0,60.0,64.0,-1,-1,-1,,,,,,,,,,,9,,8,26,17,26,7,17,,0,1,1,0.7,1913.0
102,2026-09-30,,,,,,,,0,0,,12.5,13.0,13.0,12.8,28.0,24.0,4.0,,,,4.1,0,,,917.7,917.5,917.5,917.6,,,,,,,88.0,69.0,85.0,81.0,-1,-1,-1,,,,,,,,,,,,,12,17,13,17,12,14,11,1,2,1,1.6,1237.0
103,2026-09-30,,,,,,,,0,0,1179.0,13.0,11.0,12.0,12.0,24.0,16.0,20.0,,,,4.7,0,,,944.8,944.1,944.5,944.5,,,,,,,95.0,47.0,90.0,77.0,-1,-1,-1,,,,,,,,,,,4,,12,20,11,20,11,16,9,1,1,1,1.1,1300.0
104,2026-09-30,,,,,,,,0,0,1590.0,10.4,11.5,11.2,11.0,32.0,20.0,16.0,,,,13.6,0,,,,,,,,,,,,,65.0,34.0,56.0,52.0,-1,-1,-1,,,,,,,,,,,10,,14,26,18,26,10,18,8,1,2,2,2.1,1036.0
105,2026-09-30,,,,,,,,0,0,1645.0,9.3,9.3,10.3,9.6,16.0,12.0,12.0,,,,16.4,0,,,1001.4,1000.3,1000.5,1000.7,,,,,,,61.0,29.0,43.0,44.0,,-1,,,,,,,,,,,,11,,13,25,21,26,12,19,7,2,4,3,4.7,1121.0
106,2026-09-30,,,,,,,,0,0,1575.0,9.0,9.0,9.5,9.2,8.0,12.0,8.0,,,,12.8,0,,,999.0,997.9,998.2,998.4,,,,,,,62.0,28.0,41.0,44.0,-1,-1,-1,,,,,,,,,,,11,,13,25,20,26,9,18,,2,3,2,3.3,1241.0
107,2026-09-30,,,,,,,,0,0,1640.0,9.1,9.2,10.5,9.6,12.0,12.0,12.0,,,,15.3,0,,,1002.5,1001.6,1001.8,1002.0,,,,,,,57.0,29.0,46.0,44.0,-1,-1,-1,,,,,,,,,,,11,,14,25,20,26,13,19,11,3,5,3,6.1,1209.0
108,2026-09-30,,,,,,,,1,0,,10.0,10.8,9.4,10.1,12.0,12.0,8.0,,,,17.0,0,,,953.5,953.1,954.2,953.6,,,,,,,54.0,36.0,41.0,44.0,-1,-1,-1,,,,0.0,,,,,,,11,,16,24,20,24,12,18,10,2,4,4,5.4,926.0
109,2026-09-30,,,,,,,,0,0,,11.7,12.6,13.5,12.6,28.0,12.0,32.0,,,,8.0,0,,,959.6,958.0,958.9,958.8,,,,,,,74.0,37.0,70.0,60.0,-1,-1,-1,,,,,,,,,,,11,,14,26,17,27,13,20,,1,2,1,1.6,925.0
111,2026-09-30,0.0,0.0,2.0,2.0,1.0,2.0,17.0,0,0,1668.0,8.8,12.1,11.2,10.7,8.0,8.0,8.0,1,0,1,7.7,0,0,0,951.0,950.9,950.2,950.7,0,0,,,,,61.0,49.0,49.0,53.0,,-1,-1,,0,0,,-1.0,0,-1.0,30000.0,30000.0,15000.0,11,0,12,21,20,22,11,17,9,2,3,3,3.9,12.0
112,2026-09-30,,,,0.0,0.0,0.0,0.0,0,0,1545.0,8.6,8.3,9.6,8.8,12.0,16.0,16.0,0,0,0,16.6,0,0,0,992.7,992.2,992.3,992.4,0,0,,,,,53.0,27.0,41.0,40.0,-1,-1,-1,0,0,0,,-1.0,0,-1.0,50000.0,50000.0,35000.0,11,0,14,25,20,25,10,18,6,2,4,2,4.0,1125.0
113,2026-09-30,,,,,,,,0,0,,10.2,14.7,13.1,12.7,20.0,8.0,20.0,,,,9.4,0,,,937.8,934.5,935.8,936.0,,,,,,,97.0,54.0,73.0,75.0,-1,-1,-1,,,,,,,,,,,11,,8,23,16,23,7,15,,1,3,1,2.2,1612.0
115,2026-09-30,1.0,1.0,1.0,4.0,5.0,4.0,43.0,0,0,1597.0,10.3,10.0,10.3,10.2,24.0,16.0,8.0,1,0,0,8.9,0,0,0,948.4,947.3,948.0,947.9,0,0,,,,,91.0,38.0,65.0,65.0,-1,-1,-1,,0,0,,-1.0,0,-1.0,20000.0,30000.0,20000.0,9,0,9,22,14,22,7,15,3,1,3,1,2.2,1619.0
116,2026-09-30,,,,,,,,0,0,1668.0,10.4,10.3,11.3,10.7,0.0,12.0,24.0,,,,5.7,0,,,985.9,984.5,984.7,985.0,,,,,,,91.0,36.0,73.0,67.0,-1,-1,-1,,,,,,,,,,,11,,9,23,14,24,7,16,4,0,2,1,1.2,1439.0
118,2026-09-30,,,,,,,,0,0,1608.0,10.4,13.0,13.6,12.3,0.0,24.0,16.0,,,,4.8,0,,,935.4,933.2,934.1,934.2,,,,,,,93.0,41.0,77.0,70.0,-1,-1,-1,,,,,,,,,,,9,,9,25,16,25,8,17,6,0,2,1,1.2,1347.0
119,2026-09-30,,,,,,,,0,0,1488.0,8.9,10.3,10.2,9.8,20.0,8.0,20.0,,,,5.6,0,,,879.3,876.6,877.7,877.9,,,,,,,88.0,37.0,65.0,63.0,-1,-1,-1,,,,,,,,,,,8,,7,23,14,24,7,15,3,1,2,1,1.6,1554.0
120,2026-09-30,,,,,,,,0,0,1040.0,11.8,12.8,11.1,11.9,0.0,24.0,12.0,,,,5.4,0,,,973.4,972.4,972.4,972.7,,,,,,,90.0,54.0,71.0,72.0,-1,-1,-1,,,,,,,,,,,3,,11,20,14,23,8,15,6,0,1,1,0.7,1752.0
121,2026-09-30,,,,,,,,0,0,1633.0,9.3,11.6,11.1,10.7,12.0,12.0,16.0,,,,15.0,0,,,875.9,874.0,874.7,874.9,,,,,,,85.0,58.0,68.0,70.0,-1,-1,-1,,,,,,,,,,,9,,8,18,14,18,8,13,6,1,4,4,4.9,1538.0
122,2026-09-30,2.0,2.0,,7.0,6.0,,,0,0,1120.0,8.7,9.7,8.7,9.0,8.0,8.0,8.0,0,0,,6.3,0,0,0,856.8,857.3,857.0,857.0,0,0,,,,,77.0,65.0,74.0,72.0,-1,-1,-1,,,,0.0,-1.0,0,-1.0,80000.0,80000.0,,2,0,9,13,9,14,8,11,4,2,1,2,2.1,2124.0
124,2026-09-30,,2.0,2.0,,5.0,1.0,,0,0,1472.0,10.1,10.4,9.6,10.0,28.0,12.0,28.0,0,0,0,7.2,0,0,0,926.8,926.3,926.8,926.6,0,0,,,,,80.0,45.0,78.0,68.0,-1,-1,-1,,0,0,,-1.0,0,-1.0,,16000.0,8000.0,8,0,11,20,10,22,8,15,8,1,2,1,1.6,1358.0
126,2026-09-30,,,,,,,,0,0,1461.0,9.7,11.0,11.5,10.7,0.0,8.0,8.0,,,,9.0,0,,,947.9,944.2,945.5,945.9,,,,,,,94.0,32.0,48.0,58.0,-1,-1,-1,,,,,,,,,,,9,,7,26,20,27,7,17,4,0,2,2,1.8,1624.0
127,2026-09-30,,,,,,,,0,0,1465.0,10.5,13.2,12.0,11.9,16.0,16.0,16.0,,,,4.5,0,,,918.0,916.2,917.1,917.1,,,,,,,71.0,48.0,67.0,62.0,-1,-1,-1,,,,,,,,,,,9,,13,23,16,23,12,18,11,1,1,1,1.1,213.0
129,2026-09-30,,,,,,,,0,0,1515.0,11.7,13.5,14.4,13.2,20.0,32.0,0.0,,,,8.4,0,,,951.1,948.9,949.8,949.9,,,,,,,85.0,42.0,86.0,71.0,-1,-1,-1,,,,,,,,,,,9,,12,25,15,26,11,19,7,2,1,0,1.2,309.0
130,2026-09-30,,,,,,,,0,0,729.0,12.3,11.9,11.7,12.0,0.0,8.0,12.0,,,,6.6,0,,,903.6,903.2,903.6,903.5,,,,,,,87.0,65.0,76.0,76.0,-1,-1,-1,,,,0.0,,,,,,,0,,12,16,13,16,12,14,12,0,2,1,1.2,1418.0
131,2026-09-30,,,,,,,,0,0,,10.9,14.8,15.3,13.7,0.0,4.0,24.0,,,,8.2,0,,,970.5,969.1,969.2,969.6,,,,,,,96.0,45.0,79.0,73.0,-1,-1,-1,,,,,,,,,,,11,,9,26,17,26,7,17,6,0,2,1,1.2,
132,2026-09-30,0.0,,,1.0,0.0,0.0,3.0,0,0,1512.0,11.4,13.7,10.6,11.9,8.0,20.0,12.0,1,0,1,6.5,0,0,0,963.8,962.0,963.0,962.9,0,0,,,,,74.0,41.0,44.0,53.0,-1,-1,-1,,0,0,,-1.0,0,-1.0,25000.0,25000.0,25000.0,9,1,13,26,21,26,12,19,9,1,1,2,1.6,1110.0
133,2026-09-30,,,,,,,,0,0,1573.0,9.9,9.8,11.4,10.4,8.0,28.0,32.0,,,,5.4,0,,,929.6,928.8,928.7,929.0,,,,,,,54.0,28.0,52.0,45.0,-1,-1,-1,,,,,,,,,,,10,,16,27,19,27,15,21,10,1,1,1,1.1,1538.0
134,2026-09-30,,,,,,,,0,0,1548.0,9.4,9.0,10.1,9.5,12.0,12.0,12.0,,,,11.5,0,,,1007.3,1006.3,1006.2,1006.6,,,,,,,58.0,28.0,46.0,44.0,-1,-1,-1,,,,,,,,,,,11,,14,25,19,26,12,19,7,2,3,1,2.8,1312.0
136,2026-09-30,,,,,,,,0,0,1375.0,9.2,9.9,11.2,10.1,12.0,24.0,12.0,,,,5.9,0,,,906.7,904.1,905.3,905.4,,,,,,,85.0,34.0,68.0,62.0,-1,-1,-1,,,,,,,,,,,7,,8,24,15,25,8,16,3,1,1,1,1.1,1356.0
137,2026-09-30,,,,,,,,0,0,523.0,12.7,12.1,12.0,12.3,0.0,20.0,4.0,,,,4.3,0,,,904.9,904.5,904.8,904.7,,,,,,,93.0,71.0,79.0,81.0,-1,-1,-1,,,,,,,,,,,0,,12,15,13,15,12,13,12,0,2,1,1.2,1214.0
138,2026-09-30,,,,0.0,0.0,,,0,0,1343.0,10.6,10.7,11.7,11.0,0.0,20.0,8.0,0,0,0,11.4,0,0,0,,,,,0,0,,,,,89.0,35.0,61.0,62.0,-1,-1,-1,0,0,0,,-1.0,0,-1.0,10000.0,25000.0,3000.0,7,0,10,25,17,25,9,17,4,0,3,1,1.9,1215.0
139,2026-09-30,,,,,,,,0,0,1453.0,10.0,10.3,10.3,10.2,16.0,12.0,16.0,,,,13.4,0,,,907.8,906.8,907.5,907.4,,,,,,,76.0,44.0,58.0,59.0,-1,-1,-1,,,,,,,,,,,8,,11,20,16,21,11,16,10,1,4,2,3.5,1508.0
140,2026-09-30,,,,,,,,0,0,,8.2,10.3,10.3,9.6,32.0,16.0,32.0,,,,9.8,0,,,,,,,,,,,,,79.0,36.0,64.0,60.0,-1,-1,-1,0,0,0,,,,,,,,11,,8,23,14,24,6,15,3,2,2,1,2.1,1227.0
141,2026-09-30,,,,,,,,0,0,1505.0,9.9,13.0,14.2,12.4,20.0,8.0,20.0,,,,5.5,0,,,972.3,971.6,971.0,971.6,,,,,,,85.0,46.0,78.0,70.0,-1,-1,-1,,,,,,,,,,,10,,9,23,16,24,7,16,7,1,1,1,1.1,1446.0
142,2026-09-30,0.0,0.0,,3.0,2.0,0.0,17.0,0,0,1581.0,12.3,15.0,15.4,14.2,20.0,4.0,32.0,1,0,0,6.7,0,0,0,965.7,963.1,963.7,964.2,0,0,,,,,93.0,47.0,67.0,69.0,-1,-1,-1,,0,0,,-1.0,0,-1.0,40000.0,35000.0,8000.0,9,1,11,25,20,26,11,19,9,1,2,2,2.1,1625.0
144,2026-09-30,,,,,,,,0,0,,9.4,15.4,10.2,11.7,12.0,24.0,12.0,,,,12.9,0,,,970.9,970.3,969.9,970.4,,,,,,,95.0,54.0,40.0,63.0,-1,-1,-1,,,,,,,,,,,9,,7,23,22,23,6,15,2,1,1,4,3.0,2101.0
145,2026-09-30,,,,0.0,0.0,,,0,0,1467.0,11.5,13.6,15.7,13.6,0.0,32.0,16.0,1,0,,6.5,0,0,0,973.4,971.8,972.0,972.4,0,0,,,,,98.0,40.0,81.0,73.0,-1,-1,-1,,0,,,-1.0,0,-1.0,1900.0,15000.0,,8,0,9,26,17,27,9,18,5,0,1,1,0.7,946.0
146,2026-09-30,,,,,,,,0,0,1572.0,8.9,12.6,12.2,11.2,24.0,12.0,24.0,,,,9.1,0,,,900.4,897.9,899.0,899.1,,,,,,,91.0,41.0,68.0,67.0,-1,-1,-1,,,,,,,,,,,9,,7,25,16,25,7,16,5,1,1,1,1.1,1531.0
147,2026-09-30,,,,,,,,0,0,1640.0,8.7,10.9,10.2,9.9,24.0,8.0,4.0,,,,10.4,0,,,936.9,934.8,936.0,935.9,,,,,,,87.0,42.0,55.0,61.0,-1,-1,-1,,,,,,,,,,,10,,7,22,16,22,6,14,4,1,3,3,3.4,1758.0
148,2026-09-30,,,,,,,,0,0,1627.0,7.4,9.2,9.0,8.5,20.0,8.0,12.0,,,,10.2,0,,,957.7,957.1,957.1,957.3,,,,,,,81.0,34.0,49.0,55.0,-1,-1,-1,,,,,,,,,,,11,,6,22,16,23,5,14,2,1,3,2,2.8,1337.0
149,2026-09-30,,,,,,,,0,0,,12.2,11.3,12.3,11.9,0.0,12.0,28.0,,,,3.9,0,,,891.2,891.3,891.2,891.2,,,,,,,95.0,71.0,87.0,84.0,-1,-1,-1,,,,,,,,,,,,,11,14,12,14,10,12,10,0,1,1,0.7,945.0
150,2026-09-30,,,,,,,,0,0,637.0,14.5,13.5,15.1,14.4,16.0,12.0,0.0,,,,2.4,0,,,964.1,963.4,963.3,963.6,,,,,,,97.0,62.0,87.0,82.0,-1,-1,-1,,,,,,,,,,,0,,13,19,15,19,12,16,11,1,1,0,0.7,1441.0
151,2026-09-30,,,,,,,,0,0,1487.0,9.9,13.9,13.4,12.4,28.0,32.0,32.0,,,,6.6,0,,,917.4,915.4,916.3,916.4,,,,,,,98.0,45.0,83.0,75.0,-1,-1,-1,,,,,,,,,,,8,,7,25,14,25,7,16,6,1,2,1,1.6,1521.0
152,2026-09-30,,,,,,,,0,0,1636.0,9.4,9.1,9.8,9.4,12.0,12.0,12.0,,,,15.4,0,,,1004.6,1003.5,1003.3,1003.8,,,,,,,59.0,30.0,41.0,43.0,-1,-1,-1,,,,,,,,,,,11,,14,24,20,25,12,19,7,2,4,3,4.7,1346.0
153,2026-09-30,,,,,,,,0,0,,9.0,9.9,9.0,9.3,12.0,12.0,12.0,,,,16.0,0,,,889.2,889.5,889.7,889.5,,,,,,,75.0,53.0,62.0,63.0,-1,-1,-1,,,,,,,,,,,8,,10,16,13,17,8,13,,3,4,4,6.0,2256.0
154,2026-09-30,,,,,,,,0,0,1556.0,8.8,9.8,11.2,9.9,0.0,16.0,20.0,,,,9.6,0,,,995.6,994.5,994.2,994.8,,,,,,,88.0,33.0,63.0,61.0,-1,-1,-1,,,,,,,,,,,11,,7,24,16,25,5,15,0,0,3,1,1.9,1401.0
155,2026-09-30,,,,0.0,0.0,0.0,0.0,0,0,1514.0,9.3,9.6,10.1,9.7,16.0,12.0,12.0,1,0,0,9.1,0,0,0,989.0,988.0,988.2,988.4,0,0,,,,,89.0,29.0,43.0,54.0,-1,-1,-1,0,0,0,,-1.0,0,-1.0,40000.0,50000.0,50000.0,11,1,8,26,20,26,6,16,2,1,2,2,2.1,1747.0
156,2026-09-30,1.0,1.0,1.0,1.0,1.0,1.0,,0,0,,11.0,14.7,11.5,12.4,12.0,12.0,0.0,1,0,0,10.0,0,0,0,950.0,946.6,948.0,948.2,0,0,,,,,97.0,56.0,56.0,70.0,-1,-1,-1,0,0,0,,-1.0,0,-1.0,20000.0,50000.0,20000.0,,1,9,22,18,24,8,16,7,1,1,0,0.7,1621.0
157,2026-09-30,,,,,,,,0,0,1602.0,8.5,11.5,10.6,10.2,8.0,12.0,8.0,,,,9.8,0,,,940.5,940.7,940.3,940.5,,,,,,,72.0,45.0,50.0,56.0,-1,-1,-1,,,,,,,,,,,11,,10,22,18,22,8,15,5,1,2,2,2.1,2240.0
158,2026-09-30,,,,,,,,0,0,1521.0,10.2,,,,16.0,12.0,12.0,,,,13.0,0,,,1009.1,1008.0,1007.8,1008.3,,,,,,,88.0,,,,-1,-1,-1,,,,,,,,,,,11,,9,,,25,6,16,1,1,4,2,3.5,1233.0
159,2026-09-30,,,,,,,,0,0,1552.0,9.8,14.2,13.9,12.6,32.0,8.0,0.0,,,,7.6,0,,,981.2,980.3,979.8,980.4,,,,,,,91.0,52.0,78.0,74.0,-1,-1,-1,,,,0.0,,,,,,,11,,8,23,16,23,6,15,4,1,3,0,1.9,1459.0
160,2026-09-30,,,,,,,,0,0,1530.0,8.1,12.1,11.9,10.7,0.0,12.0,20.0,,,,8.0,0,,,981.1,980.1,979.5,980.2,,,,,,,93.0,41.0,72.0,69.0,-1,-1,-1,,,,,,,,,,,11,,5,24,15,25,4,14,,0,2,1,1.2,1029.0
161,2026-09-30,,,,,,,,0,0,1575.0,8.3,10.5,9.4,9.4,24.0,12.0,12.0,,,,7.3,0,,,943.1,943.3,943.0,943.1,,,,,,,84.0,39.0,46.0,56.0,-1,-1,-1,,,,,,,,,,,10,,7,22,18,23,6,14,4,1,3,1,2.2,1053.0
162,2026-09-30,,,,,,,,0,0,1664.0,9.7,13.7,13.5,12.3,20.0,4.0,16.0,,,,6.6,0,,,,,,,,,,,,,95.0,47.0,88.0,77.0,-1,-1,-1,,,,,,,,,,,11,,7,24,13,24,6,15,4,1,2,1,1.6,1504.0
163,2026-09-30,,,,,,,,0,0,1457.0,10.9,15.9,14.2,13.7,32.0,8.0,32.0,,,,9.1,0,,,966.4,965.4,965.4,965.7,,,,,,,91.0,59.0,79.0,76.0,-1,-1,-1,,,,,,,,,,,11,,10,22,16,23,9,16,,1,1,1,1.1,2235.0
164,2026-09-30,,,,0.0,,,,0,0,1633.0,8.8,8.1,9.6,8.8,32.0,16.0,16.0,0,,,14.0,0,0,0,986.3,985.6,985.8,985.9,0,0,,,,,76.0,27.0,42.0,48.0,-1,-1,-1,,0,,,-1.0,0,-1.0,4000.0,,,10,1,9,24,20,25,8,16,7,1,4,2,3.5,1347.0
165,2026-09-30,0.0,0.0,,1.0,1.0,0.0,7.0,0,0,1561.0,10.0,13.0,11.9,11.6,8.0,16.0,12.0,1,0,1,3.3,0,0,0,941.5,939.9,940.7,940.7,0,0,,,,,86.0,41.0,63.0,63.0,-1,-1,-1,0,0,0,,-1.0,0,-1.0,15000.0,15000.0,15000.0,10,1,9,25,17,25,8,17,5,1,1,1,1.1,1538.0
166,2026-09-30,,,,0.0,0.0,,,0,0,1652.0,8.6,11.1,9.8,9.8,0.0,20.0,24.0,1,0,,8.5,0,0,,951.1,949.3,950.3,950.2,0,0,,,,,93.0,38.0,47.0,59.0,-1,-1,-1,,,,,-1.0,0,-1.0,6000.0,40000.0,,10,1,6,24,18,24,5,15,,0,1,2,1.2,1510.0
167,2026-09-30,,,,,,,,,,,8.3,8.8,9.6,8.9,,,,,,,,0,,,945.2,944.5,944.8,944.8,,,,,,,88.0,37.0,59.0,61.0,-1,-1,-1,,,,,,,,,,,,,6,20,14,21,5,13,,,,,,
169,2026-09-30,,,,,,,,0,0,1579.0,8.7,8.4,9.2,8.8,20.0,16.0,20.0,,,,12.2,0,,,976.8,976.6,976.7,976.7,,,,,,,72.0,28.0,49.0,50.0,-1,-1,-1,,,,,,,,,,,11,,10,24,17,25,6,16,,1,3,1,2.2,1243.0
170,2026-09-30,,,,,,,,0,0,1491.0,8.3,9.6,10.3,9.4,32.0,16.0,20.0,,,,14.4,0,,,973.1,973.1,972.7,973.0,,,,,,,93.0,36.0,61.0,63.0,-1,-1,-1,,,,,,,,,,,9,,5,22,15,23,4,13,0,1,2,1,1.6,1249.0
171,2026-09-30,0.0,0.0,,5.0,2.0,,,0,0,1534.0,13.4,14.6,17.3,15.1,0.0,32.0,0.0,0,0,,4.9,0,0,0,973.6,972.5,971.9,972.7,0,0,,,,,96.0,47.0,84.0,76.0,-1,-1,-1,,,,,-1.0,0,-1.0,5000.0,25000.0,,10,0,12,25,18,26,11,18,7,0,1,0,0.4,1138.0
172,2026-09-30,,,,,,,,0,0,1531.0,10.0,11.5,13.4,11.6,12.0,24.0,12.0,,,,6.7,0,,,927.1,925.5,926.0,926.2,,,,,,,96.0,39.0,84.0,73.0,-1,-1,-1,,,,,,,,,,,9,,8,24,14,25,7,16,5,1,2,1,1.6,1336.0
173,2026-09-30,,,,,,,,0,0,1529.0,8.7,10.7,11.2,10.2,8.0,12.0,8.0,,,,5.2,0,,,883.6,882.9,883.3,883.3,,,,,,,65.0,41.0,66.0,57.0,-1,0,-1,,,,,,,,,,,9,,11,22,15,22,11,17,,1,1,1,1.1,1250.0
174,2026-09-30,,,,,,,,0,0,1575.0,10.6,11.2,12.0,11.3,0.0,4.0,0.0,,,,6.7,0,,,,,,,,,,,,,84.0,43.0,76.0,68.0,-1,-1,-1,,,,,,,,,,,9,,11,22,14,22,10,16,,0,3,0,1.5,1227.0
175,2026-09-30,,,,,,,,1,0,1596.0,11.4,11.7,10.4,11.2,24.0,16.0,16.0,,,,19.2,0,,,956.0,952.9,954.3,954.4,,,,,,,80.0,36.0,40.0,52.0,-1,-1,-1,,,,,,,,,,,10,,12,25,22,26,11,18,9,3,4,5,6.9,1703.0
176,2026-09-30,,,,,,,,0,0,1713.0,8.6,10.5,9.9,9.7,24.0,4.0,20.0,,,,5.7,0,,,831.1,831.2,831.2,831.2,,,,,,,57.0,59.0,63.0,60.0,,,,,,,,,,,,,,11,,13,16,14,18,13,15,,1,2,1,1.6,1912.0
178,2026-09-30,,,,,,,,,,,11.0,12.4,13.5,12.3,,,,,,,,0,,,914.2,912.5,913.2,913.3,,,,,,,93.0,44.0,78.0,72.0,-1,-1,-1,,,,,,,,,,,,,9,23,15,24,9,17,,,,,,
179,2026-09-30,,,,0.0,0.0,0.0,0.0,0,0,1731.0,9.3,11.3,9.7,10.1,28.0,8.0,32.0,0,0,0,6.1,0,0,0,888.7,888.0,888.8,888.5,0,0,,,,,83.0,53.0,70.0,69.0,-1,-1,-1,0,0,0,,-1.0,0,-1.0,29000.0,43000.0,12000.0,11,1,9,19,12,20,7,14,3,1,2,1,1.6,1446.0
180,2026-09-30,,,,,,,,0,0,,8.7,9.3,10.3,9.4,28.0,16.0,24.0,,,,10.6,0,,,991.1,990.4,990.1,990.5,,,,,,,57.0,31.0,52.0,47.0,-1,-1,-1,,,,,,,,,,,11,,13,24,17,25,9,17,7,1,3,1,2.2,1427.0
181,2026-09-30,,,,,,,,0,0,1485.0,10.8,12.5,12.4,11.9,8.0,28.0,12.0,,,,6.0,0,,,956.0,954.2,954.7,955.0,,,,,,,86.0,34.0,56.0,59.0,-1,-1,-1,,,,,,,,,,,9,,10,28,19,28,10,19,8,1,1,1,1.1,1410.0
182,2026-09-30,,,,,,,,0,0,1078.0,12.0,10.8,9.8,10.9,0.0,12.0,0.0,,,,5.1,0,,,931.1,930.3,931.1,930.8,,,,,,,86.0,45.0,73.0,68.0,-1,-1,-1,,,,,,,,,,,3,,12,20,11,20,11,16,,0,1,0,0.4,1347.0
183,2026-09-30,,,,0.0,0.0,0.0,0.0,0,0,1535.0,8.5,10.9,11.4,10.3,28.0,16.0,20.0,1,1,1,10.0,0,0,0,1002.2,1001.0,1000.7,1001.3,0,0,,,,,87.0,34.0,68.0,63.0,-1,-1,-1,0,0,0,,-1.0,0,-1.0,80000.0,80000.0,3000.0,11,1,7,25,15,26,4,15,3,1,3,1,2.2,1307.0
184,2026-09-30,,2.0,,0.0,4.0,,,0,0,1740.0,,,,,24.0,12.0,24.0,0,0,,5.2,0,0,0,730.2,730.1,730.1,730.1,0,0,,,,,,,,,-1,-1,-1,,,,0.0,-1.0,0,-1.0,53000.0,45000.0,,9,0,,,,,,,,2,1,1,1.6,1531.0
185,2026-09-30,,,,,,,,0,0,891.0,11.7,11.6,11.5,11.6,0.0,8.0,0.0,,,,7.5,0,,,872.0,871.6,872.3,872.0,,,,,,,95.0,73.0,89.0,86.0,-1,-1,-1,,,,0.0,,,,,,,3,,10,14,11,15,10,12,10,0,3,0,1.5,1306.0
187,2026-09-30,,,,,,,,0,0,1266.0,13.6,9.9,12.2,11.9,0.0,12.0,28.0,,,,6.5,0,,,952.7,952.0,952.4,952.4,,,,,,,94.0,40.0,80.0,71.0,-1,-1,-1,,,,,,,,,,,5,,13,21,13,21,12,17,10,0,3,2,2.4,1257.0
188,2026-09-30,,,,,,,,0,0,1522.0,12.0,11.5,12.1,11.9,0.0,20.0,4.0,,,,4.2,0,,,972.7,971.4,971.8,972.0,,,,,,,91.0,42.0,81.0,71.0,-1,-1,-1,,,,,,,,,,,8,,11,23,13,23,8,15,5,0,1,1,0.7,1351.0
189,2026-09-30,,,,,,,,0,0,1490.0,9.2,9.9,9.8,9.6,32.0,8.0,8.0,,,,8.7,0,,,988.2,987.4,987.8,987.8,,,,,,,63.0,29.0,47.0,46.0,,,,,,,,,,,,,,11,,13,26,18,27,11,19,4,1,3,3,3.4,1444.0
192,2026-09-30,,,,,,,,0,0,1775.0,10.3,12.6,10.4,11.1,12.0,8.0,12.0,,,,11.0,0,,,977.8,977.0,976.5,977.1,,,,,,,82.0,42.0,42.0,55.0,-1,-1,-1,,,,,,,,,,,11,,10,24,21,25,8,17,5,1,3,3,3.4,7.0
193,2026-09-30,,,,,,,,0,0,1700.0,8.2,9.0,8.1,8.4,12.0,8.0,12.0,,,,11.6,0,,,914.5,915.3,915.1,915.0,,,,,,,62.0,38.0,50.0,50.0,-1,-1,-1,,,,,,,,,,,11,,11,20,14,21,9,15,7,3,3,4,5.3,23.0
195,2026-09-30,,,,,,,,0,0,1557.0,9.5,14.5,12.6,12.2,24.0,8.0,24.0,,,,4.5,0,,,,,,,,,,,,,96.0,55.0,80.0,77.0,-1,-1,-1,,,,,,,,,,,11,,7,22,14,23,5,14,,1,2,1,1.6,1343.0
196,2026-09-30,,,,,,,,0,0,1710.0,8.5,9.5,8.2,8.7,16.0,16.0,16.0,,,,16.4,0,,,784.2,784.1,784.1,784.1,,,,,,,84.0,71.0,83.0,79.0,-1,-1,-1,,,,,,,,,,,11,,7,11,7,13,7,10,,3,3,4,5.3,2049.0
197,2026-09-30,,,,,,,,0,0,1610.0,9.2,,,,12.0,12.0,12.0,,,,13.2,0,,,1004.5,1003.7,1003.5,1003.9,,,,,,,57.0,,,,-1,-1,-1,,,,,,,,,,,11,,14,,,,,,10,3,4,3,5.3,1238.0
198,2026-09-30,,,,,,,,0,0,1072.0,14.1,12.0,13.3,13.1,8.0,12.0,0.0,,,,3.2,0,,,974.1,973.2,973.1,973.5,,,,,,,94.0,50.0,88.0,77.0,-1,-1,-1,,,,,,,,,,,3,,13,21,13,22,11,16,10,1,1,0,0.7,1426.0
199,2026-09-30,,,,,,,,0,0,1495.0,9.1,8.4,9.6,9.0,8.0,12.0,12.0,,,,12.4,0,,,989.0,987.8,987.9,988.2,,,,,,,61.0,27.0,42.0,43.0,-1,-1,-1,,,,,,,,,,,11,,13,25,20,25,9,17,,2,4,3,4.7,1538.0
200,2026-09-30,,,,,,,,0,0,1523.0,9.0,9.3,11.3,9.9,0.0,16.0,8.0,,,,8.4,0,,,983.1,982.1,982.0,982.4,,,,,,,87.0,33.0,68.0,63.0,-1,-1,-1,,,,,,,,,,,10,,8,23,15,23,5,14,,0,2,1,1.2,1317.0
202,2026-09-30,,,,,,,,0,0,1601.0,8.3,9.7,10.1,9.4,32.0,20.0,20.0,,,,9.3,0,,,979.7,979.2,978.9,979.3,,,,,,,68.0,35.0,46.0,50.0,-1,-1,-1,,,,,,,,,,,11,,10,23,19,24,8,16,7,2,3,2,3.3,1423.0
203,2026-09-30,,,,,,,,0,0,843.0,13.3,12.2,12.8,12.8,28.0,16.0,28.0,,,,4.3,0,,,,,,,,,,,,,92.0,56.0,78.0,75.0,-1,-1,-1,,,,,,,,,,,0,,13,19,14,19,12,16,8,1,2,1,1.6,1128.0
204,2026-09-30,,,,0.0,,,,0,0,1525.0,10.6,13.6,13.1,12.4,20.0,8.0,12.0,1,,,8.7,0,0,,977.1,976.4,975.8,976.4,0,0,,,,,91.0,45.0,65.0,67.0,-1,-1,-1,,0,,,-1.0,0,-1.0,15000.0,,,11,0,9,24,18,25,9,17,4,2,2,1,2.1,1615.0
205,2026-09-30,,,,0.0,0.0,0.0,0.0,0,0,1692.0,9.1,11.0,9.2,9.8,28.0,12.0,16.0,0,0,0,10.2,0,0,0,844.9,845.6,845.2,845.2,0,0,,,,,56.0,61.0,63.0,60.0,-1,-1,-1,,0,0,,-1.0,0,-1.0,100000.0,50000.0,70000.0,11,0,14,16,13,17,12,15,3,2,1,4,3.5,2255.0
206,2026-09-30,,,,,,,,0,0,811.0,7.8,8.7,9.2,8.6,16.0,20.0,20.0,,,,9.2,0,,,902.5,902.9,902.5,902.6,,,,,,,53.0,51.0,75.0,60.0,-1,-1,-1,,,,,,,,,,,1,,13,15,10,15,10,13,9,3,2,2,3.3,814.0
210,2026-09-30,,,,,,,,0,0,1104.0,7.6,9.4,9.3,8.8,0.0,32.0,0.0,,,,7.7,0,,,863.1,860.9,862.4,862.1,,,,,,,95.0,38.0,87.0,73.0,-1,-1,-1,,,,,,,,,,,5,,4,21,8,21,3,12,,0,2,0,0.9,1338.0
213,2026-09-30,,0.0,1.0,0.0,1.0,6.0,23.0,0,0,1931.0,4.7,5.5,6.7,5.6,32.0,4.0,32.0,5,0,0,8.2,0,0,0,706.4,706.7,706.4,706.5,0,0,,,,,57.0,67.0,90.0,71.0,,-1,-1,,0,0,0.0,-1.0,1,-1.0,80000.0,80000.0,1200.0,11,0,4,4,3,6,3,4,,4,1,2,3.5,805.0
214,2026-09-30,,,,,,,,0,0,1414.0,10.9,13.3,14.7,13.0,20.0,4.0,16.0,,,,3.8,0,,,,,,,,,,,,,96.0,45.0,82.0,74.0,-1,-1,-1,,,,,,,,,,,9,,9,24,16,25,9,17,4,1,1,1,1.1,1416.0
215,2026-09-30,,,,,,,,0,0,1694.0,9.0,,,,28.0,12.0,12.0,,,,15.2,0,,,993.0,991.6,991.6,992.1,,,,,,,74.0,,,,-1,-1,-1,,,,,,,,,,,11,,10,,,26,9,17,,2,5,4,6.2,1607.0
217,2026-09-30,,,,,,,,0,0,1559.0,9.8,8.6,10.7,9.7,0.0,20.0,4.0,,,,10.9,0,,,967.5,965.7,966.4,966.5,,,,,,,99.0,32.0,69.0,67.0,-1,-1,-1,,,,,,,,,,,10,,7,22,14,23,6,14,2,0,3,1,1.9,1505.0
218,2026-09-30,,,,,,,,0,0,1576.0,9.4,9.6,11.0,10.0,4.0,16.0,12.0,,,,12.8,0,,,1013.5,1012.4,1012.0,1012.6,,,,,,,76.0,29.0,55.0,53.0,-1,-1,-1,,,,,,,,,,,11,,10,26,18,26,8,17,2,2,4,2,4.0,1328.0
220,2026-09-30,,,,,,,,0,0,1486.0,9.8,8.0,10.2,9.3,12.0,32.0,12.0,,,,8.3,0,,,911.9,909.8,911.0,910.9,,,,,,,72.0,27.0,61.0,53.0,-1,-1,-1,,,,,,,,,,,8,,12,24,15,25,10,17,,2,3,2,3.3,1328.0
221,2026-09-30,,,,,,,,1,0,1650.0,9.6,9.3,10.7,9.9,8.0,12.0,12.0,,,,17.3,0,,,1001.0,999.9,1000.1,1000.3,,,,,,,67.0,30.0,46.0,48.0,-1,-1,-1,,,,,,,,,,,11,,12,25,20,25,11,18,9,3,5,3,6.1,1332.0
222,2026-09-30,,,,,,,,0,0,1568.0,9.3,,,,12.0,12.0,12.0,,,,14.5,0,,,1004.3,1003.4,1003.2,1003.6,,,,,,,59.0,,,,,-1,,,,,,,,,,,,11,,14,,,,,,5,2,3,2,3.3,1234.0
500,2026-09-30,,,,,,,,0,0,1418.0,8.3,9.4,9.2,9.0,12.0,12.0,12.0,,,,9.4,0,,,959.6,959.3,959.1,959.3,,,,,,,64.0,35.0,47.0,49.0,-1,-1,-1,,,,,,,,,,,10,,11,22,17,23,10,17,8,1,2,1,1.6,1311.0
726,2026-09-30,,,,,,,,0,0,1778.0,8.8,9.1,9.3,9.1,8.0,12.0,12.0,,,,11.6,0,,,971.9,971.2,971.0,971.4,,,,,,,64.0,33.0,43.0,47.0,-1,-1,-1,,,,,,,,,,,11,,12,23,19,23,10,17,6,1,3,3,3.4,1608.0
901,2026-09-30,,,,,,,,,,,,,,,,,,,,,,0,,,,,,,,,,,,,,,,,,,,,,,,,,,,,,,,,,,,,,,,,,,
905,2026-09-30,,,,,,,,0,0,1618.0,8.9,9.1,9.7,9.2,4.0,12.0,12.0,,,,13.5,0,,,988.0,987.3,987.1,987.5,,,,,,,63.0,31.0,43.0,46.0,-1,-1,-1,,,,,,,,,,,11,,12,24,19,24,11,18,8,3,4,2,4.7,1210.0
1401,2026-09-30,,,,,,,,0,0,1602.0,8.5,11.5,10.6,10.2,8.0,12.0,8.0,,,,9.8,0,,,940.5,940.7,940.3,940.5,,,,,,,72.0,45.0,50.0,56.0,-1,-1,-1,,,,,,,,,,,11,,10,22,18,22,8,15,5,1,2,2,2.1,2240.0
1416,2026-09-30,,,,0.0,0.0,0.0,,0,0,1577.0,8.9,12.0,10.3,10.4,4.0,16.0,8.0,0,0,0,8.4,0,,0,951.6,951.5,951.2,951.4,,,,,,,65.0,42.0,46.0,51.0,-1,-1,-1,,,,,,0,-1.0,20000.0,20000.0,30000.0,11,,12,23,19,23,10,17,6,2,2,2,2.7,107.0
1602,2026-09-30,,,,,,,,0,0,1630.0,7.8,11.0,10.6,9.8,12.0,16.0,16.0,,,,6.3,0,,,960.3,959.8,959.8,960.0,,,,,,,92.0,35.0,62.0,63.0,-1,-1,-1,,,,,,,,,,,10,,5,25,15,25,4,14,,1,1,1,1.1,1125.0
1730,2026-09-30,,,,,,,,0,0,,6.7,10.1,9.3,8.7,0.0,12.0,12.0,,,,9.4,,,,,,,,,,,,,,93.0,40.0,84.0,72.0,-1,-1,-1,,,,,,,,,,,,,2,21,9,22,0,11,-3,0,3,2,2.4,1.0
1802,2026-09-30,,,,,,,,0,0,1627.0,7.4,9.2,9.0,8.5,20.0,8.0,12.0,,,,10.2,0,,,957.7,957.1,957.1,957.3,,,,,,,81.0,34.0,49.0,55.0,-1,-1,-1,,,,,,,,,,,11,,6,22,16,23,5,14,2,1,3,2,2.8,1337.0
1906,2026-09-30,,,,0.0,0.0,0.0,0.0,0,0,1574.0,8.5,9.5,9.2,9.1,8.0,12.0,12.0,0,0,0,11.2,0,0,0,954.0,954.0,953.7,953.9,0,0,,,,,71.0,35.0,46.0,51.0,-1,-1,-1,0,0,0,,-1.0,0,-1.0,50000.0,60000.0,20000.0,11,0,10,22,18,22,9,16,5,3,3,3,4.6,1424.0
1920,2026-09-30,,,,,,,,0,0,1675.0,6.5,9.1,10.7,8.8,32.0,12.0,0.0,,,,8.5,0,,,965.5,964.8,964.7,965.0,,,,,,,96.0,33.0,79.0,69.0,-1,-1,-1,,,,,,,,,,,10,,2,23,12,23,1,12,1,1,2,0,1.2,1504.0
2116,2026-09-30,,,,,,,,0,0,1694.0,9.0,,,,28.0,12.0,12.0,,,,15.2,0,,,993.0,991.6,991.6,992.1,,,,,,,74.0,,,,-1,-1,-1,,,,,,,,,,,11,,10,,,26,9,17,,2,5,4,6.2,1607.0
2117,2026-09-30,,,,,,,,0,0,1495.0,9.1,8.4,9.6,9.0,8.0,12.0,12.0,,,,12.4,0,,,989.0,987.8,987.9,988.2,,,,,,,61.0,27.0,42.0,43.0,-1,-1,-1,,,,,,,,,,,11,,13,25,20,25,9,17,,2,4,3,4.7,1538.0
2207,2026-09-30,,,,,,,,0,0,1620.0,9.1,9.5,10.1,9.6,12.0,12.0,12.0,,,,14.5,0,,,995.8,995.2,994.9,995.3,,,,,,,55.0,31.0,43.0,43.0,-1,-1,-1,,,,,,,,,,,11,,15,24,20,25,11,18,6,3,4,3,5.3,1523.0
2401,2026-09-30,,,,,,,,0,0,1636.0,9.4,9.1,9.8,9.4,12.0,12.0,12.0,,,,15.4,0,,,1004.6,1003.5,1003.3,1003.8,,,,,,,59.0,30.0,41.0,43.0,-1,-1,-1,,,,,,,,,,,11,,14,24,20,25,12,19,7,2,4,3,4.7,1346.0
2415,2026-09-30,,,,,,,,0,1,1534.0,8.9,9.1,9.6,9.2,12.0,12.0,12.0,,,,23.0,0,,,972.2,972.1,971.8,972.0,,,,,,,62.0,35.0,45.0,47.0,-1,-1,-1,,,,,,,,,,,11,,12,22,19,22,11,16,9,4,7,6,11.4,1446.0
2430,2026-09-30,,,,,,,,0,0,,9.2,9.3,9.8,9.4,12.0,16.0,12.0,,,,13.4,0,,,1004.4,1003.6,1003.2,1003.7,,,,,,,57.0,30.0,46.0,44.0,-1,-1,-1,,,,,,,,,,,11,,14,25,19,25,11,18,7,2,3,1,2.8,1259.0
2503,2026-09-30,,,,,,,,0,0,1661.0,9.4,9.9,9.9,9.7,8.0,12.0,8.0,,,,15.2,0,,,1002.5,1001.5,1001.2,1001.7,,,,,,,67.0,32.0,51.0,50.0,-1,-1,-1,,,,,,,,,,,11,,12,25,17,25,7,16,5,1,4,2,3.5,1148.0
2602,2026-09-30,,,,,,,,0,0,1521.0,10.2,,,,16.0,12.0,12.0,,,,13.0,0,,,1009.1,1008.0,1007.8,1008.3,,,,,,,88.0,,,,-1,-1,-1,,,,,,,,,,,11,,9,,,25,6,16,1,1,4,2,3.5,1233.0
2902,2026-09-30,,,,,,,,0,0,1552.0,9.8,14.2,13.9,12.6,32.0,8.0,0.0,,,,7.6,0,,,981.2,980.3,979.8,980.4,,,,,,,91.0,52.0,78.0,74.0,-1,-1,-1,,,,0.0,,,,,,,11,,8,23,16,23,6,15,4,1,3,0,1.9,1459.0
2910,2026-09-30,,,,,,,,0,0,1476.0,10.1,12.9,14.4,12.5,32.0,12.0,32.0,,,,6.8,0,,,986.2,984.9,984.4,985.2,,,,,,,95.0,40.0,78.0,71.0,-1,-1,-1,,,,,,,,,,,10,,8,25,16,26,7,17,5,1,2,2,2.1,1423.0
3111,2026-09-30,,,,,,,,,,,,,,,,,,,,,,,,,,,,,,,,,,,,,,,,,,,,,,,,,,,,,,,,,,,,,,,,,
3202,2026-09-30,,,,,,,,0,0,1438.0,10.0,11.1,11.6,10.9,20.0,12.0,32.0,,,,6.9,0,,,992.0,991.1,990.7,991.3,,,,,,,75.0,35.0,53.0,54.0,-1,-1,-1,,,,,,,,,,,11,,11,25,19,26,11,19,8,1,2,1,1.6,1414.0
3315,2026-09-30,,,,,,,,0,0,1575.0,8.3,10.5,9.4,9.4,24.0,12.0,12.0,,,,7.3,0,,,943.1,943.3,943.0,943.1,,,,,,,84.0,39.0,46.0,56.0,-1,-1,-1,,,,,,,,,,,10,,7,22,18,23,6,14,4,1,3,1,2.2,1053.0
3425,2026-09-30,,,,,,,,0,0,1721.0,8.7,10.2,9.3,9.4,8.0,12.0,8.0,,,,6.8,0,,,958.5,958.6,958.4,958.5,,,,,,,64.0,35.0,44.0,48.0,-1,-1,-1,,,,,,,,,,,11,,12,24,18,24,10,17,8,2,2,2,2.7,1145.0
3520,2026-09-30,,,,,,,,0,0,1603.0,8.5,8.8,8.4,8.6,12.0,12.0,12.0,,,,8.1,0,,,912.9,913.6,913.4,913.3,,,,,,,62.0,38.0,48.0,49.0,-1,-1,-1,,,,,,,,,,,11,,12,20,16,20,9,14,6,3,2,3,3.9,1521.0
3702,2026-09-30,,,,,,,,0,0,1700.0,8.2,9.0,8.1,8.4,12.0,8.0,12.0,,,,11.6,0,,,914.5,915.3,915.1,915.0,,,,,,,62.0,38.0,50.0,50.0,-1,-1,-1,,,,,,,,,,,11,,11,20,14,21,9,15,7,3,3,4,5.3,23.0
3805,2026-09-30,,,,,,,,0,0,1597.0,9.4,9.6,9.7,9.6,28.0,8.0,8.0,,,,10.3,0,,,1000.7,999.0,999.3,999.7,,,,,,,67.0,28.0,44.0,46.0,-1,-1,-1,,,,,,,,,,,11,,12,26,19,27,7,17,3,1,2,2,2.1,1554.0
3811,2026-09-30,,,,,,,,0,0,1582.0,9.0,8.5,9.4,9.0,24.0,8.0,8.0,,,,11.7,0,,,1000.5,999.2,999.5,999.7,,,,,,,67.0,26.0,40.0,44.0,-1,-1,-1,,,,,,,,,,,10,,11,26,20,26,9,17,5,1,3,2,2.8,1524.0
4026,2026-09-30,,,,,,,,1,0,1650.0,9.6,9.3,10.7,9.9,8.0,12.0,12.0,,,,17.3,0,,,1001.0,999.9,1000.1,1000.3,,,,,,,67.0,30.0,46.0,48.0,-1,-1,-1,,,,,,,,,,,11,,12,25,20,25,11,18,9,3,5,3,6.1,1332.0
4081,2026-09-30,,,,0.0,0.0,0.0,0.0,0,0,1610.0,8.9,9.1,9.8,9.3,4.0,12.0,12.0,0,0,0,15.9,0,0,0,1004.4,1003.4,1003.6,1003.8,0,0,,,,,50.0,28.0,44.0,41.0,-1,-1,-1,,0,0,,-1.0,0,-1.0,60000.0,60000.0,60000.0,11,0,16,25,19,26,13,19,9,3,5,3,6.1,1429.0
4115,2026-09-30,,,,,,,,0,0,1506.0,9.5,9.8,10.5,9.9,12.0,12.0,12.0,,,,12.4,0,,,1004.2,1003.1,1003.1,1003.5,,,,,,,66.0,30.0,45.0,47.0,-1,-1,-1,,,,,,,,,,,11,,13,26,20,26,10,18,6,1,3,2,2.8,1526.0
4126,2026-09-30,,,,,,,,0,0,1568.0,9.3,,,,12.0,12.0,12.0,,,,14.5,0,,,1004.3,1003.4,1003.2,1003.6,,,,,,,59.0,,,,,-1,,,,,,,,,,,,11,,14,,,,,,5,2,3,2,3.3,1234.0
4224,2026-09-30,,,,,,,,0,0,1548.0,9.4,9.0,10.1,9.5,12.0,12.0,12.0,,,,11.5,0,,,1007.3,1006.3,1006.2,1006.6,,,,,,,58.0,28.0,46.0,44.0,-1,-1,-1,,,,,,,,,,,11,,14,25,19,26,12,19,7,2,3,1,2.8,1312.0
4305,2026-09-30,,,,,,,,0,0,1612.0,10.0,9.0,10.5,9.8,12.0,12.0,12.0,,,,15.5,0,,,1009.9,1008.8,1008.7,1009.1,,,,,,,60.0,28.0,48.0,45.0,-1,-1,-1,,,,,,,,,,,11,,15,25,19,26,11,19,,3,5,2,5.5,1353.0
4501,2026-09-30,,,,,,,,0,0,1574.0,10.4,13.9,14.1,12.8,12.0,4.0,4.0,,,,7.0,0,,,976.4,975.5,974.9,975.6,,,,,,,81.0,45.0,75.0,67.0,-1,-1,-1,,,,,,,,,,,11,,11,25,17,26,10,18,8,2,3,2,3.3,1528.0
4515,2026-09-30,,,,,,,,0,0,1637.0,10.3,14.5,14.2,13.0,8.0,12.0,4.0,,,,5.4,0,,,973.2,972.1,972.0,972.4,,,,,,,93.0,46.0,77.0,72.0,-1,-1,-1,,,,,,,,,,,11,,9,25,16,25,7,16,,1,1,1,1.1,1557.0
4601,2026-09-30,,,,,,,,0,0,1664.0,9.7,13.7,13.5,12.3,20.0,4.0,16.0,,,,6.6,0,,,,,,,,,,,,,95.0,47.0,88.0,77.0,-1,-1,-1,,,,,,,,,,,11,,7,24,13,24,6,15,4,1,2,1,1.6,1504.0
4611,2026-09-30,,,,,,,,0,0,1578.0,10.0,14.8,13.9,12.9,12.0,32.0,8.0,,,,6.2,0,,,968.7,967.7,967.5,968.0,,,,,,,84.0,47.0,68.0,66.0,-1,-1,-1,,,,0.0,,,,,,,11,,10,25,18,26,9,17,5,1,1,1,1.1,1554.0
4705,2026-09-30,,,,,,,,0,0,1505.0,9.9,13.0,14.2,12.4,20.0,8.0,20.0,,,,5.5,0,,,972.3,971.6,971.0,971.6,,,,,,,85.0,46.0,78.0,70.0,-1,-1,-1,,,,,,,,,,,10,,9,23,16,24,7,16,7,1,1,1,1.1,1446.0
4802,2026-09-30,,,,,,,,0,0,,9.3,12.3,10.9,10.8,12.0,12.0,12.0,,,,6.6,0,,,,,,,,,,,,,67.0,43.0,48.0,53.0,-1,-1,-1,,,,,,,,,,,11,,12,23,20,24,10,17,2,1,2,2,2.1,1250.0
4815,2026-09-30,0.0,0.0,2.0,2.0,1.0,2.0,17.0,0,0,1668.0,8.8,12.1,11.2,10.7,8.0,8.0,8.0,1,0,1,7.7,0,0,0,951.0,950.9,950.2,950.7,0,0,,,,,61.0,49.0,49.0,53.0,,-1,-1,,0,0,,-1.0,0,-1.0,30000.0,30000.0,15000.0,11,0,12,21,20,22,11,17,9,2,3,3,3.9,12.0
4821,2026-09-30,,,,,,,,0,0,1532.0,8.9,13.0,14.3,12.1,24.0,8.0,28.0,,,,6.3,0,,,972.4,971.4,970.9,971.6,,,,,,,97.0,47.0,86.0,77.0,-1,-1,-1,,,,,,,,,,,11,,6,23,15,24,5,14,3,1,2,1,1.6,1503.0
4905,2026-09-30,,,,,,,,0,0,1487.0,9.7,12.9,13.0,11.9,24.0,4.0,12.0,,,,5.7,0,,,986.6,985.4,984.8,985.6,,,,,,,89.0,44.0,71.0,68.0,-1,-1,-1,,,,,,,,,,,11,,8,24,16,25,6,16,2,1,2,1,1.6,1517.0
5000,2026-09-30,,,,,,,,0,0,,9.4,12.6,11.6,11.2,20.0,8.0,8.0,,,,7.7,0,,,986.2,985.2,984.7,985.4,,,,,,,84.0,40.0,53.0,59.0,-1,-1,-1,,,,,,,,,,,11,,9,25,19,26,6,16,2,1,3,3,3.4,
5012,2026-09-30,,,,0.0,,,,0,0,1525.0,10.6,13.6,13.1,12.4,20.0,8.0,12.0,1,,,8.7,0,0,,977.1,976.4,975.8,976.4,0,0,,,,,91.0,45.0,65.0,67.0,-1,-1,-1,,0,,,-1.0,0,-1.0,15000.0,,,11,0,9,24,18,25,9,17,4,2,2,1,2.1,1615.0
5116,2026-09-30,,,,,,,,0,0,1775.0,10.3,12.6,10.4,11.1,12.0,8.0,12.0,,,,11.0,0,,,977.8,977.0,976.5,977.1,,,,,,,82.0,42.0,42.0,55.0,-1,-1,-1,,,,,,,,,,,11,,10,24,21,25,8,17,5,1,3,3,3.4,7.0
5130,2026-09-30,,,,,,,,0,0,1640.0,9.4,12.0,11.7,11.0,28.0,8.0,8.0,,,,9.6,0,,,985.6,984.8,984.4,984.9,,,,,,,63.0,37.0,53.0,51.0,-1,-1,-1,,,,,,,,,,,11,,13,26,19,26,12,19,4,1,4,3,4.1,1402.0
5316,2026-09-30,,,,,,,,0,0,1551.0,9.8,11.1,10.9,10.6,8.0,8.0,8.0,,,,8.6,0,,,992.1,991.1,991.3,991.5,,,,,,,66.0,33.0,46.0,48.0,-1,-1,-1,,,,,,,,,,,11,,13,26,20,27,10,18,6,2,3,2,3.3,1349.0
5412,2026-09-30,,,,0.0,0.0,0.0,0.0,0,0,1514.0,9.3,9.6,10.1,9.7,16.0,12.0,12.0,1,0,0,9.1,0,0,0,989.0,988.0,988.2,988.4,0,0,,,,,89.0,29.0,43.0,54.0,-1,-1,-1,0,0,0,,-1.0,0,-1.0,40000.0,50000.0,50000.0,11,1,8,26,20,26,6,16,2,1,2,2,2.1,1747.0
5413,2026-09-30,,,,,,,,0,0,1490.0,9.2,9.9,9.8,9.6,32.0,8.0,8.0,,,,8.7,0,,,988.2,987.4,987.8,987.8,,,,,,,63.0,29.0,47.0,46.0,,,,,,,,,,,,,,11,,13,26,18,27,11,19,4,1,3,3,3.4,1444.0
5421,2026-09-30,,,,,,,,0,0,1537.0,9.3,10.6,10.8,10.2,20.0,4.0,8.0,,,,6.7,0,,,993.1,991.9,992.3,992.4,,,,,,,87.0,30.0,57.0,58.0,-1,-1,-1,,,,,,,,,,,10,,8,27,17,27,7,17,5,1,1,1,1.1,1429.0
5609,2026-09-30,,,,,,,,0,0,1655.0,9.0,10.3,9.4,9.6,32.0,12.0,8.0,,,,8.5,0,,,992.3,991.2,991.9,991.8,,,,,,,64.0,31.0,43.0,46.0,-1,-1,-1,,,,,,,,,,,11,,12,26,19,26,11,19,9,2,2,2,2.7,1619.0
5625,2026-09-30,,,,,,,,0,0,1588.0,8.6,9.4,8.7,8.9,20.0,16.0,16.0,,,,8.9,0,,,943.5,944.0,944.1,943.9,,,,,,,53.0,35.0,43.0,44.0,-1,-1,-1,,,,,,,,,,,11,,14,22,18,23,13,18,,2,3,2,3.3,2252.0
5701,2026-09-30,,,,,,,,,,,,,,,,,,,,,,,,,,,,,,,,,,,,,,,,,,,,,,,,,,,,,,,,,,,,,,,,,
5735,2026-09-30,,,,,,,,1,0,1539.0,8.3,8.8,9.2,8.8,12.0,12.0,12.0,,,,20.1,0,,,969.5,969.7,970.1,969.8,,,,,,,47.0,31.0,40.0,39.0,-1,-1,-1,,,,,,,,,,,11,,16,23,20,24,14,19,11,6,6,5,11.2,137.0
5802,2026-09-30,,,,,,,,1,0,1591.0,8.5,8.7,9.9,9.0,12.0,12.0,12.0,,,,18.5,0,,,972.9,972.5,972.6,972.7,,,,,,,63.0,32.0,47.0,47.0,-1,-1,-1,,,,,,,,,,,11,,12,23,18,23,11,17,,4,4,3,6.0,1243.0
5805,2026-09-30,,,,,,,,0,0,1575.0,9.0,9.0,9.5,9.2,8.0,12.0,8.0,,,,12.8,0,,,999.0,997.9,998.2,998.4,,,,,,,62.0,28.0,41.0,44.0,-1,-1,-1,,,,,,,,,,,11,,13,25,20,26,9,18,,2,3,2,3.3,1241.0
5820,2026-09-30,,,,,,,,0,0,1621.0,9.0,8.5,9.6,9.0,12.0,16.0,16.0,,,,12.6,0,,,991.8,990.9,991.2,991.3,,,,,,,57.0,29.0,45.0,44.0,-1,-1,-1,,,,,,,,,,,11,,14,24,19,25,10,17,7,2,3,2,3.3,1211.0
5882,2026-09-30,,,,,,,,0,0,1569.0,8.9,8.3,10.0,9.1,20.0,12.0,16.0,,,,15.2,0,,,1001.1,1000.2,1000.3,1000.5,,,,,,,56.0,26.0,50.0,44.0,-1,-1,-1,,,,,,,,,,,11,,14,25,18,26,10,18,3,2,4,1,3.5,1249.0
5904,2026-09-30,,,,,,,,0,0,1645.0,9.3,9.3,10.3,9.6,16.0,12.0,12.0,,,,16.4,0,,,1001.4,1000.3,1000.5,1000.7,,,,,,,61.0,29.0,43.0,44.0,,-1,,,,,,,,,,,,11,,13,25,21,26,12,19,7,2,4,3,4.7,1121.0
5917,2026-09-30,,,,,,,,0,0,1640.0,9.1,9.2,10.5,9.6,12.0,12.0,12.0,,,,15.3,0,,,1002.5,1001.6,1001.8,1002.0,,,,,,,57.0,29.0,46.0,44.0,-1,-1,-1,,,,,,,,,,,11,,14,25,20,26,13,19,11,3,5,3,6.1,1209.0
5925,2026-09-30,,,,,,,,0,0,1702.0,8.7,8.2,10.1,9.0,12.0,16.0,12.0,,,,16.3,0,,,1005.2,1004.1,1004.3,1004.5,,,,,,,52.0,25.0,39.0,39.0,-1,-1,-1,,,,,,,,,,,11,,15,26,22,26,14,20,,2,4,3,4.7,1230.0
5935,2026-09-30,,,,,,,,0,0,1472.0,9.1,9.3,10.1,9.5,8.0,12.0,12.0,,,,11.7,0,,,1006.9,1005.8,1005.8,1006.2,,,,,,,59.0,29.0,40.0,43.0,,-1,,,,,,,,,,,,11,,13,25,21,26,12,19,8,2,3,2,3.3,1245.0
5972,2026-09-30,,,,,,,,0,0,1535.0,9.4,9.2,10.4,9.7,12.0,12.0,12.0,,,,13.3,0,,,1008.6,1007.6,1007.5,1007.9,,,,,,,63.0,29.0,44.0,45.0,-1,-1,-1,,,,,,,,,,,11,,13,25,20,25,11,18,7,3,4,2,4.7,1320.0
5990,2026-09-30,,,,,,,,0,0,,9.1,9.2,10.1,9.5,12.0,16.0,12.0,,,,15.4,0,,,1005.0,1004.0,1003.9,1004.3,,,,,,,63.0,29.0,43.0,45.0,-1,-1,-1,,,,,,,,,,,11,,13,25,20,25,10,18,7,3,5,3,6.1,
6102,2026-09-30,,,,0.0,0.0,0.0,0.0,0,0,1590.0,9.6,10.0,10.4,10.0,8.0,16.0,12.0,0,0,0,11.6,0,0,0,1007.6,1006.5,1006.2,1006.8,0,0,,,,,75.0,31.0,45.0,50.0,-1,-1,-1,,,,,-1.0,0,-1.0,10000.0,30000.0,30000.0,11,0,11,25,20,26,9,17,6,2,4,2,4.0,1333.0
6111,2026-09-30,,,,,,,,0,0,,8.5,8.9,9.8,9.1,12.0,16.0,12.0,,,,10.1,0,,,,,,,,,,,,,51.0,27.0,42.0,40.0,-1,-1,-1,,,,,,,,,,,10,,15,26,20,26,13,20,10,1,2,1,1.6,1328.0
6300,2026-09-30,,,,,,,,0,0,,10.9,14.8,15.3,13.7,0.0,4.0,24.0,,,,8.2,0,,,970.5,969.1,969.2,969.6,,,,,,,96.0,45.0,79.0,73.0,-1,-1,-1,,,,,,,,,,,11,,9,26,17,26,7,17,6,0,2,1,1.2,
6305,2026-09-30,,,,0.0,0.0,,,0,0,1467.0,11.5,13.6,15.7,13.6,0.0,32.0,16.0,1,0,,6.5,0,0,0,973.4,971.8,972.0,972.4,0,0,,,,,98.0,40.0,81.0,73.0,-1,-1,-1,,0,,,-1.0,0,-1.0,1900.0,15000.0,,8,0,9,26,17,27,9,18,5,0,1,1,0.7,946.0
6415,2026-09-30,,,,,,,,0,0,1529.0,12.0,16.4,15.5,14.6,28.0,4.0,4.0,,,,7.1,0,,,963.5,962.7,962.5,962.9,,,,,,,95.0,60.0,81.0,79.0,-1,-1,-1,,,,,,,,,,,10,,11,23,17,23,10,16,,1,3,1,2.2,1526.0
6430,2026-09-30,,,,,,,,0,0,,9.8,12.6,11.2,11.2,12.0,4.0,12.0,,,,8.4,0,,,896.9,897.1,896.8,896.9,,,,,,,55.0,56.0,59.0,57.0,,,,,,,,,,,,,,10,,16,19,17,20,14,17,,2,1,3,2.8,2205.0
6512,2026-09-30,,,,,,,,0,0,1457.0,10.9,15.9,14.2,13.7,32.0,8.0,32.0,,,,9.1,0,,,966.4,965.4,965.4,965.7,,,,,,,91.0,59.0,79.0,76.0,-1,-1,-1,,,,,,,,,,,11,,10,22,16,23,9,16,,1,1,1,1.1,2235.0
6540,2026-09-30,,,,,,,,0,0,,12.3,14.9,14.0,13.7,4.0,12.0,24.0,,,,8.7,0,,,,,,,,,,,,,85.0,59.0,75.0,73.0,-1,-1,-1,,,,,,,,,,,10,,13,21,16,22,11,17,,1,2,1,1.6,2230.0
6611,2026-09-30,,,,0.0,0.0,0.0,0.0,0,0,1692.0,9.1,11.0,9.2,9.8,28.0,12.0,16.0,0,0,0,10.2,0,0,0,844.9,845.6,845.2,845.2,0,0,,,,,56.0,61.0,63.0,60.0,-1,-1,-1,,0,0,,-1.0,0,-1.0,100000.0,50000.0,70000.0,11,0,14,16,13,17,12,15,3,2,1,4,3.5,2255.0
6621,2026-09-30,,,,,,,,0,0,1551.0,11.8,14.5,14.9,13.7,20.0,32.0,24.0,,,,6.4,0,,,970.9,970.1,969.8,970.3,,,,,,,96.0,52.0,82.0,77.0,-1,-1,-1,,,,0.0,,,,,,,10,,10,23,16,24,9,16,8,1,2,1,1.6,2350.0
6804,2026-09-30,,,,,,,,0,0,,9.4,15.4,10.2,11.7,12.0,24.0,12.0,,,,12.9,0,,,970.9,970.3,969.9,970.4,,,,,,,95.0,54.0,40.0,63.0,-1,-1,-1,,,,,,,,,,,9,,7,23,22,23,6,15,2,1,1,4,3.0,2101.0
7002,2026-09-30,,,,,,,,0,0,1590.0,10.4,11.5,11.2,11.0,32.0,20.0,16.0,,,,13.6,0,,,,,,,,,,,,,65.0,34.0,56.0,52.0,-1,-1,-1,,,,,,,,,,,10,,14,26,18,26,10,18,8,1,2,2,2.1,1036.0
7013,2026-09-30,,,,,,,,0,0,1500.0,10.5,11.9,11.3,11.2,0.0,8.0,8.0,,,,5.5,0,,,978.8,978.0,978.5,978.4,,,,,,,95.0,36.0,60.0,64.0,-1,-1,-1,,,,,,,,,,,9,,8,26,17,26,7,17,,0,1,1,0.7,1913.0
7110,2026-09-30,,,,0.0,0.0,0.0,0.0,0,0,1620.0,8.5,10.0,10.9,9.8,8.0,12.0,8.0,1,0,0,5.1,0,0,0,952.9,952.4,953.1,952.8,0,0,,,,,98.0,34.0,91.0,74.0,-1,-1,-1,,,,,-1.0,0,-1.0,20000.0,20000.0,10000.0,9,1,5,24,10,24,4,14,3,1,1,1,1.1,1347.0
7221,2026-09-30,,,,,,,,1,0,1624.0,8.4,9.2,9.1,8.9,16.0,16.0,16.0,,,,18.5,0,,,925.6,925.8,925.9,925.8,,,,,,,53.0,41.0,50.0,48.0,-1,-1,-1,,,,,,,,,,,10,,14,19,16,20,14,17,12,5,4,4,7.6,444.0
7301,2026-09-30,,,,,,,,1,0,,8.6,9.2,9.1,9.0,16.0,20.0,16.0,,,,20.8,,,,944.7,945.7,945.5,945.3,,,,,,,45.0,36.0,43.0,41.0,-1,-1,-1,,,,,,,,,,,,,17,22,18,22,16,19,12,4,3,4,6.0,450.0
7305,2026-09-30,,,,,,,,,,,,,,,,,,,,,,,,,,,,,,,,,,,,,,,,,,,,,,,,,,,,,,,,,,,,,,,,,
7505,2026-09-30,,,,,,,,0,0,,7.9,8.5,9.4,8.6,12.0,12.0,12.0,,,,12.2,0,,,956.9,957.3,957.5,957.2,,,,,,,43.0,31.0,45.0,40.0,-1,-1,-1,,,,,,,,,,,9,,16,23,18,23,15,19,11,2,2,2,2.7,1103.0
7531,2026-09-30,,,,,,,,1,0,1665.0,7.3,7.9,8.8,8.0,12.0,12.0,16.0,,,,17.0,0,,,918.2,918.5,918.8,918.5,,,,,,,47.0,36.0,50.0,44.0,-1,-1,-1,,,,,,,,,,,11,,14,19,16,22,11,17,,4,5,4,7.6,1510.0
7604,2026-09-30,,,,0.0,0.0,0.0,0.0,0,0,1545.0,8.6,8.3,9.6,8.8,12.0,16.0,16.0,0,0,0,16.6,0,0,0,992.7,992.2,992.3,992.4,0,0,,,,,53.0,27.0,41.0,40.0,-1,-1,-1,0,0,0,,-1.0,0,-1.0,50000.0,50000.0,35000.0,11,0,14,25,20,25,10,18,6,2,4,2,4.0,1125.0
7610,2026-09-30,,,,,,,,0,0,,8.6,8.7,8.8,8.7,4.0,20.0,16.0,,,,12.9,0,,,942.6,943.2,943.4,943.1,,,,,,,57.0,31.0,44.0,44.0,-1,-1,-1,,,,,,,,,,,10,,13,23,18,23,10,17,6,1,2,2,2.1,1448.0
7641,2026-09-30,,,,0.0,,,,0,0,1633.0,8.8,8.1,9.6,8.8,32.0,16.0,16.0,0,,,14.0,0,0,0,986.3,985.6,985.8,985.9,0,0,,,,,76.0,27.0,42.0,48.0,-1,-1,-1,,0,,,-1.0,0,-1.0,4000.0,,,10,1,9,24,20,25,8,16,7,1,4,2,3.5,1347.0
7653,2026-09-30,,,,,,,,,,,8.6,8.7,9.4,8.9,20.0,,,,,,,0,,,,,,,,,,,,,67.0,27.0,50.0,48.0,-1,-1,-1,,,,,,,,,,,,,11,25,17,26,8,17,3,2,,,,
7704,2026-09-30,,,,,,,,0,0,1528.0,9.6,9.7,11.2,10.2,4.0,12.0,8.0,,,,14.1,0,,,1004.9,1004.0,1003.8,1004.2,,,,,,,65.0,31.0,57.0,51.0,-1,-1,-1,0,0,0,,,,,,,,11,,13,25,17,25,10,17,8,2,4,2,4.0,1211.0
7710,2026-09-30,,,,,,,,0,0,1610.0,9.2,,,,12.0,12.0,12.0,,,,13.2,0,,,1004.5,1003.7,1003.5,1003.9,,,,,,,57.0,,,,-1,-1,-1,,,,,,,,,,,11,,14,,,,,,10,3,4,3,5.3,1238.0
7714,2026-09-30,,,,,,,,1,0,,8.5,9.0,10.2,9.2,12.0,16.0,12.0,,,,17.2,0,,,,,,,,,,,,,52.0,30.0,45.0,42.0,-1,-1,-1,,,,,,,,,,,10,,14,24,20,25,14,19,,3,4,2,4.7,1214.0
7890,2026-09-30,,,,,,,,0,0,1431.0,9.6,11.4,10.3,10.4,8.0,16.0,8.0,,,,10.3,0,,,1013.3,1012.1,1011.6,1012.3,,,,,,,71.0,36.0,48.0,52.0,-1,-1,-1,,,,,,,,,,,9,,11,25,19,25,8,17,,2,3,1,2.8,1138.0
7906,2026-09-30,,,,,,,,0,0,,,,,,4.0,16.0,12.0,,,,12.9,0,,,,,,,,,,,,,,,,,,,,,,,,,,,,,,,,,,,,,,,2,4,3,4.7,1313.0
7912,2026-09-30,,,,,,,,0,0,,10.0,9.4,10.8,10.1,8.0,16.0,12.0,,,,11.4,0,,,,,,,,,,,,,76.0,29.0,55.0,53.0,,,,,,,,,,,,,,11,,11,26,17,26,8,17,7,2,3,1,2.8,1419.0
7956,2026-09-30,,,,,,,,0,0,1576.0,9.4,9.6,11.0,10.0,4.0,16.0,12.0,,,,12.8,0,,,1013.5,1012.4,1012.0,1012.6,,,,,,,76.0,29.0,55.0,53.0,-1,-1,-1,,,,,,,,,,,11,,10,26,18,26,8,17,2,2,4,2,4.0,1328.0
8301,2026-09-30,,,,,,,,0,0,1686.0,11.5,11.8,12.4,11.9,16.0,24.0,8.0,,,,6.1,0,,,907.4,907.3,906.7,907.1,,,,,,,67.0,42.0,55.0,55.0,-1,-1,-1,,,,,,,,,,,11,,15,23,19,23,15,19,,2,1,2,2.1,459.0
8806,2026-09-30,,,,,,,,0,0,1487.0,9.9,13.9,13.4,12.4,28.0,32.0,32.0,,,,6.6,0,,,917.4,915.4,916.3,916.4,,,,,,,98.0,45.0,83.0,75.0,-1,-1,-1,,,,,,,,,,,8,,7,25,14,25,7,16,6,1,2,1,1.6,1521.0
8807,2026-09-30,,,,,,,,,,,,,,,,,,,,,,0,,,,,,,,,,,,,,,,,,,,,,,,,,,,,,,,,,,,,,,,,,,
9016,2026-09-30,0.0,0.0,,3.0,2.0,0.0,17.0,0,0,1581.0,12.3,15.0,15.4,14.2,20.0,4.0,32.0,1,0,0,6.7,0,0,0,965.7,963.1,963.7,964.2,0,0,,,,,93.0,47.0,67.0,69.0,-1,-1,-1,,0,0,,-1.0,0,-1.0,40000.0,35000.0,8000.0,9,1,11,25,20,26,11,19,9,1,2,2,2.1,1625.0
9019,2026-09-30,,,,,,,,0,0,1414.0,10.9,13.3,14.7,13.0,20.0,4.0,16.0,,,,3.8,0,,,,,,,,,,,,,96.0,45.0,82.0,74.0,-1,-1,-1,,,,,,,,,,,9,,9,24,16,25,9,17,4,1,1,1,1.1,1416.0
9105,2026-09-30,,,,,,,,0,0,1456.0,9.9,14.8,14.8,13.2,20.0,4.0,32.0,,,,5.1,0,,,,,,,,,,,,,96.0,45.0,81.0,74.0,-1,-1,-1,,,,,,,,,,,9,,8,26,16,26,7,17,,1,1,1,1.1,1523.0
9110,2026-09-30,0.0,2.0,,3.0,1.0,,,0,0,1637.0,10.2,15.6,14.7,13.5,20.0,32.0,16.0,1,0,,6.3,0,0,0,954.7,952.5,953.2,953.5,0,0,,,,,94.0,52.0,87.0,78.0,-1,-1,-1,,0,,,-1.0,0,-1.0,1000.0,5000.0,,10,1,8,24,15,24,7,16,4,1,2,1,1.6,1321.0
9211,2026-09-30,,,,,,,,0,0,1515.0,11.7,13.5,14.4,13.2,20.0,32.0,0.0,,,,8.4,0,,,951.1,948.9,949.8,949.9,,,,,,,85.0,42.0,86.0,71.0,-1,-1,-1,,,,,,,,,,,9,,12,25,15,26,11,19,7,2,1,0,1.2,309.0
9215,2026-09-30,,,,,,,,0,0,1696.0,9.7,12.1,11.7,11.2,20.0,4.0,4.0,,,,6.8,0,,,844.8,845.2,844.9,845.0,,,,,,,61.0,65.0,73.0,66.0,-1,-1,-1,,,,,,,,,,,11,,14,16,14,18,14,16,,3,2,2,3.3,341.0
9406,2026-09-30,,,,,,,,0,0,1479.0,11.2,13.2,14.0,12.8,12.0,12.0,12.0,,,,12.8,0,,,966.4,964.3,965.2,965.3,,,,,,,66.0,37.0,67.0,57.0,-1,-1,-1,,,,,,,,,,,10,,15,27,18,28,15,21,13,2,1,3,2.8,2306.0
9501,2026-09-30,0.0,0.0,,1.0,1.0,0.0,7.0,0,0,1561.0,10.0,13.0,11.9,11.6,8.0,16.0,12.0,1,0,1,3.3,0,0,0,941.5,939.9,940.7,940.7,0,0,,,,,86.0,41.0,63.0,63.0,-1,-1,-1,0,0,0,,-1.0,0,-1.0,15000.0,15000.0,15000.0,10,1,9,25,17,25,8,17,5,1,1,1,1.1,1538.0
9512,2026-09-30,,,,,,,,0,0,,11.7,12.6,13.5,12.6,28.0,12.0,32.0,,,,8.0,0,,,959.6,958.0,958.9,958.8,,,,,,,74.0,37.0,70.0,60.0,-1,-1,-1,,,,,,,,,,,11,,14,26,17,27,13,20,,1,2,1,1.6,925.0
9609,2026-09-30,,,,,,,,0,0,1492.0,10.5,14.0,10.5,11.7,8.0,16.0,8.0,,,,11.2,0,,,961.5,959.2,960.2,960.3,,,,,,,93.0,47.0,46.0,62.0,-1,-1,-1,,,,,,,,,,,8,,9,24,20,25,8,17,,1,1,3,2.2,1728.0
9618,2026-09-30,0.0,,,1.0,0.0,0.0,3.0,0,0,1512.0,11.4,13.7,10.6,11.9,8.0,20.0,12.0,1,0,1,6.5,0,0,0,963.8,962.0,963.0,962.9,0,0,,,,,74.0,41.0,44.0,53.0,-1,-1,-1,,0,0,,-1.0,0,-1.0,25000.0,25000.0,25000.0,9,1,13,26,21,26,12,19,9,1,1,2,1.6,1110.0
9643,2026-09-30,,,,,,,,0,0,,10.2,12.0,10.4,10.9,8.0,12.0,8.0,,,,10.7,0,,,938.4,936.7,937.9,937.7,,,,,,,72.0,44.0,55.0,57.0,,-1,0,,,,,,,,,,,10,,12,23,17,23,11,17,,3,3,3,4.6,1241.0
9700,2026-09-30,,,,,,,,0,0,1504.0,9.3,11.5,9.7,10.2,28.0,12.0,8.0,,,,9.3,0,,,933.1,931.2,932.6,932.3,,,,,,,92.0,43.0,49.0,61.0,-1,-1,-1,,,,,,,,,,,11,,7,22,17,22,6,14,,1,2,2,2.1,1457.0
9801,2026-09-30,,,,0.0,0.0,0.0,0.0,0,0,1533.0,8.9,11.8,10.6,10.4,20.0,4.0,8.0,1,1,1,7.8,0,0,1,950.2,948.0,949.6,949.3,0,0,,,,,97.0,41.0,65.0,68.0,-1,-1,-1,,0,0,,-1.0,0,-1.0,25000.0,50000.0,30000.0,9,1,6,24,14,24,4,14,1,1,3,1,2.2,1254.0
9811,2026-09-30,,,,0.0,0.0,0.0,0.0,0,0,1556.0,8.8,11.6,10.2,10.2,0.0,8.0,12.0,1,0,0,11.3,0,0,0,945.3,943.2,944.6,944.4,0,0,,,,,93.0,42.0,55.0,63.0,-1,-1,-1,,0,,,-1.0,0,-1.0,15000.0,45000.0,5000.0,10,1,6,23,16,23,6,14,4,0,2,3,2.4,1557.0
9911,2026-09-30,,,,0.0,0.0,,,0,0,1652.0,8.6,11.1,9.8,9.8,0.0,20.0,24.0,1,0,,8.5,0,0,,951.1,949.3,950.3,950.2,0,0,,,,,93.0,38.0,47.0,59.0,-1,-1,-1,,,,,-1.0,0,-1.0,6000.0,40000.0,,10,1,6,24,18,24,5,15,,0,1,2,1.2,1510.0
9919,2026-09-30,,,,,,,,1,0,,10.0,10.8,9.4,10.1,12.0,12.0,8.0,,,,17.0,0,,,953.5,953.1,954.2,953.6,,,,,,,54.0,36.0,41.0,44.0,-1,-1,-1,,,,0.0,,,,,,,11,,16,24,20,24,12,18,10,2,4,4,5.4,926.0
9925,2026-09-30,,,,,,,,0,0,1606.0,10.1,10.5,10.6,10.4,24.0,12.0,8.0,,,,11.8,0,,,943.8,942.6,943.6,943.3,,,,,,,80.0,42.0,59.0,60.0,-1,-1,-1,,,,,,,,,,,10,,10,21,16,22,9,15,6,1,3,2,2.8,1004.0
10005,2026-09-30,,,,,,,,0,0,1512.0,9.7,10.8,10.0,10.2,16.0,12.0,12.0,,,,12.2,0,,,962.4,961.5,962.6,962.2,,,,,,,61.0,38.0,46.0,48.0,-1,-1,-1,,,,,,,,,,,9,,14,23,19,23,14,19,,3,4,2,4.7,1242.0
10111,2026-09-30,,,,,,,,0,0,,9.0,9.9,9.0,9.3,12.0,12.0,12.0,,,,16.0,0,,,889.2,889.5,889.7,889.5,,,,,,,75.0,53.0,62.0,63.0,-1,-1,-1,,,,,,,,,,,8,,10,16,13,17,8,13,,3,4,4,6.0,2256.0
10200,2026-09-30,0.0,,0.0,5.0,0.0,1.0,20.0,0,0,1607.0,9.8,9.8,9.7,9.8,0.0,12.0,28.0,1,0,0,8.0,0,0,0,937.6,936.7,937.3,937.2,0,0,,,,,82.0,41.0,60.0,61.0,-1,-1,-1,,,,,-1.0,0,-1.0,5000.0,7000.0,6000.0,11,0,10,20,14,21,8,14,4,0,2,2,1.8,1215.0
10401,2026-09-30,,,,,,,,,,,8.3,8.8,9.6,8.9,,,,,,,,0,,,945.2,944.5,944.8,944.8,,,,,,,88.0,37.0,59.0,61.0,-1,-1,-1,,,,,,,,,,,,,6,20,14,21,5,13,,,,,,
10412,2026-09-30,,,,,,,,1,0,,6.9,7.6,8.1,7.5,16.0,16.0,16.0,,,,18.5,0,,,852.4,853.8,853.2,853.1,,,,,,,59.0,50.0,70.0,60.0,-1,-1,-1,,,,,,,,,,,10,,9,13,9,15,7,11,,5,4,4,7.6,121.0
10415,2026-09-30,,,,,,,,0,0,1624.0,7.2,8.3,9.0,8.2,20.0,20.0,20.0,,,,14.8,0,,,912.9,913.5,913.4,913.3,,,,,,,49.0,41.0,57.0,49.0,-1,-1,-1,0,0,0,,,,,,,,10,,13,18,14,18,11,15,9,4,3,3,5.3,216.0
10500,2026-09-30,,,,0.0,0.0,0.0,0.0,0,0,1659.0,7.3,9.0,9.5,8.6,20.0,16.0,20.0,0,0,0,15.5,0,0,0,913.4,914.1,913.8,913.8,0,0,,,,,48.0,45.0,56.0,50.0,-1,-1,-1,,0,0,,-1.0,0,-1.0,8000.0,8000.0,6000.0,10,0,13,18,15,18,12,15,10,4,4,3,6.0,1141.0
10510,2026-09-30,,,,,,,,0,0,1589.0,9.6,8.6,10.1,9.4,0.0,16.0,8.0,,,,7.9,0,,,969.1,968.5,969.0,968.9,,,,,,,84.0,30.0,64.0,59.0,-1,-1,-1,0,0,0,,,,,,,,11,,9,23,14,24,6,15,4,0,1,1,0.7,1111.0
10531,2026-09-30,,,,,,,,0,0,1579.0,8.7,8.4,9.2,8.8,20.0,16.0,20.0,,,,12.2,0,,,976.8,976.6,976.7,976.7,,,,,,,72.0,28.0,49.0,50.0,-1,-1,-1,,,,,,,,,,,11,,10,24,17,25,6,16,,1,3,1,2.2,1243.0
10607,2026-09-30,,,,,,,,0,0,1491.0,8.3,9.6,10.3,9.4,32.0,16.0,20.0,,,,14.4,0,,,973.1,973.1,972.7,973.0,,,,,,,93.0,36.0,61.0,63.0,-1,-1,-1,,,,,,,,,,,9,,5,22,15,23,4,13,0,1,2,1,1.6,1249.0
10710,2026-09-30,,,,,,,,0,0,1597.0,9.1,8.9,10.2,9.4,12.0,16.0,16.0,,,,13.1,0,,,992.9,992.3,992.2,992.5,,,,,,,60.0,29.0,51.0,47.0,-1,-1,-1,,,,,,,,,,,11,,13,25,18,25,10,17,,1,4,2,3.5,1333.0
10720,2026-09-30,,,,,,,,0,0,1635.0,7.8,8.9,9.2,8.6,20.0,16.0,20.0,,,,12.3,0,,,,,,,,,,,,,44.0,32.0,45.0,40.0,-1,-1,-1,,,,,,,,,,,11,,16,23,18,23,13,18,10,3,4,2,4.7,1311.0
11102,2026-09-30,1.0,0.0,0.0,5.0,1.0,1.0,23.0,,,,,,,,,,,1,0,0,,0,0,0,,,,,0,0,,,,,,,,,-1,-1,-1,0,0,0,,-1.0,0,-1.0,10000.0,6000.0,7000.0,,1,,,,,,,,,,,,
11104,2026-09-30,,,,,,,,0,0,1557.0,13.9,16.4,15.1,15.1,12.0,28.0,8.0,,,,5.1,0,,,970.2,969.5,968.7,969.5,,,,,,,91.0,61.0,73.0,75.0,-1,-1,-1,,,,,,,,,,,10,,13,22,18,25,12,18,8,1,1,2,1.6,2218.0
11106,2026-09-30,,,,,,,,0,0,1573.0,9.9,9.8,11.4,10.4,8.0,28.0,32.0,,,,5.4,0,,,929.6,928.8,928.7,929.0,,,,,,,54.0,28.0,52.0,45.0,-1,-1,-1,,,,,,,,,,,10,,16,27,19,27,15,21,10,1,1,1,1.1,1538.0
11114,2026-09-30,0.0,0.0,,5.0,2.0,,,0,0,1534.0,13.4,14.6,17.3,15.1,0.0,32.0,0.0,0,0,,4.9,0,0,0,973.6,972.5,971.9,972.7,0,0,,,,,96.0,47.0,84.0,76.0,-1,-1,-1,,,,,-1.0,0,-1.0,5000.0,25000.0,,10,0,12,25,18,26,11,18,7,0,1,0,0.4,1138.0
11115,2026-09-30,0.0,0.0,,2.0,3.0,,,0,0,1537.0,11.2,14.1,14.5,13.3,16.0,28.0,0.0,0,0,,6.4,0,0,0,970.7,969.1,969.0,969.6,0,0,,,,,66.0,41.0,65.0,57.0,-1,-1,-1,,,,,-1.0,0,-1.0,30000.0,30000.0,,10,0,15,26,19,27,11,19,9,1,1,0,0.7,1423.0
11116,2026-09-30,,,,,,,,0,0,,7.5,8.4,9.1,8.3,8.0,24.0,4.0,,,,6.0,0,,,,,,,,,,,,,49.0,40.0,56.0,48.0,-1,-1,-1,,,,,,,,,,,9,,13,18,14,19,11,15,,2,2,1,2.1,1324.0
11135,2026-09-30,,,,,,,,0,0,1532.0,11.9,12.7,13.1,12.6,20.0,20.0,12.0,,,,5.3,0,,,939.9,939.2,938.8,939.3,,,,,,,87.0,42.0,63.0,64.0,-1,-1,-1,,,,,,,,,,,10,,12,24,18,25,11,18,7,1,2,1,1.6,1209.0
11146,2026-09-30,,,,,,,,0,0,1635.0,13.9,18.3,18.3,16.8,12.0,28.0,8.0,,,,4.2,0,,,974.5,973.6,972.9,973.7,,,,,,,91.0,68.0,89.0,83.0,-1,-1,-1,,,,,,,,,,,11,,13,22,18,23,11,17,,1,2,1,1.6,1143.0
11200,2026-09-30,,,,,,,,,,,,,,,,,,,,,,0,,,,,,,,,,,,,,,,,,,,,,,,,,,,,,,,,,,,,,,,,,,
11203,2026-09-30,,,,,,,,0,0,1531.0,10.0,11.5,13.4,11.6,12.0,24.0,12.0,,,,6.7,0,,,927.1,925.5,926.0,926.2,,,,,,,96.0,39.0,84.0,73.0,-1,-1,-1,,,,,,,,,,,9,,8,24,14,25,7,16,5,1,2,1,1.6,1336.0
11301,2026-09-30,,,,,,,,0,0,1529.0,8.7,10.7,11.2,10.2,8.0,12.0,8.0,,,,5.2,0,,,883.6,882.9,883.3,883.3,,,,,,,65.0,41.0,66.0,57.0,-1,0,-1,,,,,,,,,,,9,,11,22,15,22,11,17,,1,1,1,1.1,1250.0
11305,2026-09-30,,,,,,,,0,0,1626.0,7.7,11.1,11.2,10.0,28.0,16.0,16.0,,,,7.6,0,,,860.5,859.7,860.0,860.1,,,,,,,66.0,47.0,66.0,60.0,-1,-1,-1,,,,,,,,,,,9,,9,20,15,21,9,15,5,1,2,1,1.6,1151.0
11306,2026-09-30,,0.0,0.0,0.0,2.0,3.0,17.0,,,,,,,,,,,1,0,0,,0,0,0,,,,,0,0,,,,,,,,,,-1,-1,,0,0,,-1.0,0,-1.0,25000.0,25000.0,25000.0,,1,,,,,,,,,,,,
11311,2026-09-30,,,,,,,,0,0,1575.0,10.6,11.2,12.0,11.3,0.0,4.0,0.0,,,,6.7,0,,,,,,,,,,,,,84.0,43.0,76.0,68.0,-1,-1,-1,,,,,,,,,,,9,,11,22,14,22,10,16,,0,3,0,1.5,1227.0
11401,2026-09-30,,,,,,,,,,,,,,,,,,,,,,0,,,,,,,,,,,,,,,,,,,,,,,,,,,,,,,,,,,,,,,,,,,
11402,2026-09-30,,,,,,,,0,0,1572.0,8.9,12.6,12.2,11.2,24.0,12.0,24.0,,,,9.1,0,,,900.4,897.9,899.0,899.1,,,,,,,91.0,41.0,68.0,67.0,-1,-1,-1,,,,,,,,,,,9,,7,25,16,25,7,16,5,1,1,1,1.1,1531.0
11410,2026-09-30,,,,,,,,0,0,1556.0,10.6,12.4,12.2,11.7,0.0,24.0,12.0,,,,7.4,0,,,898.9,897.9,898.1,898.3,,,,,,,96.0,45.0,76.0,72.0,-1,-1,-1,,,,,,,,,,,10,,8,23,14,23,6,15,2,0,2,1,1.2,1442.0
11505,2026-09-30,,,,,,,,0,0,1485.0,11.3,14.8,13.5,13.2,16.0,32.0,0.0,,,,8.9,0,,,926.7,924.9,925.5,925.7,,,,,,,87.0,50.0,76.0,71.0,-1,-1,-1,,,,,,,,,,,10,,11,24,16,24,9,16,4,2,3,0,2.4,1347.0
11506,2026-09-30,,,0.0,0.0,0.0,2.0,,,,,,,,,,,,1,0,0,,0,,0,,,,,,,,,,,,,,,,-1,-1,,0,0,,-1.0,0,-1.0,15000.0,20000.0,17000.0,,,,,,,,,,,,,,
11602,2026-09-30,,,,,,,,,,,,,,,,,,,,,,0,,,,,,,,,,,,,,,,,,,,,,,,,,,,,,,,,,,,,,,,,,,
11603,2026-09-30,,,,,,,,0,0,1535.0,10.5,13.3,13.3,12.4,8.0,32.0,8.0,,,,7.8,0,,,912.3,910.1,911.1,911.2,,,,,,,83.0,41.0,81.0,68.0,-1,-1,-1,,,,,,,,,,,9,,10,25,15,26,10,18,8,1,2,1,1.6,33.0
11706,2026-09-30,,,,,,,,0,0,1481.0,9.0,12.3,10.6,10.6,20.0,16.0,16.0,,,,8.0,0,,,891.1,889.2,889.8,890.0,,,,,,,94.0,46.0,56.0,65.0,-1,-1,-1,,,,,,,,,,,10,,6,22,17,23,6,14,1,1,1,2,1.6,1803.0
11800,2026-09-30,0.0,1.0,,2.0,1.0,0.0,10.0,,,,,,,,,,,1,0,0,,0,0,0,,,,,0,0,,,,,,,,,-1,-1,-1,0,0,0,,-1.0,0,-1.0,25000.0,25000.0,25000.0,,1,,,,,,,,,,,,
11803,2026-09-30,0.0,0.0,0.0,3.0,3.0,2.0,27.0,0,0,1528.0,11.4,,,,20.0,16.0,16.0,1,0,0,16.6,0,0,0,953.1,950.1,951.4,951.5,0,0,,,,,77.0,,,,,-1,,0,0,0,,-1.0,0,-1.0,11000.0,10000.0,7000.0,10,1,13,,,,,,11,3,4,3,5.3,1527.0
11804,2026-09-30,,,,,,,,1,0,1596.0,11.4,11.7,10.4,11.2,24.0,16.0,16.0,,,,19.2,0,,,956.0,952.9,954.3,954.4,,,,,,,80.0,36.0,40.0,52.0,-1,-1,-1,,,,,,,,,,,10,,12,25,22,26,11,18,9,3,4,5,6.9,1703.0
11901,2026-09-30,,,,,,,,0,0,1536.0,11.9,15.1,16.0,14.3,0.0,20.0,24.0,,,,6.9,0,,,961.6,958.7,960.2,960.2,,,,,,,93.0,43.0,81.0,72.0,-1,-1,-1,,,,,,,,,,,10,,11,27,17,28,10,19,,0,2,1,1.2,1011.0
12015,2026-09-30,,,,,,,,0,0,1614.0,11.1,13.3,13.3,12.6,8.0,24.0,8.0,,,,4.7,0,,,918.2,916.5,917.5,917.4,,,,,,,80.0,47.0,74.0,67.0,-1,-1,-1,,,,,,,,,,,10,,12,23,16,24,11,17,,1,2,1,1.6,330.0
12016,2026-09-30,,,,,,,,,,,,,,,,,,,,,,,,,,,,,,,,,,,,,,,,,,,,,,,,,,,,,,,,,,,,,,,,,
12203,2026-09-30,,,,,,,,0,0,1608.0,10.4,13.0,13.6,12.3,0.0,24.0,16.0,,,,4.8,0,,,935.4,933.2,934.1,934.2,,,,,,,93.0,41.0,77.0,70.0,-1,-1,-1,,,,,,,,,,,9,,9,25,16,25,8,17,6,0,2,1,1.2,1347.0
12215,2026-09-30,,,,,,,,0,0,1713.0,8.6,10.5,9.9,9.7,24.0,4.0,20.0,,,,5.7,0,,,831.1,831.2,831.2,831.2,,,,,,,57.0,59.0,63.0,60.0,,,,,,,,,,,,,,11,,13,16,14,18,13,15,,1,2,1,1.6,1912.0
12216,2026-09-30,,,,,,,,,,,,,,,,,,,,,,0,,,,,,,,,,,,,,,,,0,-1,0,,,,,,,,,,,,,,,,,,,,,,,,
12231,2026-09-30,,,,,,,,0,0,1557.0,9.5,14.5,12.6,12.2,24.0,8.0,24.0,,,,4.5,0,,,,,,,,,,,,,96.0,55.0,80.0,77.0,-1,-1,-1,,,,,,,,,,,11,,7,22,14,23,5,14,,1,2,1,1.6,1343.0
12302,2026-09-30,,,,,,,,0,0,1580.0,9.5,14.1,13.0,12.2,28.0,12.0,28.0,,,,4.4,0,,,912.7,910.5,911.5,911.6,,,,,,,91.0,64.0,87.0,81.0,-1,-1,-1,,,,,,,,,,,9,,8,19,13,20,7,13,5,1,1,1,1.1,1253.0
12311,2026-09-30,,,,,,,,0,0,1772.0,9.4,10.3,10.2,10.0,28.0,12.0,16.0,,,,6.1,0,,,812.4,812.5,812.6,812.5,,,,,,,61.0,57.0,75.0,64.0,-1,-1,-1,,,,,,,,,,,11,,13,16,12,17,11,14,,2,2,1,2.1,2152.0
12323,2026-09-30,,,,,,,,0,0,,10.2,14.7,13.1,12.7,20.0,8.0,20.0,,,,9.4,0,,,937.8,934.5,935.8,936.0,,,,,,,97.0,54.0,73.0,75.0,-1,-1,-1,,,,,,,,,,,11,,8,23,16,23,7,15,,1,3,1,2.2,1612.0
12351,2026-09-30,,,,,,,,,,,11.0,12.4,13.5,12.3,,,,,,,,0,,,914.2,912.5,913.2,913.3,,,,,,,93.0,44.0,78.0,72.0,-1,-1,-1,,,,,,,,,,,,,9,23,15,24,9,17,,,,,,
12352,2026-09-30,0.0,0.0,0.0,2.0,2.0,1.0,17.0,,,,,,,,,,,1,0,0,,0,0,0,,,,,0,0,,,,,,,,,-1,-1,-1,0,0,0,,-1.0,0,-1.0,15000.0,20000.0,15000.0,,0,,,,,,,,,,,,
12504,2026-09-30,,,,,,,,0,0,1515.0,10.5,12.9,12.6,12.0,12.0,12.0,12.0,,,,5.0,0,,,961.6,957.5,959.5,959.5,,,,,,,93.0,42.0,65.0,67.0,-1,-1,-1,,,,,,,,,,,9,,9,25,17,26,9,17,8,1,1,2,1.6,1940.0
12506,2026-09-30,,,,,,,,,,,,,,,,,,,,,,,,,,,,,,,,,,,,,,,,,,,,,,,,,,,,,,,,,,,,,,,,,
12513,2026-09-30,,,,,,,,0,0,,10.4,13.0,10.6,11.3,28.0,8.0,8.0,,,,7.7,0,,,938.6,935.7,937.1,937.1,,,,,,,86.0,43.0,51.0,60.0,-1,-1,-1,,,,,,,,,,,11,,10,24,18,24,9,17,6,1,2,2,2.1,1535.0
12530,2026-09-30,1.0,1.0,1.0,1.0,1.0,1.0,,0,0,,11.0,14.7,11.5,12.4,12.0,12.0,0.0,1,0,0,10.0,0,0,0,950.0,946.6,948.0,948.2,0,0,,,,,97.0,56.0,56.0,70.0,-1,-1,-1,0,0,0,,-1.0,0,-1.0,20000.0,50000.0,20000.0,,1,9,22,18,24,8,16,7,1,1,0,0.7,1621.0
12616,2026-09-30,,,,,,,,0,0,1648.0,8.5,12.5,10.7,10.6,0.0,8.0,32.0,,,,9.0,0,,,929.3,927.1,928.5,928.3,,,,,,,99.0,47.0,79.0,75.0,-1,-1,-1,,,,,,,,,,,11,,5,22,12,22,3,13,3,0,3,1,1.9,1307.0
12711,2026-09-30,,,,0.0,0.0,0.0,0.0,0,0,1731.0,9.3,11.3,9.7,10.1,28.0,8.0,32.0,0,0,0,6.1,0,0,0,888.7,888.0,888.8,888.5,0,0,,,,,83.0,53.0,70.0,69.0,-1,-1,-1,0,0,0,,-1.0,0,-1.0,29000.0,43000.0,12000.0,11,1,9,19,12,20,7,14,3,1,2,1,1.6,1446.0
12720,2026-09-30,,,,,,,,0,0,1867.0,,,,,32.0,4.0,20.0,,,,6.9,0,,,,,,,,,,,,,,,,,,,,,,,,,,,,,,11,,,,,,,,,3,1,1,2.2,535.0
12721,2026-09-30,,,,,,,,,,,3.6,7.0,6.4,5.7,,,,,,,,0,,,,,,,,,,,,,31.0,58.0,71.0,53.0,-1,-1,-1,,,,0.0,,,,,,,,,9,10,6,11,5,8,,,,,,
12811,2026-09-30,,,,,,,,0,0,1640.0,8.7,10.9,10.2,9.9,24.0,8.0,4.0,,,,10.4,0,,,936.9,934.8,936.0,935.9,,,,,,,87.0,42.0,55.0,61.0,-1,-1,-1,,,,,,,,,,,10,,7,22,16,22,6,14,4,1,3,3,3.4,1758.0
13116,2026-09-30,,2.0,2.0,,5.0,1.0,,0,0,1472.0,10.1,10.4,9.6,10.0,28.0,12.0,28.0,0,0,0,7.2,0,0,0,926.8,926.3,926.8,926.6,0,0,,,,,80.0,45.0,78.0,68.0,-1,-1,-1,,0,0,,-1.0,0,-1.0,,16000.0,8000.0,8,0,11,20,10,22,8,15,8,1,2,1,1.6,1358.0
13120,2026-09-30,,,,,,,,0,0,1540.0,8.6,10.5,9.9,9.7,24.0,8.0,12.0,,,,12.3,0,,,940.8,939.1,940.1,940.0,,,,,,,92.0,43.0,58.0,64.0,-1,-1,-1,,,,,,,,,,,10,,6,21,15,21,6,13,4,1,4,3,4.1,1330.0
13302,2026-09-30,,,,,,,,,,,,,,,,,,,,,,,,,,,,,,,,,,,,,,,,,,,,,,,,,,,,,,,,,,,,,,,,,
13308,2026-09-30,,,,,,,,0,0,1386.0,,,,,0.0,16.0,32.0,,,,7.8,0,,,978.4,976.7,977.1,977.4,,,,,,,,,,,,,,,,,,,,,,,,9,,,,,,,,,0,2,1,1.2,1331.0
13312,2026-09-30,,,,,,,,0,0,1555.0,10.2,10.0,10.1,10.1,4.0,16.0,12.0,,,,8.3,0,,,963.8,962.2,963.0,963.0,,,,,,,78.0,36.0,53.0,56.0,-1,-1,-1,,,,,,,,,,,9,,11,23,17,23,10,17,8,1,2,1,1.6,1325.0
13401,2026-09-30,,,,,,,,0,0,1559.0,9.8,8.6,10.7,9.7,0.0,20.0,4.0,,,,10.9,0,,,967.5,965.7,966.4,966.5,,,,,,,99.0,32.0,69.0,67.0,-1,-1,-1,,,,,,,,,,,10,,7,22,14,23,6,14,2,0,3,1,1.9,1505.0
13515,2026-09-30,,,,,,,,0,0,1634.0,8.0,9.1,9.0,8.7,4.0,16.0,20.0,,,,10.0,0,,,909.2,909.2,909.3,909.2,,,,,,,62.0,44.0,61.0,56.0,-1,-1,-1,,,,,,,,,,,11,,11,18,13,19,8,13,2,1,3,1,2.2,1336.0
13605,2026-09-30,,,,,,,,0,0,1664.0,7.6,8.7,10.2,8.8,0.0,16.0,0.0,,,,10.0,0,,,988.2,987.1,987.0,987.4,,,,,,,82.0,29.0,60.0,57.0,-1,-1,-1,,,,,,,,,,,11,,6,24,15,25,4,15,3,0,3,0,1.5,1333.0
13606,2026-09-30,,,,,,,,0,0,1669.0,8.2,9.8,9.9,9.3,28.0,12.0,16.0,,,,13.1,0,,,947.1,946.9,946.7,946.9,,,,,,,63.0,38.0,55.0,52.0,-1,-1,-1,,,,,,,,,,,11,,11,22,16,22,8,15,3,1,3,2,2.8,1258.0
13640,2026-09-30,,,,,,,,0,0,1561.0,8.7,9.5,10.9,9.7,0.0,16.0,28.0,,,,8.8,0,,,975.3,974.6,974.5,974.8,,,,,,,87.0,34.0,73.0,65.0,-1,-1,-1,,,,,,,,,,,10,,7,23,13,24,6,15,2,0,2,1,1.2,1243.0
13702,2026-09-30,,,,,,,,0,0,1717.0,7.6,8.6,9.2,8.5,20.0,16.0,16.0,,,,11.0,0,,,953.8,953.7,953.5,953.7,,,,,,,50.0,34.0,48.0,44.0,-1,-1,-1,,,,,,,,,,,11,,13,21,17,22,12,17,,1,3,1,2.2,1243.0
13707,2026-09-30,,,,,,,,0,0,,8.2,10.3,10.3,9.6,32.0,16.0,32.0,,,,9.8,0,,,,,,,,,,,,,79.0,36.0,64.0,60.0,-1,-1,-1,0,0,0,,,,,,,,11,,8,23,14,24,6,15,3,2,2,1,2.1,1227.0
13811,2026-09-30,,,,,,,,0,0,,8.7,9.3,10.3,9.4,28.0,16.0,24.0,,,,10.6,0,,,991.1,990.4,990.1,990.5,,,,,,,57.0,31.0,52.0,47.0,-1,-1,-1,,,,,,,,,,,11,,13,24,17,25,9,17,7,1,3,1,2.2,1427.0
13907,2026-09-30,,,,,,,,0,0,1528.0,9.0,10.4,10.2,9.9,0.0,16.0,16.0,,,,10.9,0,,,1003.5,1002.6,1002.2,1002.8,,,,,,,80.0,33.0,44.0,52.0,-1,-1,-1,,,,,,,,,,,10,,9,25,20,26,4,15,1,0,3,2,2.4,1324.0
14103,2026-09-30,,,,,,,,0,0,1485.0,10.8,12.5,12.4,11.9,8.0,28.0,12.0,,,,6.0,0,,,956.0,954.2,954.7,955.0,,,,,,,86.0,34.0,56.0,59.0,-1,-1,-1,,,,,,,,,,,9,,10,28,19,28,10,19,8,1,1,1,1.1,1410.0
14105,2026-09-30,,,,,,,,,,,,,,,,,,,,,,0,,,,,,,,,,,,,,,,,,,,,,,,,,,,,,,,,,,,,,,,,,,
14115,2026-09-30,,,,,,,,0,0,1370.0,8.9,9.0,10.3,9.4,16.0,4.0,16.0,,,,6.7,0,,,905.8,904.7,905.3,905.3,,,,,,,69.0,30.0,66.0,55.0,-1,-1,-1,,,,,,,,,,,7,,11,24,14,24,9,17,,1,2,1,1.6,1352.0
14301,2026-09-30,,,,,,,,,,,,,,,,,,,,,,,,,,,,,,,,,,,,,,,,,,,,,,,,,,,,,,,,,,,,,,,,,
14302,2026-09-30,,,,,,,,0,0,1488.0,8.9,10.3,10.2,9.8,20.0,8.0,20.0,,,,5.6,0,,,879.3,876.6,877.7,877.9,,,,,,,88.0,37.0,65.0,63.0,-1,-1,-1,,,,,,,,,,,8,,7,23,14,24,7,15,3,1,2,1,1.6,1554.0
14305,2026-09-30,,,,,,,,0,0,1691.0,8.8,7.7,9.1,8.5,8.0,24.0,8.0,,,,9.7,0,,,799.5,799.1,799.5,799.4,,,,,,,76.0,44.0,65.0,62.0,-1,-1,-1,,,,0.0,,,,,,,11,,9,15,12,16,8,12,,2,4,2,4.0,1447.0
14308,2026-09-30,,,,,,,,0,0,,4.6,6.7,8.0,6.4,16.0,16.0,12.0,,,,5.7,0,,,,,,,,,,,,,46.0,49.0,74.0,56.0,,,,,,,,,,,,,,,,7,12,8,12,7,9,,3,1,1,2.2,551.0
14310,2026-09-30,,,,0.0,0.0,0.0,0.0,,,,,,,,,,,1,0,0,,0,0,0,,,,,0,0,,,,,,,,,,-1,-1,,0,0,,-1.0,0,-1.0,15000.0,30000.0,15000.0,,1,,,,,,,,,,,,
14311,2026-09-30,,,,,,,,0,0,1508.0,10.2,10.1,11.0,10.4,4.0,16.0,4.0,,,,8.4,0,,,886.6,885.4,886.0,886.0,,,,,,,65.0,40.0,70.0,58.0,-1,-1,-1,,,,,,,,,,,8,,14,21,14,22,13,17,,3,2,2,3.3,135.0
14403,2026-09-30,,,,,,,,0,0,1454.0,10.4,11.7,11.7,11.3,16.0,4.0,12.0,,,,10.0,0,,,932.0,928.1,929.6,929.9,,,,,,,71.0,33.0,50.0,51.0,-1,-1,-1,,,,,,,,,,,8,,13,27,20,27,13,20,11,2,1,3,2.8,1840.0
14513,2026-09-30,,,,0.0,0.0,0.0,0.0,0,0,1567.0,10.6,10.3,11.3,10.7,32.0,16.0,20.0,1,0,0,4.8,0,0,0,935.5,931.9,933.2,933.5,0,0,,,,,89.0,31.0,51.0,57.0,0,-1,0,,0,,,-1.0,0,-1.0,20000.0,20000.0,20000.0,9,1,10,26,19,27,9,18,,1,1,1,1.1,1416.0
14521,2026-09-30,,,,0.0,0.0,,,0,0,1343.0,10.6,10.7,11.7,11.0,0.0,20.0,8.0,0,0,0,11.4,0,0,0,,,,,0,0,,,,,89.0,35.0,61.0,62.0,-1,-1,-1,0,0,0,,-1.0,0,-1.0,10000.0,25000.0,3000.0,7,0,10,25,17,25,9,17,4,0,3,1,1.9,1215.0
14602,2026-09-30,,0.0,0.0,0.0,3.0,1.0,13.0,,,,,,,,,,,1,0,0,,0,0,0,,,,,0,0,,,,,,,,,,-1,-1,,0,0,,-1.0,0,-1.0,30000.0,30000.0,30000.0,,1,,,,,,,,,,,,
14603,2026-09-30,,,,,,,,0,0,1461.0,9.7,11.0,11.5,10.7,0.0,8.0,8.0,,,,9.0,0,,,947.9,944.2,945.5,945.9,,,,,,,94.0,32.0,48.0,58.0,-1,-1,-1,,,,,,,,,,,9,,7,26,20,27,7,17,4,0,2,2,1.8,1624.0
14621,2026-09-30,0.0,1.0,,2.0,1.0,0.0,10.0,,,,,,,,,,,1,0,0,,0,0,0,,,,,0,0,,,,,,,,,,-1,-1,,0,0,,-1.0,0,-1.0,20000.0,20000.0,20000.0,,1,,,,,,,,,,,,
14622,2026-09-30,,,,,,,,0,0,1104.0,7.6,9.4,9.3,8.8,0.0,32.0,0.0,,,,7.7,0,,,863.1,860.9,862.4,862.1,,,,,,,95.0,38.0,87.0,73.0,-1,-1,-1,,,,,,,,,,,5,,4,21,8,21,3,12,,0,2,0,0.9,1338.0
14631,2026-09-30,,,,,,,,0,0,1375.0,9.2,9.9,11.2,10.1,12.0,24.0,12.0,,,,5.9,0,,,906.7,904.1,905.3,905.4,,,,,,,85.0,34.0,68.0,62.0,-1,-1,-1,,,,,,,,,,,7,,8,24,15,25,8,16,3,1,1,1,1.1,1356.0
14701,2026-09-30,,,,,,,,0,0,1287.0,9.8,12.1,11.7,11.2,20.0,8.0,20.0,,,,6.6,0,,,,,,,,,,,,,78.0,42.0,73.0,64.0,-1,-1,-1,,,,,,,,,,,7,,10,23,14,24,10,17,7,2,2,2,2.7,1551.0
14802,2026-09-30,,,,,,,,0,0,1328.0,11.1,10.6,10.6,10.8,12.0,12.0,12.0,,,,12.1,0,,,868.6,868.5,868.6,868.6,,,,,,,84.0,61.0,76.0,74.0,-1,-1,-1,,,,0.0,,,,,,,7,,11,15,12,16,10,13,,2,2,2,2.7,1105.0
14812,2026-09-30,,,,,,,,0,0,1710.0,8.5,9.5,8.2,8.7,16.0,16.0,16.0,,,,16.4,0,,,784.2,784.1,784.1,784.1,,,,,,,84.0,71.0,83.0,79.0,-1,-1,-1,,,,,,,,,,,11,,7,11,7,13,7,10,,3,3,4,5.3,2049.0
14822,2026-09-30,,,,,,,,0,0,1465.0,10.5,13.2,12.0,11.9,16.0,16.0,16.0,,,,4.5,0,,,918.0,916.2,917.1,917.1,,,,,,,71.0,48.0,67.0,62.0,-1,-1,-1,,,,,,,,,,,9,,13,23,16,23,12,18,11,1,1,1,1.1,213.0
14825,2026-09-30,,,,,,,,0,0,1470.0,8.9,10.2,9.5,9.5,8.0,24.0,8.0,,,,7.6,0,,,862.7,861.9,862.7,862.4,,,,,,,90.0,52.0,81.0,74.0,-1,-1,-1,,,,0.0,,,,,,,9,,7,17,9,18,6,12,,1,2,1,1.6,1411.0
14833,2026-09-30,,,,,,,,0,0,1453.0,10.0,10.3,10.3,10.2,16.0,12.0,16.0,,,,13.4,0,,,907.8,906.8,907.5,907.4,,,,,,,76.0,44.0,58.0,59.0,-1,-1,-1,,,,,,,,,,,8,,11,20,16,21,11,16,10,1,4,2,3.5,1508.0
14834,2026-09-30,,,,,,,,,,,,,,,,,,,,,,0,,,,,,,,,,,,,,,,,,,,,,,,,,,,,,,,,,,,,,,,,,,
14912,2026-09-30,,,,,,,,0,0,,8.7,10.7,9.9,9.8,20.0,16.0,20.0,,,,8.4,0,,,,,,,,,,,,,79.0,49.0,69.0,66.0,-1,-1,-1,,,,,,,,,,,6,,8,19,12,20,8,14,,1,2,2,2.1,3.0
15001,2026-09-30,0.0,2.0,1.0,1.0,1.0,3.0,17.0,,,,,,,,,,,1,1,1,,0,0,0,,,,,0,0,,,,,,,,,,-1,-1,,0,0,,-1.0,0,-1.0,20000.0,20000.0,20000.0,,0,,,,,,,,,,,,
15002,2026-09-30,,,,,,,,0,0,1473.0,11.1,16.3,12.8,13.4,20.0,12.0,20.0,,,,5.8,0,,,949.5,946.8,948.2,948.2,,,,,,,89.0,49.0,65.0,68.0,-1,-1,-1,,,,,,,,,,,9,,10,26,17,26,10,18,7,1,1,1,1.1,1601.0
15105,2026-09-30,0.0,0.0,0.0,5.0,1.0,1.0,23.0,0,0,1579.0,10.4,12.6,11.8,11.6,24.0,12.0,24.0,1,0,0,4.5,0,0,0,909.5,907.7,908.6,908.6,0,0,,,,,92.0,50.0,73.0,72.0,-1,-1,-1,,0,0,,-1.0,0,-1.0,20000.0,25000.0,15000.0,8,1,9,21,14,22,9,15,7,1,1,1,1.1,1629.0
15210,2026-09-30,,,,,,,,0,0,799.0,12.1,11.6,11.8,11.8,20.0,12.0,0.0,,,,6.0,0,,,891.8,891.4,892.0,891.7,,,,,,,90.0,68.0,79.0,79.0,-1,-1,-1,,,,,,,,,,,1,,11,15,13,16,11,14,11,1,2,0,1.2,1328.0
15300,2026-09-30,,,,,,,,,,,,,,,,,,,,,,,,,,,,,,,,,,,,,,,,,,,,,,,,,,,,,,,,,,,,,,,,,
15321,2026-09-30,2.0,2.0,2.0,1.0,1.0,10.0,40.0,1,0,1674.0,7.4,8.4,9.1,8.3,16.0,16.0,16.0,1,1,1,17.4,0,0,0,778.0,778.2,778.2,778.1,0,0,,,,,73.0,75.0,97.0,82.0,-1,-1,-1,,0,0,,-1.0,0,-1.0,50000.0,45000.0,10.0,8,0,7,9,6,11,6,9,,3,5,5,7.7,114.0
15344,2026-09-30,,,,,,,,0,0,828.0,11.8,11.4,11.7,11.6,4.0,20.0,0.0,,,,5.0,0,,,875.2,874.8,875.4,875.1,,,,,,,91.0,66.0,83.0,80.0,-1,-1,-1,,,,0.0,,,,,,,1,,11,15,12,16,11,14,10,1,1,0,0.7,1421.0
15402,2026-09-30,,,,,,,,0,0,1249.0,7.8,12.0,11.1,10.3,16.0,4.0,16.0,,,,5.8,0,,,917.4,914.4,916.0,915.9,,,,,,,90.0,41.0,79.0,70.0,-1,-1,-1,,,,,,,,,,,6,,5,24,12,24,5,15,1,1,2,1,1.6,1414.0
15411,2026-09-30,,0.0,1.0,0.0,1.0,6.0,23.0,0,0,1931.0,4.7,5.5,6.7,5.6,32.0,4.0,32.0,5,0,0,8.2,0,0,0,706.4,706.7,706.4,706.5,0,0,,,,,57.0,67.0,90.0,71.0,,-1,-1,,0,0,0.0,-1.0,1,-1.0,80000.0,80000.0,1200.0,11,0,4,4,3,6,3,4,,4,1,2,3.5,805.0
15430,2026-09-30,,,,,,,,0,0,1381.0,8.3,8.6,9.2,8.7,8.0,20.0,12.0,,,,16.1,0,,,845.5,845.1,845.7,845.4,,,,,,,69.0,41.0,59.0,56.0,-1,-1,-1,,,,,,,,,,,6,,10,18,14,19,9,14,,1,1,4,3.0,1609.0
15501,2026-09-30,,,,,,,,0,0,1504.0,9.4,10.7,10.6,10.2,12.0,32.0,20.0,,,,11.8,0,,,900.9,899.0,900.3,900.1,,,,,,,94.0,41.0,60.0,65.0,-1,-1,-1,,,,,,,,,,,7,,7,22,16,22,7,14,,1,1,3,2.2,1627.0
15506,2026-09-30,,,,,,,,,,,,,,,,,,,,,,,,,,,,,,,,,,,,,,,,,,,,,,,,,,,,,,,,,,,,,,,,,
15509,2026-09-30,,,,,,,,0,0,,10.0,10.6,10.8,10.5,0.0,16.0,20.0,,,,6.5,0,,,,,,,,,,,,,100.0,43.0,71.0,71.0,-1,-1,-1,,,,,,,,,,,7,,7,21,13,22,6,14,3,0,2,1,1.2,1306.0
15610,2026-09-30,2.0,1.0,1.0,4.0,2.0,4.0,33.0,0,0,1289.0,9.8,9.6,9.2,9.5,12.0,12.0,12.0,0,0,0,12.1,0,0,0,834.2,834.3,834.5,834.3,0,0,,,,,97.0,67.0,86.0,83.0,-1,-1,-1,,,,,-1.0,0,-1.0,5000.0,5000.0,5000.0,7,0,7,12,8,13,7,10,,3,4,3,5.3,1327.0
15640,2026-09-30,,,,,,,,0,0,466.0,8.8,9.5,9.7,9.3,8.0,24.0,16.0,,,,5.7,0,,,,,,,,,,,,,98.0,88.0,93.0,93.0,-1,-1,-1,,,,0.0,,,,,,,0,,5,8,8,8,5,7,,1,2,1,1.6,1437.0
15702,2026-09-30,,,,,,,,0,0,1094.0,12.3,11.8,11.1,11.7,24.0,8.0,20.0,,,,9.8,0,,,906.9,906.3,906.7,906.6,,,,,,,93.0,59.0,79.0,77.0,-1,-1,-1,,,,,,,,,,,4,,11,18,12,18,11,15,,1,2,2,2.1,1653.0
15712,2026-09-30,1.0,1.0,1.0,10.0,10.0,9.0,97.0,0,0,783.0,12.4,11.4,10.4,11.4,0.0,20.0,8.0,0,0,0,4.9,0,0,0,910.2,909.7,909.9,909.9,0,0,,,,,90.0,58.0,64.0,71.0,-1,-1,-1,0,0,0,,-1.0,0,-1.0,15000.0,20000.0,15000.0,0,1,12,17,14,18,12,15,11,0,1,1,0.7,1519.0
15715,2026-09-30,,,,,,,,0,0,780.0,9.6,10.5,10.0,10.0,16.0,16.0,16.0,,,,6.6,0,,,845.8,846.0,846.2,846.0,,,,,,,89.0,76.0,86.0,84.0,-1,-1,-1,,,,,,,,,,,2,,8,12,9,13,8,10,8,1,2,2,2.1,1433.0
15721,2026-09-30,,,,,,,,0,0,685.0,12.4,11.1,11.8,11.8,0.0,28.0,32.0,,,,4.0,0,,,896.3,895.9,896.0,896.1,,,,,,,95.0,58.0,83.0,79.0,-1,-1,-1,,,,,,,,,,,0,,11,17,12,17,11,14,11,0,1,1,0.7,1634.0
15901,2026-09-30,,,,,,,,0,0,1078.0,12.0,10.8,9.8,10.9,0.0,12.0,0.0,,,,5.1,0,,,931.1,930.3,931.1,930.8,,,,,,,86.0,45.0,73.0,68.0,-1,-1,-1,,,,,,,,,,,3,,12,20,11,20,11,16,,0,1,0,0.4,1347.0
15912,2026-09-30,,,,,,,,0,0,977.0,9.8,10.3,9.3,9.8,12.0,12.0,8.0,,,,7.8,0,,,881.8,881.9,882.0,881.9,,,,,,,78.0,57.0,66.0,67.0,-1,-1,-1,,,,0.0,,,,,,,2,,10,16,12,16,10,13,,1,3,2,2.8,1453.0
15920,2026-09-30,,,,,,,,0,0,948.0,12.6,11.5,11.1,11.7,20.0,12.0,24.0,,,,7.8,0,,,933.2,932.3,933.1,932.9,,,,,,,88.0,50.0,80.0,73.0,-1,-1,-1,,,,,,,,,,,2,,12,20,12,21,12,16,,1,2,1,1.6,1457.0
16015,2026-09-30,,,,,,,,0,0,1530.0,11.4,10.1,10.5,10.7,16.0,20.0,28.0,,,,8.8,0,,,927.1,926.7,927.0,926.9,,,,,,,83.0,45.0,78.0,69.0,-1,-1,-1,,,,,,,,,,,8,,12,19,11,21,11,16,,1,3,1,2.2,1333.0
16101,2026-09-30,1.0,1.0,1.0,4.0,5.0,4.0,43.0,0,0,1597.0,10.3,10.0,10.3,10.2,24.0,16.0,8.0,1,0,0,8.9,0,0,0,948.4,947.3,948.0,947.9,0,0,,,,,91.0,38.0,65.0,65.0,-1,-1,-1,,0,0,,-1.0,0,-1.0,20000.0,30000.0,20000.0,9,0,9,22,14,22,7,15,3,1,3,1,2.2,1619.0
16308,2026-09-30,,,,,,,,0,0,1511.0,11.5,11.1,11.4,11.3,16.0,8.0,8.0,,,,6.7,0,,,,,,,,,,,,,79.0,43.0,71.0,64.0,-1,-1,-1,,,,,,,,,,,10,,13,22,14,22,11,17,8,1,2,1,1.6,1446.0
16400,2026-09-30,,,,,,,,0,0,,9.8,9.2,10.7,9.9,12.0,12.0,16.0,,,,8.7,0,,,984.7,983.5,983.4,983.9,,,,,,,89.0,32.0,58.0,60.0,-1,-1,-1,,,,,,,,,,,11,,8,24,16,24,6,15,1,1,3,1,2.2,
16411,2026-09-30,,,,,,,,0,0,1801.0,9.5,10.0,10.0,9.8,28.0,16.0,28.0,,,,7.1,0,,,942.9,942.7,942.6,942.7,,,,,,,71.0,39.0,68.0,59.0,-1,-1,-1,,,,,,,,,,,11,,11,22,13,22,9,15,7,1,2,2,2.1,1256.0
16412,2026-09-30,,,,,,,,,,,,,,,,,,,,,,0,,,,,,,,,,,,,,,,,,,,,,,,,,,,,,,,,,,,,,,,,,,
16413,2026-09-30,,,,,,,,0,0,1608.0,10.5,9.5,11.3,10.4,32.0,12.0,28.0,,,,7.5,0,,,985.9,984.8,984.8,985.2,,,,,,,81.0,32.0,63.0,59.0,-1,-1,-1,,,,,,,,,,,11,,11,24,16,25,8,16,5,1,2,1,1.6,1533.0
16414,2026-09-30,1.0,1.0,,1.0,1.0,,,,,,9.9,9.7,11.5,10.4,,,,1,0,,,0,0,0,984.3,983.3,983.2,983.6,0,0,,,,,86.0,34.0,64.0,61.0,-1,-1,-1,,,,,-1.0,0,-1.0,60000.0,60000.0,,,1,9,23,16,24,8,16,6,,,,,
16421,2026-09-30,,,,,,,,0,0,1643.0,7.3,8.6,8.7,8.2,16.0,16.0,12.0,,,,10.9,0,,,866.0,866.8,866.4,866.4,,,,,,,62.0,54.0,68.0,61.0,-1,-1,-1,,,,,,,,,,,10,,9,14,11,15,8,11,,4,3,4,6.0,1904.0
16501,2026-09-30,,,,,,,,0,0,1523.0,9.0,9.3,11.3,9.9,0.0,16.0,8.0,,,,8.4,0,,,983.1,982.1,982.0,982.4,,,,,,,87.0,33.0,68.0,63.0,-1,-1,-1,,,,,,,,,,,10,,8,23,15,23,5,14,,0,2,1,1.2,1317.0
16511,2026-09-30,,,,0.0,0.0,0.0,0.0,0,0,1636.0,9.2,9.6,9.9,9.6,4.0,16.0,12.0,0,0,0,8.5,0,0,0,965.6,965.2,964.8,965.2,0,0,,,,,59.0,36.0,47.0,47.0,-1,-1,-1,,,,,-1.0,0,-1.0,30000.0,30000.0,18000.0,11,0,14,22,18,23,10,16,8,1,2,1,1.6,1258.0
16601,2026-09-30,,,,,,,,0,0,1556.0,8.8,9.8,11.2,9.9,0.0,16.0,20.0,,,,9.6,0,,,995.6,994.5,994.2,994.8,,,,,,,88.0,33.0,63.0,61.0,-1,-1,-1,,,,,,,,,,,11,,7,24,16,25,5,15,0,0,3,1,1.9,1401.0
16702,2026-09-30,,,,0.0,0.0,0.0,0.0,0,0,1535.0,8.5,10.9,11.4,10.3,28.0,16.0,20.0,1,1,1,10.0,0,0,0,1002.2,1001.0,1000.7,1001.3,0,0,,,,,87.0,34.0,68.0,63.0,-1,-1,-1,0,0,0,,-1.0,0,-1.0,80000.0,80000.0,3000.0,11,1,7,25,15,26,4,15,3,1,3,1,2.2,1307.0
16711,2026-09-30,,,,,,,,0,0,1601.0,8.3,9.7,10.1,9.4,32.0,20.0,20.0,,,,9.3,0,,,979.7,979.2,978.9,979.3,,,,,,,68.0,35.0,46.0,50.0,-1,-1,-1,,,,,,,,,,,11,,10,23,19,24,8,16,7,2,3,2,3.3,1423.0
16800,2026-09-30,,,,,,,,,,,8.2,9.8,11.0,9.7,,16.0,0.0,,,,,0,,,,,,,,,,,,,84.0,32.0,67.0,61.0,-1,-1,-1,,,,,,,,,,,10,,7,25,15,25,3,14,-1,,2,0,,
16906,2026-09-30,,,,,,,,0,0,1486.0,9.8,8.0,10.2,9.3,12.0,32.0,12.0,,,,8.3,0,,,911.9,909.8,911.0,910.9,,,,,,,72.0,27.0,61.0,53.0,-1,-1,-1,,,,,,,,,,,8,,12,24,15,25,10,17,,2,3,2,3.3,1328.0
17002,2026-09-30,,,,,,,,0,0,1475.0,7.3,7.4,8.6,7.8,20.0,20.0,20.0,,,,9.8,0,,,851.0,848.9,849.9,849.9,,,,,,,87.0,30.0,59.0,59.0,-1,-1,-1,,,,,,,,,,,8,,4,21,13,21,4,13,2,1,1,1,1.1,1538.0
17003,2026-09-30,,,,,,,,,,,,,,,,,,,,,,0,,,,,,,,,,,,,,,,,,,,,,,,,,,,,,,,,,,,,,,,,,,
17005,2026-09-30,,,,,,,,0,0,1639.0,4.9,6.5,7.7,6.4,8.0,28.0,12.0,,,,7.1,0,,,778.6,778.4,778.7,778.6,,,,,,,44.0,38.0,66.0,49.0,-1,-1,-1,,,,,,,,,,,9,,9,15,9,16,8,12,,1,2,1,1.6,1400.0
17102,2026-09-30,,,,,,,,0,0,1633.0,9.3,11.6,11.1,10.7,12.0,12.0,16.0,,,,15.0,0,,,875.9,874.0,874.7,874.9,,,,,,,85.0,58.0,68.0,70.0,-1,-1,-1,,,,,,,,,,,9,,8,18,14,18,8,13,6,1,4,4,4.9,1538.0
17301,2026-09-30,,,,,,,,0,0,1252.0,6.8,8.7,8.1,7.9,16.0,4.0,16.0,,,,8.2,0,,,814.4,813.4,814.5,814.1,,,,,,,66.0,48.0,75.0,63.0,-1,-1,-1,,,,0.0,,,,,,,6,,7,16,8,17,6,12,,1,2,1,1.6,1306.0
17315,2026-09-30,,2.0,,0.0,4.0,,,0,0,1740.0,,,,,24.0,12.0,24.0,0,0,,5.2,0,0,0,730.2,730.1,730.1,730.1,0,0,,,,,,,,,-1,-1,-1,,,,0.0,-1.0,0,-1.0,53000.0,45000.0,,9,0,,,,,,,,2,1,1,1.6,1531.0
17320,2026-09-30,,,,,,,,0,0,1948.0,3.2,5.4,5.5,4.7,24.0,16.0,16.0,,,,3.9,0,,,680.0,680.1,679.9,680.0,,,,,,,39.0,46.0,70.0,52.0,,,,,,,,,,,,,,11,,4,9,3,10,3,6,,1,1,1,1.1,1637.0
17701,2026-09-30,,,,,,,,0,0,891.0,11.7,11.6,11.5,11.6,0.0,8.0,0.0,,,,7.5,0,,,872.0,871.6,872.3,872.0,,,,,,,95.0,73.0,89.0,86.0,-1,-1,-1,,,,0.0,,,,,,,3,,10,14,11,15,10,12,10,0,3,0,1.5,1306.0
17901,2026-09-30,2.0,1.0,1.0,10.0,9.0,9.0,93.0,0,0,757.0,14.5,13.2,13.0,13.6,0.0,12.0,12.0,1,0,0,8.1,0,0,0,949.5,948.8,948.8,949.0,0,0,,,,,93.0,63.0,71.0,76.0,-1,-1,-1,,,,0.0,-1.0,0,-1.0,15000.0,18000.0,18000.0,0,1,14,18,16,19,13,16,13,0,2,1,1.2,1550.0
18001,2026-09-30,,,,,,,,0,0,523.0,12.7,12.1,12.0,12.3,0.0,20.0,4.0,,,,4.3,0,,,904.9,904.5,904.8,904.7,,,,,,,93.0,71.0,79.0,81.0,-1,-1,-1,,,,,,,,,,,0,,12,15,13,15,12,13,12,0,2,1,1.2,1214.0
18111,2026-09-30,,,,,,,,0,0,,12.2,11.3,12.3,11.9,0.0,12.0,28.0,,,,3.9,0,,,891.2,891.3,891.2,891.2,,,,,,,95.0,71.0,87.0,84.0,-1,-1,-1,,,,,,,,,,,,,11,14,12,14,10,12,10,0,1,1,0.7,945.0
18122,2026-09-30,,,,,,,,0,0,604.0,14.0,11.0,13.4,12.8,0.0,12.0,24.0,,,,3.4,0,,,947.3,946.9,946.9,947.0,,,,,,,94.0,55.0,80.0,76.0,,-1,-1,,,,,,,,,,,0,,13,18,15,18,13,15,12,0,1,1,0.7,1216.0
18210,2026-09-30,1.0,1.0,1.0,10.0,10.0,10.0,100.0,0,0,708.0,13.4,12.8,13.7,13.3,32.0,20.0,32.0,1,0,0,2.7,0,0,0,,,,,0,0,,,,,90.0,65.0,82.0,79.0,-1,-1,-1,,,,,-1.0,0,-1.0,60000.0,60000.0,60000.0,0,1,13,17,15,18,13,15,11,1,1,1,1.1,1125.0
18225,2026-09-30,,,,,,,,0,0,637.0,14.5,13.5,15.1,14.4,16.0,12.0,0.0,,,,2.4,0,,,964.1,963.4,963.3,963.6,,,,,,,97.0,62.0,87.0,82.0,-1,-1,-1,,,,,,,,,,,0,,13,19,15,19,12,16,11,1,1,0,0.7,1441.0
18231,2026-09-30,,,,,,,,0,0,653.0,13.5,12.6,13.1,13.1,0.0,28.0,4.0,,,,2.6,0,,,941.3,941.0,941.0,941.1,,,,,,,93.0,60.0,80.0,78.0,-1,-1,-1,,,,,,,,,,,0,,13,18,14,18,12,15,12,0,1,1,0.7,1609.0
18402,2026-09-30,,,,,,,,0,0,890.0,9.8,9.7,9.1,9.5,16.0,16.0,32.0,,,,6.2,0,,,866.6,866.9,867.0,866.8,,,,,,,87.0,67.0,88.0,81.0,-1,-1,-1,,,,,,,,,,,1,,9,13,7,13,7,10,8,1,2,1,1.6,1233.0
18502,2026-09-30,,,,,,,,0,0,1179.0,13.0,11.0,12.0,12.0,24.0,16.0,20.0,,,,4.7,0,,,944.8,944.1,944.5,944.5,,,,,,,95.0,47.0,90.0,77.0,-1,-1,-1,,,,,,,,,,,4,,12,20,11,20,11,16,9,1,1,1,1.1,1300.0
18601,2026-09-30,,,,,,,,0,0,1266.0,13.6,9.9,12.2,11.9,0.0,12.0,28.0,,,,6.5,0,,,952.7,952.0,952.4,952.4,,,,,,,94.0,40.0,80.0,71.0,-1,-1,-1,,,,,,,,,,,5,,13,21,13,21,12,17,10,0,3,2,2.4,1257.0
18622,2026-09-30,,,,,,,,0,0,1051.0,13.4,12.4,13.5,13.1,20.0,16.0,32.0,,,,3.9,0,,,973.0,972.0,972.0,972.3,,,,,,,96.0,49.0,82.0,76.0,-1,-1,-1,,,,,,,,,,,3,,12,21,15,22,10,16,8,1,1,1,1.1,1546.0
18705,2026-09-30,,,,,,,,0,0,1487.0,11.9,9.9,11.8,11.2,0.0,16.0,32.0,,,,6.2,0,,,979.9,978.2,978.9,979.0,,,,,,,87.0,34.0,77.0,66.0,-1,-1,-1,,,,,,,,,,,10,,12,24,13,25,8,16,7,0,2,1,1.2,1255.0
18805,2026-09-30,,,,,,,,0,0,1779.0,9.9,10.7,8.6,9.7,8.0,16.0,4.0,,,,6.5,0,,,906.3,906.2,906.4,906.3,,,,,,,71.0,49.0,63.0,61.0,-1,-1,-1,,,,0.0,,,,,,,10,,12,19,12,19,10,15,9,1,2,1,1.6,1427.0
18906,2026-09-30,,,,,,,,0,0,1668.0,10.4,10.3,11.3,10.7,0.0,12.0,24.0,,,,5.7,0,,,985.9,984.5,984.7,985.0,,,,,,,91.0,36.0,73.0,67.0,-1,-1,-1,,,,,,,,,,,11,,9,23,14,24,7,16,4,0,2,1,1.2,1439.0
19021,2026-09-30,,,,,,,,0,0,1603.0,10.3,10.1,11.9,10.8,0.0,12.0,20.0,,,,7.8,0,,,996.2,994.6,994.5,995.1,,,,,,,94.0,34.0,74.0,67.0,-1,-1,-1,,,,,,,,,,,11,,8,24,14,24,6,15,3,0,3,1,1.9,1409.0
19204,2026-09-30,,,,,,,,0,0,1588.0,8.5,9.9,11.2,9.9,32.0,16.0,28.0,,,,8.3,0,,,995.7,994.6,994.3,994.9,,,,,,,87.0,33.0,68.0,63.0,-1,-1,-1,,,,,,,,,,,10,,7,24,15,24,5,15,,1,2,1,1.6,1401.0
19205,2026-09-30,,,,0.0,0.0,0.0,0.0,0,0,1577.0,9.7,10.3,11.4,10.5,0.0,16.0,0.0,0,0,0,8.4,0,0,0,989.5,988.6,988.2,988.8,0,0,,,,,85.0,36.0,61.0,61.0,-1,-1,-1,,,,,-1.0,0,-1.0,10000.0,50000.0,40000.0,10,1,9,23,16,24,6,15,4,0,3,0,1.5,1432.0
19505,2026-09-30,,,,,,,,0,0,729.0,12.3,11.9,11.7,12.0,0.0,8.0,12.0,,,,6.6,0,,,903.6,903.2,903.6,903.5,,,,,,,87.0,65.0,76.0,76.0,-1,-1,-1,,,,0.0,,,,,,,0,,12,16,13,16,12,14,12,0,2,1,1.2,1418.0
19700,2026-09-30,,,,,,,,0,0,,14.2,12.8,14.2,13.7,0.0,8.0,32.0,,,,3.3,0,,,954.1,953.6,953.5,953.7,,,,,,,93.0,62.0,85.0,80.0,-1,-1,-1,,,,0.0,,,,,,,0,,13,18,15,18,13,16,12,0,1,1,0.7,1042.0
19711,2026-09-30,,,,,,,,0,0,729.0,12.8,11.4,11.7,12.0,8.0,8.0,24.0,,,,5.4,0,,,,,,,,,,,,,94.0,66.0,78.0,79.0,-1,-1,-1,,,,,,,,,,,0,,12,15,13,15,11,13,,1,2,1,1.6,1259.0
19720,2026-09-30,1.0,1.0,,8.0,8.0,,,0,0,690.0,13.9,12.0,13.4,13.1,16.0,4.0,28.0,0,0,,4.6,0,0,0,944.8,944.4,944.3,944.5,0,0,,,,,94.0,61.0,85.0,80.0,-1,-1,-1,,,,,-1.0,0,-1.0,20000.0,20000.0,,0,0,13,17,14,18,13,15,12,1,1,1,1.1,1225.0
19821,2026-09-30,,,,,,,,0,0,,12.5,13.0,13.0,12.8,28.0,24.0,4.0,,,,4.1,0,,,917.7,917.5,917.5,917.6,,,,,,,88.0,69.0,85.0,81.0,-1,-1,-1,,,,,,,,,,,,,12,17,13,17,12,14,11,1,2,1,1.6,1237.0
19911,2026-09-30,,,,,,,,0,0,740.0,13.5,13.1,14.7,13.8,0.0,16.0,0.0,,,,3.2,0,,,961.9,961.1,961.0,961.3,,,,,,,96.0,59.0,94.0,83.0,-1,-1,-1,,,,,,,,,,,0,,12,19,14,20,11,15,9,0,1,0,0.4,1116.0
20002,2026-09-30,,,,,,,,0,0,878.0,12.2,12.0,11.8,12.0,0.0,8.0,0.0,,,,4.4,0,,,922.1,922.0,921.9,922.0,,,,,,,91.0,63.0,89.0,81.0,-1,-1,-1,,,,,,,,,,,1,,11,17,11,17,9,13,6,0,2,0,0.9,1319.0
20011,2026-09-30,,,,,,,,0,0,843.0,13.3,12.2,12.8,12.8,28.0,16.0,28.0,,,,4.3,0,,,,,,,,,,,,,92.0,56.0,78.0,75.0,-1,-1,-1,,,,,,,,,,,0,,13,19,14,19,12,16,8,1,2,1,1.6,1128.0
20020,2026-09-30,,,,,,,,,,,,,,,,,,,,,,0,,,,,,,,,,,,,,,,,,,,,,,,,,,,,,,,,,,,,,,,,,,
20021,2026-09-30,,,,,,,,0,0,971.0,8.6,9.4,7.4,8.5,20.0,20.0,20.0,,,,10.3,0,,,794.1,794.6,794.5,794.4,,,,,,,97.0,89.0,79.0,88.0,-1,-1,-1,,,,0.0,,,,,,,1,,5,8,6,8,5,7,,3,2,1,2.8,59.0
20101,2026-09-30,2.0,2.0,,7.0,6.0,,,0,0,1120.0,8.7,9.7,8.7,9.0,8.0,8.0,8.0,0,0,,6.3,0,0,0,856.8,857.3,857.0,857.0,0,0,,,,,77.0,65.0,74.0,72.0,-1,-1,-1,,,,0.0,-1.0,0,-1.0,80000.0,80000.0,,2,0,9,13,9,14,8,11,4,2,1,2,2.1,2124.0
20105,2026-09-30,,,,,,,,0,0,936.0,10.9,11.6,11.4,11.3,4.0,24.0,4.0,,,,7.0,0,,,924.7,924.5,924.5,924.6,,,,,,,81.0,62.0,78.0,74.0,-1,-1,-1,,,,,,,,,,,1,,11,17,13,17,11,14,10,2,2,2,2.7,2034.0
20123,2026-09-30,1.0,1.0,1.0,9.0,7.0,5.0,70.0,0,0,1010.0,13.4,11.7,14.4,13.2,8.0,12.0,4.0,1,1,1,3.8,0,0,0,969.3,968.6,968.4,968.8,0,0,,,,,91.0,49.0,82.0,74.0,-1,-1,-1,,,,,-1.0,0,-1.0,15000.0,20000.0,20000.0,2,0,13,20,16,21,11,16,10,1,2,1,1.6,1217.0
20202,2026-09-30,,,,,,,,0,0,1040.0,11.8,12.8,11.1,11.9,0.0,24.0,12.0,,,,5.4,0,,,973.4,972.4,972.4,972.7,,,,,,,90.0,54.0,71.0,72.0,-1,-1,-1,,,,,,,,,,,3,,11,20,14,23,8,15,6,0,1,1,0.7,1752.0
20209,2026-09-30,,,,,,,,0,0,1038.0,11.8,10.6,13.1,11.8,8.0,0.0,20.0,,,,3.6,0,,,,,,,,,,,,,82.0,43.0,72.0,66.0,-1,-1,-1,,,,,,,,,,,3,,12,21,16,22,11,17,8,1,0,1,0.7,1602.0
20212,2026-09-30,1.0,1.0,1.0,9.0,8.0,1.0,60.0,0,0,1045.0,12.5,11.8,13.3,12.5,0.0,16.0,32.0,1,0,0,3.5,0,0,0,974.4,973.4,973.3,973.7,0,0,,,,,90.0,48.0,81.0,73.0,-1,-1,-1,,,,0.0,-1.0,0,-1.0,20000.0,45000.0,45000.0,3,1,12,21,14,22,10,16,7,0,1,1,0.7,1603.0
20220,2026-09-30,,,,,,,,0,0,1072.0,14.1,12.0,13.3,13.1,8.0,12.0,0.0,,,,3.2,0,,,974.1,973.2,973.1,973.5,,,,,,,94.0,50.0,88.0,77.0,-1,-1,-1,,,,,,,,,,,3,,13,21,13,22,11,16,10,1,1,0,0.7,1426.0
20270,2026-09-30,,,,,,,,0,0,1048.0,12.8,11.3,12.1,12.1,12.0,12.0,32.0,,,,3.8,0,,,963.4,962.9,962.9,963.1,,,,,,,86.0,44.0,76.0,69.0,-1,-1,-1,,,,,,,,,,,2,,13,22,14,22,11,16,10,1,1,1,1.1,1240.0
20411,2026-09-30,,,,,,,,0,0,1522.0,12.0,11.5,12.1,11.9,0.0,20.0,4.0,,,,4.2,0,,,972.7,971.4,971.8,972.0,,,,,,,91.0,42.0,81.0,71.0,-1,-1,-1,,,,,,,,,,,8,,11,23,13,23,8,15,5,0,1,1,0.7,1351.0
20412,2026-09-30,,,,,,,,0,0,1510.0,11.0,11.1,10.9,11.0,0.0,24.0,12.0,,,,6.2,0,,,966.2,964.5,965.1,965.3,,,,,,,86.0,41.0,75.0,67.0,-1,-1,-1,,,,,,,,,,,10,,11,23,13,23,8,15,5,0,1,1,0.7,1457.0
20903,2026-09-30,,,,,,,,0,0,1598.0,9.3,10.1,10.9,10.1,24.0,12.0,8.0,,,,8.2,0,,,1003.2,1001.9,1001.5,1002.2,,,,,,,90.0,31.0,61.0,61.0,-1,-1,-1,,,,,,,,,,,11,,7,26,16,26,5,15,,2,2,1,2.1,1255.0
21101,2026-09-30,,,,,,,,0,0,811.0,7.8,8.7,9.2,8.6,16.0,20.0,20.0,,,,9.2,0,,,902.5,902.9,902.5,902.6,,,,,,,53.0,51.0,75.0,60.0,-1,-1,-1,,,,,,,,,,,1,,13,15,10,15,10,13,9,3,2,2,3.3,814.0
21300,2026-09-30,2.0,2.0,,4.0,4.0,0.0,27.0,0,0,1529.0,11.6,12.7,11.7,12.0,0.0,24.0,12.0,1,0,0,8.1,0,0,0,955.1,954.1,954.7,954.6,0,0,,,,,93.0,54.0,81.0,76.0,-1,-1,-1,,,,,-1.0,0,-1.0,15000.0,30000.0,40000.0,8,1,10,20,13,21,7,14,5,0,2,1,1.2,1301.0
1,2026-10-01,0.0,,,4.0,0.0,0.0,13.0,0,0,1535.0,8.9,9.2,7.6,8.6,0.0,12.0,28.0,1,0,0,6.5,0,0,0,938.4,937.4,938.7,938.2,0,0,,,,,91.0,41.0,54.0,62.0,-1,-1,-1,,,,,-1.0,0,-1.0,3000.0,7000.0,6000.0,11,0,7,19,12,20,5,13,1,0,2,2,1.8,1158.0
2,2026-10-01,,2.0,1.0,0.0,3.0,4.0,23.0,0,0,1497.0,8.3,10.8,11.0,10.0,20.0,4.0,8.0,1,0,0,8.5,0,0,1,951.3,948.8,950.9,950.3,0,0,,,,,96.0,38.0,71.0,68.0,-1,-1,-1,,0,0,,-1.0,0,-1.0,600.0,50000.0,40000.0,9,1,5,23,14,24,3,13,2,1,3,1,2.2,1612.0
3,2026-10-01,99.0,99.0,99.0,1.0,8.0,8.0,57.0,0,0,1503.0,9.3,8.0,7.5,8.3,12.0,12.0,12.0,0,0,0,10.0,0,0,0,954.4,954.8,955.8,955.0,0,0,,,,,65.0,30.0,41.0,45.0,-1,-1,-1,,0,0,,-1.0,0,-1.0,25000.0,40000.0,25000.0,11,1,12,22,16,23,11,17,7,3,3,3,4.6,1019.0
4,2026-10-01,,,,,,,,0,0,1475.0,10.8,10.8,9.6,10.4,8.0,4.0,8.0,,,,7.9,0,,,992.5,992.1,993.3,992.6,,,,,,,67.0,31.0,40.0,46.0,-1,-1,-1,,,,,,,,,,,10,,14,27,21,27,12,19,8,2,2,2,2.7,1230.0
5,2026-10-01,,,,,,,,0,0,,9.5,9.8,11.2,10.2,8.0,16.0,4.0,,,,9.5,0,,,939.1,938.1,939.8,939.0,,,,,,,69.0,36.0,66.0,57.0,-1,-1,-1,,,,,,,,,,,9,,12,23,15,24,11,18,,3,2,1,2.8,139.0
6,2026-10-01,,,,,,,,0,0,1546.0,9.6,12.8,10.5,11.0,24.0,16.0,0.0,,,,5.8,0,,,922.7,922.1,923.2,922.7,,,,,,,98.0,64.0,89.0,84.0,-1,-1,-1,,,,,,,,,,,10,,7,18,9,18,5,12,2,1,2,0,1.2,1045.0
7,2026-10-01,,,,,,,,0,0,1479.0,8.7,9.7,10.9,9.8,12.0,32.0,16.0,,,,4.5,0,,,901.8,900.8,902.3,901.6,,,,,,,92.0,43.0,72.0,69.0,-1,-1,-1,,,,,,,,,,,7,,6,20,13,20,6,13,,1,1,2,1.6,1824.0
8,2026-10-01,,,,,,,,0,0,1594.0,9.1,7.6,9.1,8.6,32.0,12.0,28.0,,,,9.0,0,,,996.0,995.4,996.3,995.9,,,,,,,88.0,28.0,63.0,60.0,-1,-1,-1,,,,,,,,,,,10,,7,22,12,23,7,15,,1,2,1,1.6,1234.0
9,2026-10-01,,,,,,,,0,0,1435.0,10.0,11.2,12.6,11.3,8.0,16.0,8.0,,,,3.9,0,,,962.5,961.0,962.7,962.1,,,,,,,90.0,39.0,79.0,69.0,-1,-1,-1,,,,,,,,,,,8,,9,23,14,24,8,16,,1,1,1,1.1,816.0
10,2026-10-01,0.0,,1.0,5.0,0.0,2.0,23.0,0,0,1474.0,8.9,8.9,11.0,9.6,32.0,8.0,28.0,1,0,0,7.1,0,0,0,933.8,932.3,934.2,933.4,0,0,,,,,87.0,32.0,67.0,62.0,-1,-1,-1,,0,0,,-1.0,0,-1.0,5000.0,20000.0,5000.0,10,1,7,23,15,23,6,15,,1,2,1,1.6,1109.0
11,2026-10-01,,,,,,,,0,0,1600.0,10.2,8.3,8.3,8.9,24.0,12.0,32.0,,,,8.7,0,,,1003.5,1002.6,1003.4,1003.2,,,,,,,90.0,29.0,53.0,57.0,-1,-1,-1,,,,,,,,,,,11,,9,23,14,24,7,16,,2,2,1,2.1,1354.0
13,2026-10-01,,,,,,,,0,0,1712.0,8.2,6.6,6.5,7.1,24.0,16.0,16.0,,,,9.3,0,,,954.3,954.3,955.1,954.6,,,,,,,51.0,27.0,37.0,38.0,-1,-1,-1,,,,,,,,,,,11,,14,21,16,21,13,17,,1,2,1,1.6,1132.0
14,2026-10-01,,,,,,,,0,0,1476.0,10.1,11.0,13.3,11.5,12.0,16.0,12.0,,,,4.1,0,,,962.6,959.5,961.5,961.2,,,,,,,92.0,37.0,69.0,66.0,-1,-1,-1,,,,,,,,,,,9,,8,24,17,25,8,17,8,1,1,1,1.1,1932.0
15,2026-10-01,,,,,,,,0,0,827.0,14.0,15.6,16.9,15.5,20.0,28.0,4.0,,,,6.1,0,,,971.3,972.5,974.0,972.6,,,,,,,84.0,56.0,77.0,72.0,2,-1,-1,,,,,,,,,,,1,,15,23,19,23,14,19,10,1,1,1,1.1,2354.0
16,2026-10-01,,,,,,,,0,0,1299.0,9.5,10.8,11.3,10.5,8.0,16.0,12.0,,,,8.4,0,,,868.9,868.1,869.5,868.8,,,,,,,81.0,53.0,73.0,69.0,-1,-1,-1,,,,0.0,,,,,,,8,,9,18,14,19,9,14,,1,1,1,1.1,1012.0
17,2026-10-01,,,,,,,,0,0,1431.0,8.8,7.9,8.0,8.2,24.0,8.0,4.0,,,,8.8,0,,,,,,,,,,,,,93.0,30.0,48.0,57.0,-1,-1,-1,,,,,,,,,,,10,,6,22,15,23,5,14,,1,2,1,1.6,1236.0
18,2026-10-01,,,,,,,,0,0,1570.0,10.4,7.9,8.0,8.8,8.0,16.0,12.0,,,,11.6,0,,,1008.0,1007.0,1007.9,1007.6,,,,,,,75.0,25.0,39.0,46.0,-1,-1,-1,,,,,,,,,,,11,,12,25,18,25,10,17,9,2,3,2,3.3,1158.0
19,2026-10-01,,,,,,,,0,0,,12.7,12.0,12.4,12.4,4.0,16.0,32.0,,,,3.8,0,,,955.1,953.0,954.8,954.3,,,,,,,98.0,47.0,81.0,75.0,-1,-1,-1,,,,0.0,,,,,,,8,,11,22,13,22,10,16,8,1,1,1,1.1,1406.0
20,2026-10-01,,,,,,,,0,0,1230.0,10.8,12.7,13.4,12.3,12.0,28.0,4.0,,,,6.4,0,,,912.5,912.5,914.4,913.1,,,,,,,78.0,44.0,67.0,63.0,10,-1,-1,,,,,,,,,,,6,,12,24,18,24,11,18,9,1,2,1,1.6,550.0
21,2026-10-01,,,,0.0,0.0,0.0,0.0,0,0,1491.0,8.8,12.0,10.4,10.4,12.0,24.0,8.0,1,0,0,7.9,0,0,0,955.8,954.2,955.9,955.3,0,0,,,,,96.0,52.0,78.0,75.0,-1,-1,-1,,,,,-1.0,0,-1.0,15000.0,40000.0,40000.0,9,1,6,20,11,21,5,13,3,1,2,1,1.6,1046.0
22,2026-10-01,,,,,,,,0,0,1519.0,10.5,7.5,8.5,8.8,8.0,12.0,4.0,,,,13.5,0,,,1005.6,1004.6,1005.7,1005.3,,,,,,,77.0,25.0,48.0,50.0,-1,-1,-1,0,0,0,,,,,,,,11,,12,24,16,25,10,17,8,2,4,1,3.5,1053.0
23,2026-10-01,,,,,,,,0,0,1571.0,10.0,11.6,11.7,11.1,32.0,8.0,8.0,,,,6.2,0,,,985.9,986.0,986.8,986.2,,,,,,,69.0,36.0,48.0,51.0,-1,-1,-1,,,,,,,,,,,10,,13,25,21,26,12,19,8,1,2,1,1.6,1002.0
24,2026-10-01,2.0,2.0,2.0,9.0,10.0,10.0,97.0,0,0,832.0,12.3,15.4,15.7,14.5,8.0,32.0,28.0,0,0,1,6.8,0,0,0,971.5,972.3,973.8,972.5,0,0,,,,,73.0,52.0,67.0,64.0,2,-1,-1,,,,,-1.0,0,-1.0,20000.0,25000.0,20000.0,1,0,15,24,20,24,14,19,12,1,2,1,1.6,1427.0
25,2026-10-01,,,,,,,,0,0,1604.0,9.0,7.5,6.2,7.6,28.0,16.0,20.0,,,,9.3,0,,,909.7,909.7,910.8,910.1,,,,,,,68.0,37.0,46.0,50.0,-1,-1,-1,,,,,,,,,,,10,,11,18,12,18,9,14,4,1,2,1,1.6,947.0
26,2026-10-01,,,,,,,,0,0,1554.0,7.8,9.3,11.3,9.5,12.0,16.0,16.0,,,,5.7,0,,,960.7,960.9,961.9,961.2,,,,,,,93.0,31.0,75.0,66.0,-1,-1,-1,,,,,,,,,,,9,,4,24,13,25,4,15,,1,2,1,1.6,1349.0
27,2026-10-01,,,,,,,,0,0,,10.3,10.4,11.6,10.8,12.0,12.0,32.0,,,,5.1,0,,,,,,,,,,,,,69.0,35.0,51.0,52.0,-1,-1,-1,,,,,,,,,,,9,,13,24,20,25,11,18,4,2,2,1,2.1,1239.0
28,2026-10-01,,,,,,,,0,0,1057.0,8.5,10.3,11.7,10.2,20.0,20.0,24.0,,,,11.3,0,,,851.1,850.7,852.3,851.4,,,,,,,87.0,54.0,78.0,73.0,4,-1,-1,,,,,,,,,,,4,,7,17,13,18,5,12,3,1,3,3,3.4,1611.0
30,2026-10-01,,0.0,,0.0,5.0,,,,,,10.5,6.3,9.2,8.7,,,,1,0,,,0,0,0,984.6,984.2,985.1,984.6,0,0,,,,,90.0,23.0,56.0,56.0,-1,-1,-1,,,,,-1.0,0,-1.0,50000.0,35000.0,,,1,9,23,14,23,9,16,6,,,,,
31,2026-10-01,,,,,,,,0,0,1510.0,10.1,6.9,7.6,8.2,12.0,12.0,12.0,,,,13.0,0,,,1009.1,1008.5,1009.1,1008.9,,,,,,,63.0,23.0,36.0,41.0,-1,-1,-1,,,,,,,,,,,11,,14,24,18,24,12,18,7,2,4,2,4.0,1151.0
32,2026-10-01,,,,,,,,0,0,1533.0,9.4,6.6,7.1,7.7,20.0,12.0,12.0,,,,12.9,0,,,1001.8,1000.9,1002.0,1001.6,,,,,,,56.0,22.0,32.0,37.0,-1,-1,-1,,,,,,,,,,,11,,15,24,19,25,12,18,6,1,4,2,3.5,1102.0
36,2026-10-01,,,,,,,,0,0,1632.0,8.8,6.7,5.9,7.1,16.0,12.0,16.0,,,,15.0,0,,,919.2,919.3,920.2,919.6,,,,,,,54.0,30.0,36.0,40.0,-1,-1,-1,,,,,,,,,,,11,,14,19,14,20,12,16,,3,4,3,5.3,1104.0
37,2026-10-01,,,,,,,,0,0,1558.0,9.6,7.3,7.4,8.1,12.0,12.0,12.0,,,,13.4,0,,,996.5,995.8,996.8,996.4,,,,,,,56.0,25.0,33.0,38.0,-1,-1,-1,,,,,,,,,,,11,,15,24,19,24,14,19,11,2,4,3,4.7,1452.0
38,2026-10-01,0.0,1.0,,2.0,6.0,,,0,0,1297.0,10.5,12.5,13.1,12.0,4.0,16.0,4.0,1,0,,6.6,0,,,936.0,934.0,935.8,935.3,,,,,,,90.0,40.0,52.0,61.0,8,-1,-1,,0,,,-1.0,0,-1.0,20000.0,20000.0,,7,,9,25,21,26,9,17,,1,1,1,1.1,1547.0
39,2026-10-01,0.0,0.0,0.0,4.0,7.0,10.0,70.0,0,0,1411.0,,11.7,14.9,,24.0,8.0,28.0,1,0,0,11.3,0,0,0,953.7,952.0,953.7,953.1,0,0,,,,,,36.0,65.0,,-1,-1,-1,1,0,0,,-1.0,0,-1.0,7000.0,11000.0,4000.0,9,1,,26,20,,,,,2,2,1,2.1,10.0
40,2026-10-01,,,,,,,,0,0,1519.0,8.6,10.4,10.8,9.9,12.0,32.0,16.0,,,,5.7,0,,,946.2,944.1,946.0,945.4,,,,,,,95.0,37.0,65.0,66.0,-1,-1,-1,,,,,,,,,,,9,,6,23,15,23,5,14,3,1,2,1,1.6,1451.0
42,2026-10-01,,,,,,,,0,0,1357.0,11.5,14.3,14.7,13.5,24.0,8.0,4.0,,,,9.1,0,,,962.5,960.9,962.7,962.0,,,,,,,96.0,47.0,57.0,67.0,-1,-1,-1,,,,,,,,,,,9,,10,24,22,25,10,17,,1,1,3,2.2,2149.0
43,2026-10-01,,,,,,,,0,0,1275.0,8.9,10.4,10.3,9.9,8.0,16.0,0.0,,,,5.8,0,,,875.8,874.9,876.7,875.8,,,,,,,78.0,56.0,82.0,72.0,-1,-1,-1,,,,0.0,,,,,,,6,,9,16,10,17,9,13,9,2,2,0,1.8,1325.0
44,2026-10-01,,,,,,,,0,0,1476.0,7.7,10.8,10.3,9.6,8.0,8.0,24.0,,,,10.5,0,,,941.8,939.8,941.8,941.1,,,,,,,94.0,45.0,74.0,71.0,-1,-1,-1,,,,,,,,,,,10,,4,21,12,21,3,12,2,1,4,1,3.0,1148.0
46,2026-10-01,2.0,1.0,1.0,3.0,2.0,2.0,23.0,0,0,1528.0,10.4,7.5,8.4,8.8,28.0,8.0,32.0,0,0,0,8.6,0,0,0,1000.8,1000.0,1001.4,1000.7,0,0,,,,,76.0,23.0,43.0,47.0,-1,-1,-1,,0,0,,-1.0,0,-1.0,20000.0,25000.0,20000.0,10,1,12,26,17,26,8,17,4,1,2,1,1.6,1154.0
47,2026-10-01,,,,,,,,0,0,1435.0,9.8,11.4,13.0,11.4,24.0,12.0,24.0,,,,3.4,0,,,910.4,909.6,911.0,910.3,,,,,,,91.0,49.0,81.0,74.0,-1,-1,-1,,,,,,,,,,,8,,8,20,14,21,8,15,7,1,1,1,1.1,1225.0
48,2026-10-01,1.0,0.0,0.0,4.0,3.0,4.0,37.0,0,0,1583.0,10.2,11.5,12.6,11.4,28.0,16.0,4.0,1,0,0,5.6,0,0,1,975.4,973.7,974.5,974.5,0,0,,,,,96.0,47.0,75.0,73.0,-1,-1,-1,,0,,0.0,-1.0,0,-1.0,400.0,40000.0,45000.0,10,1,8,21,15,22,7,14,4,1,2,1,1.5,1400.0
49,2026-10-01,,,,,,,,0,0,,9.1,8.1,8.0,8.4,0.0,16.0,0.0,,,,7.1,0,,,,,,,,,,,,,93.0,27.0,52.0,57.0,-1,-1,-1,,,,,,,,,,,10,,7,24,13,25,4,14,0,0,2,0,0.9,1149.0
50,2026-10-01,,,,,,,,0,0,1075.0,11.1,12.7,13.4,12.4,16.0,8.0,16.0,,,,7.3,0,,,932.3,930.1,932.0,931.5,,,,,,,78.0,39.0,57.0,58.0,9,-1,-1,,,,,,,,,,,6,,12,26,20,26,12,19,10,2,1,1,1.6,148.0
51,2026-10-01,,,,,,,,0,0,1562.0,9.5,7.0,6.9,7.8,4.0,12.0,12.0,,,,16.2,0,,,1004.6,1004.1,1004.8,1004.5,,,,,,,49.0,23.0,28.0,33.0,-1,-1,-1,,,,,,,,,,,11,,17,24,21,25,15,20,12,2,5,5,7.1,1857.0
52,2026-10-01,,,,,,,,0,0,1508.0,9.8,6.7,6.9,7.8,24.0,12.0,8.0,,,,8.9,0,,,1000.7,1000.1,1001.5,1000.8,,,,,,,76.0,21.0,30.0,42.0,-1,-1,-1,,,,,,,,,,,9,,11,25,20,25,8,17,5,1,3,1,2.2,1046.0
53,2026-10-01,,,,,,,,0,0,1605.0,10.2,6.3,7.3,7.9,4.0,12.0,16.0,,,,6.9,0,,,965.8,965.8,966.7,966.1,,,,,,,63.0,26.0,37.0,42.0,-1,-1,-1,,,,,,,,,,,11,,14,21,17,21,12,17,9,1,2,1,1.6,1227.0
54,2026-10-01,,,,,,,,0,0,1597.0,10.7,7.6,10.0,9.4,28.0,12.0,20.0,,,,5.5,0,,,996.5,995.6,996.6,996.2,,,,,,,92.0,28.0,70.0,63.0,-1,-1,-1,,,,,,,,,,,11,,9,23,12,23,7,15,4,1,2,1,1.6,1511.0
55,2026-10-01,,,,,,,,0,0,1446.0,12.9,11.7,12.1,12.2,8.0,8.0,0.0,,,,7.3,0,,,950.4,948.2,949.9,949.5,,,,,,,93.0,45.0,70.0,69.0,-1,-1,-1,,,,0.0,,,,,,,9,,12,22,15,22,12,17,10,1,2,0,1.2,1634.0
56,2026-10-01,,,,,,,,0,0,1348.0,10.5,8.8,12.0,10.4,20.0,12.0,28.0,,,,5.1,0,,,992.3,992.2,993.1,992.5,,,,,,,73.0,27.0,60.0,53.0,-1,-1,-1,,,,,,,,,,,10,,12,26,18,27,12,19,9,1,1,1,1.1,1011.0
57,2026-10-01,,,,,,,,0,0,1353.0,9.4,9.5,7.6,8.8,16.0,12.0,12.0,,,,8.4,0,,,959.7,960.1,961.3,960.4,,,,,,,67.0,34.0,40.0,47.0,-1,-1,-1,,,,,,,,,,,10,,12,23,17,24,10,17,7,1,2,1,1.6,1040.0
58,2026-10-01,,0.0,0.0,0.0,1.0,1.0,7.0,0,0,1549.0,9.7,7.6,8.1,8.5,8.0,16.0,16.0,0,0,0,9.3,0,0,0,1004.2,1003.2,1004.2,1003.9,0,0,,,,,79.0,25.0,39.0,48.0,-1,-1,-1,,0,0,,-1.0,0,-1.0,6000.0,15000.0,7000.0,10,0,10,24,18,25,6,15,3,1,2,2,2.1,1220.0
59,2026-10-01,,,,,,,,0,0,1550.0,9.2,9.7,6.6,8.5,12.0,16.0,12.0,,,,16.1,0,,,926.0,926.6,927.8,926.8,,,,,,,56.0,43.0,40.0,46.0,-1,-1,-1,,,,,,,,,,,10,,15,20,15,20,14,17,12,4,4,2,5.4,47.0
60,2026-10-01,,,,,,,,0,0,1412.0,11.4,14.8,17.0,14.4,0.0,32.0,4.0,,,,3.7,0,,,963.7,964.3,965.6,964.5,,,,,,,73.0,48.0,84.0,68.0,-1,-1,-1,,,,,,,,,,,9,,14,25,18,25,11,18,,0,1,1,0.7,1034.0
61,2026-10-01,,,,,,,,0,0,1283.0,11.0,13.4,15.0,13.1,24.0,24.0,24.0,,,,3.5,0,,,950.2,949.1,950.8,950.0,,,,,,,87.0,46.0,81.0,71.0,-1,-1,-1,,,,,,,,,,,8,,10,24,16,25,10,17,7,1,1,1,1.1,1549.0
62,2026-10-01,,0.0,0.0,0.0,1.0,1.0,7.0,0,0,1598.0,10.7,11.3,11.7,11.2,32.0,16.0,4.0,1,0,0,5.2,0,0,0,,,,,0,0,,,,,95.0,45.0,74.0,71.0,-1,-1,-1,,,,,-1.0,0,-1.0,60000.0,60000.0,60000.0,10,1,9,21,14,22,8,15,7,1,1,1,1.1,1636.0
63,2026-10-01,,,,,,,,0,0,1632.0,7.4,7.4,6.4,7.1,20.0,20.0,24.0,,,,13.7,0,,,914.2,914.5,915.3,914.7,,,,,,,49.0,38.0,41.0,43.0,-1,-1,-1,,,,,,,,,,,10,,13,17,14,18,12,15,10,4,4,3,6.0,810.0
64,2026-10-01,,,,,,,,0,0,1533.0,7.6,10.3,10.0,9.3,28.0,16.0,28.0,,,,7.5,0,,,928.5,926.8,928.2,927.8,,,,,,,94.0,45.0,78.0,72.0,-1,-1,-1,,,,,,,,,,,10,,4,20,11,20,3,12,,1,3,1,2.2,1156.0
65,2026-10-01,,,,,,,,0,0,1432.0,10.2,7.9,8.2,8.8,8.0,16.0,12.0,,,,9.9,0,,,1013.8,1012.6,1013.5,1013.3,,,,,,,75.0,26.0,43.0,48.0,-1,-1,-1,,,,,,,,,,,9,,12,24,17,25,10,17,,1,2,1,1.6,1146.0
66,2026-10-01,0.0,0.0,,1.0,7.0,,,0,0,1209.0,7.5,8.0,9.6,8.4,16.0,4.0,16.0,1,0,,7.5,0,0,0,814.6,814.5,815.9,815.0,0,0,,,,,79.0,42.0,74.0,65.0,0,-1,-1,,,,0.0,-1.0,0,-1.0,100000.0,70000.0,,6,1,6,17,11,18,5,11,,1,2,1,1.6,1330.0
67,2026-10-01,,,,,,,,1,0,1486.0,9.3,7.2,6.9,7.8,12.0,12.0,12.0,,,,22.0,0,,,972.6,972.7,973.5,972.9,,,,,,,65.0,29.0,35.0,43.0,-1,-1,-1,,,,,,,,,,,11,,12,21,17,21,12,17,11,5,6,5,10.2,1057.0
68,2026-10-01,,,,,,,,0,0,1528.0,8.0,8.2,8.7,8.3,12.0,12.0,12.0,,,,9.6,0,,,834.6,834.9,836.2,835.2,,,,,,,98.0,47.0,73.0,73.0,-1,-1,-1,,,,,,,,,,,9,,4,15,10,16,4,10,,3,2,3,3.9,944.0
69,2026-10-01,,,,,,,,0,0,1490.0,12.4,11.0,12.0,11.8,24.0,8.0,0.0,,,,7.2,0,,,948.2,946.3,948.2,947.6,,,,,,,92.0,46.0,74.0,71.0,,-1,-1,,,,,,,,,,,9,,11,20,14,21,11,16,9,1,2,0,1.2,1428.0
70,2026-10-01,,,,,,,,0,0,1604.0,9.9,7.6,7.8,8.4,8.0,12.0,8.0,,,,14.7,0,,,1002.7,1002.2,1003.0,1002.6,,,,,,,63.0,26.0,47.0,45.0,-1,-1,-1,,,,,,,,,,,11,,14,24,15,24,11,18,9,2,4,1,3.5,1103.0
71,2026-10-01,,,,,,,,0,0,1620.0,9.6,9.8,7.6,9.0,8.0,4.0,4.0,,,,7.3,0,,,906.5,906.6,907.5,906.9,,,,,,,73.0,53.0,53.0,60.0,-1,-1,-1,,,,0.0,,,,,,,11,,11,16,12,17,9,13,7,1,2,2,2.1,1408.0
72,2026-10-01,,,,,,,,0,0,,9.3,7.5,7.3,8.0,8.0,16.0,8.0,,,,10.6,0,,,958.2,957.8,958.9,958.3,,,,,,,51.0,27.0,42.0,40.0,-1,-1,-1,,,,,,,,,,,9,,16,23,15,23,15,19,12,2,2,1,2.1,838.0
73,2026-10-01,,,,,,,,0,0,1565.0,7.8,10.7,11.4,10.0,20.0,8.0,0.0,,,,6.8,0,,,930.3,928.4,930.3,929.7,,,,,,,97.0,39.0,85.0,74.0,-1,-1,-1,,,,,,,,,,,10,,4,23,11,23,2,13,2,1,3,0,1.9,1118.0
75,2026-10-01,,,,,,,,0,0,1427.0,10.8,14.1,14.7,13.2,8.0,32.0,8.0,,,,5.4,0,,,976.6,976.9,978.0,977.2,,,,,,,78.0,44.0,73.0,65.0,-1,-1,-1,,,,,,,,,,,10,,12,25,18,26,9,18,8,2,2,1,2.1,1219.0
76,2026-10-01,,,,,,,,0,0,1103.0,11.5,14.1,14.2,13.3,16.0,32.0,32.0,,,,8.5,0,,,927.3,927.7,929.1,928.0,,,,,,,85.0,57.0,69.0,70.0,8,-1,-1,,,,,,,,,,,6,,12,21,18,22,10,16,5,1,3,1,2.2,1307.0
77,2026-10-01,,,,,,,,0,0,1476.0,9.2,10.4,11.0,10.2,4.0,16.0,4.0,,,,5.6,0,,,952.1,952.9,953.7,952.9,,,,,,,70.0,37.0,54.0,54.0,-1,-1,-1,,,,,,,,,,,10,,11,23,18,24,9,16,5,2,2,2,2.7,1117.0
78,2026-10-01,,,,0.0,,,,0,0,1227.0,7.4,11.5,11.1,10.0,16.0,4.0,16.0,1,,,5.7,0,0,0,918.2,916.3,918.5,917.7,0,0,,,,,90.0,42.0,80.0,71.0,-1,-1,-1,,,,,-1.0,0,-1.0,25000.0,,,6,1,4,23,12,23,4,13,0,1,2,1,1.6,1321.0
80,2026-10-01,,0.0,0.0,0.0,6.0,8.0,47.0,0,0,1532.0,10.0,7.5,9.1,8.9,0.0,24.0,0.0,,,,7.3,0,,,970.1,969.0,970.5,969.9,,,,,,,88.0,27.0,65.0,60.0,-1,-1,-1,0,0,0,,,,,,,,11,,9,23,12,23,7,15,5,0,2,0,0.9,1343.0
81,2026-10-01,,,,,,,,0,0,1526.0,9.6,6.9,6.9,7.8,4.0,12.0,8.0,,,,12.3,0,,,988.5,988.1,989.2,988.6,,,,,,,62.0,24.0,33.0,40.0,-1,-1,-1,,,,,,,,,,,10,,14,23,18,24,13,18,10,3,4,2,4.7,1116.0
82,2026-10-01,0.0,0.0,0.0,1.0,9.0,6.0,53.0,0,0,1453.0,5.7,7.7,7.7,7.0,20.0,28.0,32.0,1,1,1,16.6,0,0,0,778.0,779.1,780.1,779.1,0,0,,,,,58.0,57.0,71.0,62.0,-1,-1,-1,,0,0,,-1.0,0,-1.0,50000.0,35000.0,22000.0,7,0,7,12,8,12,5,8,,1,1,1,1.1,13.0
83,2026-10-01,,,,,,,,0,0,1336.0,8.9,13.7,13.2,11.9,28.0,12.0,0.0,,,,5.1,0,,,913.6,912.6,914.3,913.5,,,,,,,90.0,67.0,85.0,81.0,-1,-1,-1,,,,,,,,,,,8,,7,18,14,21,6,13,4,1,1,0,0.7,1505.0
85,2026-10-01,,,,,,,,0,0,1619.0,5.9,10.1,10.7,8.9,24.0,24.0,32.0,,,,4.5,0,,,812.7,813.8,814.8,813.8,,,,,,,47.0,61.0,81.0,63.0,-1,-1,-1,,,,,,,,,,,11,,10,15,11,16,8,12,,2,1,2,2.1,444.0
86,2026-10-01,,,,,,,,0,0,1616.0,8.1,7.0,6.2,7.1,16.0,16.0,16.0,,,,10.4,0,,,866.4,867.1,867.8,867.1,,,,,,,69.0,46.0,53.0,56.0,-1,-1,-1,,,,,,,,,,,10,,9,13,9,14,8,11,,4,3,3,5.3,1154.0
87,2026-10-01,,,,,,,,0,0,1323.0,9.0,12.2,12.6,11.3,20.0,4.0,32.0,,,,8.1,0,,,891.4,891.0,892.7,891.7,,,,,,,94.0,51.0,71.0,72.0,,-1,-1,,,,,,,,,,,8,,6,20,16,22,5,14,2,1,2,1,1.6,1518.0
88,2026-10-01,,,,,,,,0,0,1574.0,8.7,7.3,5.9,7.3,20.0,20.0,20.0,,,,16.0,0,,,914.1,913.8,914.7,914.2,,,,,,,91.0,36.0,38.0,55.0,-1,-1,-1,0,0,0,,,,,,,,10,,6,18,14,18,6,12,4,2,3,3,3.9,37.0
89,2026-10-01,,,,,,,,0,0,1592.0,6.7,8.9,9.4,8.3,0.0,12.0,0.0,,,,7.9,0,,,965.9,965.8,966.9,966.2,,,,,,,96.0,32.0,70.0,66.0,-1,-1,-1,,,,,,,,,,,10,,2,23,11,23,1,12,1,0,2,0,0.9,1127.0
90,2026-10-01,,,,,,,,0,0,1444.0,9.2,12.1,12.1,11.1,32.0,16.0,0.0,,,,3.9,0,,,980.9,978.9,980.2,980.0,,,,,,,98.0,44.0,84.0,75.0,-1,-1,-1,,,,,,,,,,,10,,6,23,12,24,5,14,4,1,1,0,0.7,1254.0
91,2026-10-01,,,,,,,,0,0,1523.0,9.4,10.7,10.2,10.1,12.0,8.0,8.0,,,,8.1,0,,,966.8,965.2,966.3,966.1,,,,,,,95.0,42.0,60.0,66.0,-1,-1,-1,,,,,,,,,,,11,,7,21,15,22,5,13,2,1,2,3,2.8,1903.0
92,2026-10-01,,,,,,,,0,0,1447.0,9.2,9.9,10.1,9.7,12.0,12.0,24.0,,,,10.7,0,,,908.5,906.0,908.1,907.5,,,,,,,100.0,45.0,85.0,77.0,-1,-1,-1,,,,,,,,,,,7,,6,19,10,20,4,12,,1,2,1,1.6,1638.0
93,2026-10-01,,,,,,,,0,0,1584.0,10.6,8.5,8.5,9.2,4.0,12.0,4.0,,,,8.2,0,,,992.6,992.1,993.4,992.7,,,,,,,72.0,26.0,38.0,45.0,-1,-1,-1,,,,,,,,,,,11,,13,26,19,26,11,18,9,2,2,2,2.7,1152.0
94,2026-10-01,,,,,,,,0,0,1767.0,10.1,7.7,7.7,8.5,28.0,12.0,28.0,,,,7.9,0,,,943.2,943.2,944.3,943.6,,,,,,,74.0,32.0,58.0,55.0,-1,-1,-1,,,,,,,,,,,11,,12,21,11,21,9,15,7,2,2,2,2.7,1237.0
95,2026-10-01,,,,,,,,0,0,1528.0,9.7,11.6,12.7,11.3,32.0,20.0,4.0,,,,5.8,0,,,974.1,972.2,973.4,973.2,,,,,,,97.0,45.0,79.0,74.0,-1,-1,-1,,,,,,,,,,,10,,7,22,14,23,7,15,4,1,2,1,1.6,1431.0
97,2026-10-01,,,,,,,,0,0,1584.0,8.8,10.0,7.8,8.9,28.0,16.0,8.0,,,,7.5,0,,,882.4,882.1,883.1,882.5,,,,,,,91.0,51.0,55.0,66.0,-1,-1,-1,,,,0.0,,,,,,,9,,7,17,12,18,6,12,,1,3,2,2.8,1329.0
98,2026-10-01,2.0,0.0,0.0,10.0,2.0,10.0,73.0,0,0,1497.0,8.3,9.6,10.5,9.5,0.0,16.0,8.0,0,0,0,6.6,0,0,1,911.9,909.3,911.3,910.8,0,0,,,,,95.0,41.0,72.0,69.0,-1,-1,-1,,0,0,,-1.0,0,-1.0,300.0,50000.0,15000.0,7,1,5,20,13,21,4,13,2,0,1,1,0.7,1425.0
100,2026-10-01,0.0,0.0,0.0,1.0,1.0,2.0,13.0,0,0,1513.0,10.4,12.2,13.0,11.9,16.0,12.0,4.0,1,0,0,5.3,0,0,0,970.3,968.6,969.6,969.5,0,0,,,,,100.0,49.0,78.0,76.0,-1,-1,-1,,,,,-1.0,0,-1.0,5000.0,25000.0,20000.0,10,0,8,21,15,22,7,15,5,1,2,1,1.6,1435.0
101,2026-10-01,,,,,,,,0,0,1475.0,10.1,11.8,13.1,11.7,4.0,16.0,8.0,,,,5.4,0,,,979.2,979.1,980.5,979.6,,,,,,,89.0,35.0,80.0,68.0,-1,-1,-1,,,,,,,,,,,9,,9,26,14,28,8,18,,1,1,1,1.1,2326.0
102,2026-10-01,,,,,,,,0,0,1638.0,11.0,11.8,12.0,11.6,8.0,24.0,8.0,,,,4.6,0,,,918.5,917.4,918.9,918.3,,,,,,,97.0,48.0,83.0,76.0,-1,-1,-1,,,,,,,,,,,9,,9,21,13,22,9,15,7,1,1,1,1.1,1528.0
103,2026-10-01,,,,,,,,0,0,1547.0,8.1,10.0,10.9,9.7,24.0,12.0,20.0,,,,5.2,0,,,945.9,944.3,945.9,945.4,,,,,,,100.0,42.0,90.0,77.0,-1,-1,-1,,,,,,,,,,,9,,4,20,10,21,3,12,2,2,1,1,1.6,1247.0
104,2026-10-01,,,,,,,,0,0,1567.0,8.9,9.7,12.3,10.3,20.0,20.0,8.0,,,,12.7,0,,,,,,,,,,,,,44.0,28.0,73.0,48.0,-1,-1,-1,,,,,,,,,,,10,,18,27,15,27,15,21,14,2,2,1,2.1,914.0
105,2026-10-01,,,,,,,,0,0,1596.0,10.1,7.0,7.3,8.1,12.0,12.0,12.0,,,,15.3,0,,,1001.9,1001.1,1002.2,1001.7,,,,,,,65.0,23.0,32.0,40.0,-1,-1,-1,,,,,,,,,,,11,,14,24,20,25,11,18,6,3,4,3,5.3,954.0
106,2026-10-01,,,,,,,,0,0,1533.0,9.5,7.2,7.2,8.0,8.0,12.0,8.0,,,,11.5,0,,,999.7,998.7,999.9,999.4,,,,,,,64.0,24.0,34.0,41.0,-1,-1,-1,,,,,,,,,,,11,,13,24,19,25,11,18,,1,3,2,2.8,1324.0
107,2026-10-01,,,,,,,,0,0,1601.0,10.0,7.5,7.6,8.4,12.0,12.0,12.0,,,,15.2,0,,,1003.3,1002.6,1003.5,1003.1,,,,,,,64.0,24.0,36.0,41.0,-1,-1,-1,,,,,,,,,,,10,,14,25,18,25,12,19,9,3,4,3,5.3,1027.0
108,2026-10-01,,,,,,,,0,0,,9.5,9.2,11.4,10.0,8.0,12.0,0.0,,,,16.4,0,,,954.6,954.1,955.6,954.8,,,,,,,61.0,29.0,68.0,53.0,-1,-1,-1,,,,0.0,,,,,,,10,,14,25,15,25,12,19,11,1,3,0,1.9,59.0
109,2026-10-01,,,,,,,,0,0,,9.3,10.3,14.3,11.3,8.0,24.0,0.0,,,,7.5,0,,,960.3,959.9,961.6,960.6,,,,,,,49.0,31.0,73.0,51.0,-1,-1,-1,,,,,,,,,,,9,,17,26,17,26,15,21,,2,1,0,1.2,833.0
111,2026-10-01,0.0,0.0,2.0,2.0,2.0,4.0,27.0,0,0,1562.0,9.6,11.2,10.7,10.5,8.0,8.0,8.0,1,0,1,5.7,0,0,0,951.4,952.2,953.2,952.3,0,0,,,,,56.0,43.0,44.0,48.0,-1,-1,-1,0,0,0,,-1.0,0,-1.0,30000.0,30000.0,15000.0,9,0,15,22,21,22,14,18,11,2,2,2,2.7,205.0
112,2026-10-01,,0.0,0.0,0.0,6.0,6.0,40.0,0,0,1525.0,9.7,6.8,7.2,7.9,12.0,16.0,16.0,0,0,0,14.0,0,0,0,993.4,992.9,994.0,993.4,0,0,,,,,63.0,23.0,33.0,40.0,-1,-1,-1,,0,0,,-1.0,0,-1.0,45000.0,45000.0,30000.0,11,0,13,24,19,25,13,19,12,2,4,2,4.0,948.0
113,2026-10-01,,,,,,,,0,0,,9.9,11.7,13.3,11.6,20.0,0.0,20.0,,,,5.6,0,,,938.8,936.7,938.5,938.0,,,,,,,98.0,45.0,87.0,77.0,-1,-1,-1,,,,,,,,,,,11,,7,22,13,23,5,14,,1,0,1,0.7,106.0
115,2026-10-01,,0.0,0.0,0.0,7.0,3.0,33.0,0,0,1510.0,7.9,10.5,6.9,8.4,32.0,8.0,12.0,1,0,0,7.9,0,0,1,949.6,947.8,949.3,948.9,0,0,,,,,93.0,42.0,37.0,57.0,-1,-1,-1,0,0,0,,-1.0,0,-1.0,30000.0,30000.0,30000.0,10,0,5,21,16,22,3,12,0,1,2,2,2.1,1623.0
116,2026-10-01,,,,,,,,0,0,1618.0,10.2,9.0,9.7,9.6,12.0,4.0,24.0,,,,5.0,0,,,986.4,985.6,986.6,986.2,,,,,,,94.0,35.0,70.0,66.0,-1,-1,-1,,,,,,,,,,,11,,8,22,12,23,7,15,4,1,1,1,1.1,1209.0
118,2026-10-01,,,,,,,,0,0,1442.0,10.4,14.4,13.9,12.9,0.0,24.0,16.0,,,,4.8,0,,,936.0,935.5,937.1,936.2,,,,,,,93.0,52.0,74.0,73.0,-1,-1,-1,,,,,,,,,,,9,,9,23,17,24,9,16,6,0,2,1,1.2,1526.0
119,2026-10-01,,,,,,,,0,0,861.0,9.6,11.3,12.6,11.2,24.0,20.0,20.0,,,,7.1,0,,,879.5,878.7,880.3,879.5,,,,,,,88.0,50.0,71.0,70.0,3,-1,-1,,,,,,,,,,,1,,8,20,16,22,7,14,4,1,2,2,2.1,1333.0
120,2026-10-01,,,,,,,,0,0,1457.0,9.2,11.5,11.7,10.8,0.0,12.0,12.0,,,,6.2,0,,,974.4,972.7,973.6,973.6,,,,,,,98.0,46.0,73.0,72.0,-1,-1,-1,,,,,,,,,,,9,,6,21,14,22,6,14,4,0,1,2,1.2,1752.0
121,2026-10-01,,,,,,,,0,0,1292.0,10.5,11.1,11.0,10.9,12.0,12.0,12.0,,,,10.6,0,,,875.6,874.3,875.9,875.3,,,,,,,83.0,49.0,64.0,65.0,0,-1,-1,,,,,,,,,,,6,,11,20,15,20,10,15,8,2,3,3,3.9,1654.0
122,2026-10-01,1.0,0.0,,1.0,3.0,,,0,0,1758.0,9.2,9.5,8.6,9.1,8.0,12.0,8.0,0,0,,9.9,0,0,0,856.9,857.5,858.0,857.5,0,0,,,,,89.0,62.0,81.0,77.0,-1,-1,-1,,,,0.0,-1.0,0,-1.0,40000.0,40000.0,,10,1,7,13,8,14,6,10,2,2,2,4,4.0,1837.0
124,2026-10-01,,,,,,,,0,0,1527.0,8.9,10.6,9.5,9.7,0.0,12.0,24.0,,,,5.2,0,,,927.7,926.8,928.1,927.5,,,,,,,93.0,45.0,77.0,72.0,-1,-1,-1,,,,,,,,,,,11,,6,20,10,20,3,12,2,0,2,2,1.8,1411.0
126,2026-10-01,,,,,,,,0,0,1265.0,10.7,12.3,13.6,12.2,24.0,4.0,4.0,,,,10.9,0,,,948.4,946.2,948.1,947.6,,,,,,,92.0,38.0,59.0,63.0,6,-1,-1,,,,,,,,,,,7,,9,25,20,27,8,17,4,1,1,2,1.6,1601.0
127,2026-10-01,,,,,,,,0,0,1264.0,10.6,13.7,13.3,12.5,16.0,12.0,12.0,,,,4.6,0,,,918.6,918.0,919.3,918.6,,,,,,,76.0,51.0,66.0,64.0,-1,-1,-1,,,,,,,,,,,7,,12,22,18,23,12,17,10,1,1,1,1.1,549.0
129,2026-10-01,,2.0,0.0,0.0,7.0,6.0,43.0,0,0,1309.0,11.0,12.1,14.9,12.7,20.0,16.0,24.0,0,0,0,7.1,0,0,0,951.8,951.0,952.9,951.9,0,0,,,,,82.0,41.0,83.0,69.0,-1,-1,-1,,,,,-1.0,0,-1.0,60000.0,60000.0,20000.0,7,1,11,24,16,24,11,18,8,2,1,1,1.6,400.0
130,2026-10-01,,,,,,,,0,0,1510.0,10.3,10.3,9.9,10.2,0.0,8.0,8.0,,,,7.8,0,,,904.3,902.9,904.7,904.0,,,,,,,89.0,49.0,67.0,68.0,-1,-1,-1,,,,0.0,,,,,,,9,,9,18,13,19,9,14,8,0,2,1,1.2,1557.0
131,2026-10-01,,,,,,,,0,0,,11.9,14.4,16.3,14.2,16.0,28.0,20.0,,,,9.8,0,,,970.8,971.0,972.3,971.4,,,,,,,75.0,44.0,79.0,66.0,-1,-1,-1,,,,,,,,,,,10,,14,26,18,26,13,19,10,3,1,1,2.2,
132,2026-10-01,,,,,,,,0,0,1436.0,10.4,11.5,13.8,11.9,8.0,16.0,12.0,,,,6.0,0,,,964.7,963.7,965.6,964.7,,,,,,,71.0,35.0,78.0,61.0,-1,-1,-1,,,,,,,,,,,8,,13,26,16,26,11,19,8,1,1,1,1.1,1200.0
133,2026-10-01,,,,,,,,0,0,942.0,10.6,12.9,13.2,12.2,8.0,4.0,4.0,,,,6.2,0,,,930.7,931.6,932.9,931.7,,,,,,,53.0,50.0,63.0,55.0,7,-1,-1,,,,,,,,,,,2,,18,22,18,23,16,20,12,1,1,1,1.1,1503.0
134,2026-10-01,,,,,,,,0,0,1514.0,10.0,6.4,7.6,8.0,12.0,16.0,12.0,,,,11.0,0,,,1007.8,1007.0,1007.8,1007.5,,,,,,,62.0,21.0,40.0,41.0,0,-1,0,,,,,,,,,,,11,,14,24,17,25,13,19,9,2,3,1,2.8,1233.0
136,2026-10-01,,,,,,,,0,0,1215.0,9.7,11.8,12.8,11.4,12.0,28.0,28.0,,,,8.8,0,,,906.9,905.7,907.4,906.7,,,,,,,87.0,43.0,58.0,63.0,2,-1,-1,,,,,,,,,,,7,,9,23,19,23,8,16,4,1,2,2,2.1,1409.0
137,2026-10-01,,,,,,,,0,0,1367.0,10.9,10.8,10.3,10.7,0.0,16.0,4.0,,,,7.0,0,,,905.6,904.1,906.0,905.2,,,,,,,89.0,49.0,70.0,69.0,-1,-1,-1,,,,,,,,,,,7,,10,19,13,19,10,14,10,0,2,1,1.2,1445.0
138,2026-10-01,1.0,0.0,,7.0,4.0,,,0,0,1088.0,10.4,11.6,12.0,11.3,20.0,4.0,4.0,0,0,0,12.0,0,0,0,,,,,0,0,,,,,91.0,38.0,51.0,60.0,,-1,-1,,0,0,,-1.0,0,-1.0,8000.0,25000.0,3000.0,6,0,9,24,20,25,9,17,4,1,1,2,1.6,1657.0
139,2026-10-01,,,,,,,,0,0,1384.0,9.5,11.5,13.2,11.4,12.0,12.0,0.0,,,,8.0,0,,,908.2,906.7,908.6,907.8,,,,,,,79.0,42.0,73.0,65.0,-1,-1,-1,,,,,,,,,,,8,,10,23,16,23,9,16,9,1,2,0,1.2,1043.0
140,2026-10-01,,,,,,,,0,0,,9.0,8.0,8.1,8.4,32.0,16.0,32.0,,,,8.0,0,,,,,,,,,,,,,82.0,29.0,57.0,56.0,-1,-1,-1,0,0,0,,,,,,,,11,,8,23,12,23,7,15,4,1,2,1,1.6,1155.0
141,2026-10-01,,,,,,,,0,0,1412.0,10.1,12.6,14.7,12.5,20.0,4.0,20.0,,,,3.7,0,,,972.6,973.0,974.2,973.3,,,,,,,86.0,42.0,81.0,70.0,-1,-1,-1,,,,,,,,,,,9,,9,24,16,24,8,16,7,1,1,1,1.1,1215.0
142,2026-10-01,0.0,0.0,0.0,3.0,7.0,8.0,60.0,0,0,1437.0,12.3,15.1,16.3,14.6,20.0,4.0,32.0,1,0,0,6.8,0,0,0,966.3,965.4,967.1,966.3,0,0,,,,,88.0,51.0,68.0,69.0,-1,-1,-1,,0,0,,-1.0,0,-1.0,35000.0,25000.0,8000.0,9,1,12,24,20,25,12,19,11,1,1,2,1.6,1504.0
144,2026-10-01,,,,,,,,0,0,1502.0,9.9,14.0,13.4,12.4,28.0,28.0,12.0,,,,8.0,0,,,971.1,971.8,972.7,971.9,,,,,,,85.0,47.0,73.0,68.0,-1,-1,-1,,,,,,,,,,,9,,9,24,16,24,9,17,5,1,2,2,2.1,12.0
145,2026-10-01,,0.0,,0.0,7.0,,,0,0,1393.0,10.5,13.7,16.4,13.5,16.0,28.0,0.0,0,0,,8.2,0,0,0,973.6,973.6,975.2,974.1,0,0,,,,,59.0,41.0,81.0,60.0,-1,-1,-1,,0,,,-1.0,0,-1.0,8000.0,18000.0,,8,1,16,26,18,26,14,20,9,2,1,0,1.2,825.0
146,2026-10-01,,,,,,,,0,0,791.0,10.0,12.2,12.8,11.7,24.0,16.0,4.0,,,,6.6,0,,,900.8,900.4,902.2,901.1,,,,,,,87.0,49.0,63.0,66.0,4,-1,-1,,,,,,,,,,,2,,9,21,18,22,7,15,6,1,1,2,1.6,1812.0
147,2026-10-01,,,,,,,,0,0,1602.0,8.0,10.6,10.9,9.8,24.0,4.0,4.0,,,,6.8,0,,,937.7,935.8,937.8,937.1,,,,,,,86.0,40.0,63.0,63.0,-1,-1,-1,,,,,,,,,,,9,,6,22,15,22,5,14,3,1,1,2,1.6,1742.0
148,2026-10-01,,,,,,,,0,0,1542.0,8.7,9.8,8.1,8.9,20.0,12.0,20.0,,,,8.6,0,,,957.8,957.9,959.3,958.3,,,,,,,76.0,34.0,46.0,52.0,-1,-1,-1,,,,,,,,,,,10,,9,23,16,24,7,15,4,2,3,1,2.8,1213.0
149,2026-10-01,,,,,,,,0,0,1342.0,10.2,9.8,10.5,10.2,24.0,16.0,24.0,,,,5.8,0,,,891.8,891.1,892.6,891.8,,,,,,,93.0,51.0,86.0,77.0,-1,-1,-1,,,,,,,,,,,6,,8,17,10,18,7,12,6,1,1,1,1.1,1329.0
150,2026-10-01,,,,,,,,0,0,1235.0,11.3,14.1,12.7,12.7,12.0,16.0,0.0,,,,4.1,0,,,965.3,963.0,964.5,964.3,,,,,,,100.0,56.0,83.0,80.0,-1,-1,-1,,,,,,,,,,,6,,9,21,13,21,8,15,4,1,1,0,0.7,1151.0
151,2026-10-01,,,,,,,,0,0,1270.0,9.9,14.1,13.9,12.6,32.0,32.0,32.0,,,,7.8,0,,,917.9,917.7,919.7,918.4,,,,,,,96.0,53.0,82.0,77.0,0,-1,-1,,,,,,,,,,,7,,8,22,15,23,7,15,6,1,3,2,2.8,1421.0
152,2026-10-01,,,,,,,,0,0,1580.0,9.8,7.3,7.4,8.2,12.0,12.0,12.0,,,,13.8,0,,,1004.9,1004.4,1005.2,1004.8,,,,,,,60.0,25.0,34.0,40.0,-1,-1,-1,,,,,,,,,,,11,,14,24,19,24,13,19,11,2,4,2,4.0,1033.0
153,2026-10-01,,,,,,,,0,0,1315.0,8.9,10.0,7.6,8.8,12.0,12.0,12.0,,,,14.2,0,,,889.7,890.0,891.1,890.3,,,,,,,84.0,52.0,61.0,66.0,-1,-1,-1,,,,,,,,,,,9,,8,17,10,17,7,12,,3,3,2,3.9,4.0
154,2026-10-01,,,,,,,,0,0,1558.0,9.7,8.1,8.7,8.8,0.0,16.0,20.0,,,,8.2,0,,,996.0,995.2,996.0,995.7,,,,,,,91.0,28.0,54.0,58.0,-1,-1,-1,,,,,,,,,,,11,,8,24,14,24,5,15,1,0,2,1,1.2,1159.0
155,2026-10-01,,0.0,0.0,0.0,1.0,4.0,17.0,0,0,1465.0,9.4,10.2,11.3,10.3,16.0,12.0,0.0,1,0,0,6.4,0,0,0,989.6,988.9,990.2,989.6,0,0,,,,,88.0,30.0,62.0,60.0,-1,-1,-1,0,0,0,,-1.0,0,-1.0,40000.0,40000.0,40000.0,10,1,8,26,16,27,6,17,3,1,2,0,1.2,1141.0
156,2026-10-01,,0.0,0.0,0.0,6.0,9.0,,0,0,,10.1,13.2,12.7,12.0,0.0,8.0,12.0,1,0,0,3.5,0,0,0,951.0,948.5,950.2,949.9,0,0,,,,,95.0,55.0,68.0,73.0,-1,-1,-1,0,0,0,,-1.0,0,-1.0,20000.0,30000.0,20000.0,,1,8,21,17,21,8,15,6,0,1,1,0.7,1739.0
157,2026-10-01,,,,,,,,0,0,1503.0,8.7,10.2,10.6,9.8,8.0,12.0,12.0,,,,6.1,0,,,941.0,941.9,942.9,941.9,,,,,,,64.0,39.0,62.0,55.0,-1,-1,-1,,,,,,,,,,,10,,12,22,15,23,9,16,6,2,2,1,2.1,1343.0
158,2026-10-01,,,,,,,,0,0,1501.0,10.7,9.6,8.6,9.6,8.0,16.0,12.0,,,,14.4,0,,,1009.5,1008.7,1009.5,1009.2,,,,,,,68.0,31.0,45.0,48.0,-1,-1,-1,,,,,,,,,,,11,,14,25,17,25,11,18,5,2,4,2,4.0,1124.0
159,2026-10-01,,,,,,,,0,0,1444.0,10.8,13.7,14.1,12.9,24.0,8.0,12.0,,,,6.5,0,,,981.5,981.8,982.7,982.0,,,,,,,83.0,47.0,79.0,70.0,-1,-1,-1,,,,0.0,,,,,,,10,,11,24,16,24,9,17,5,1,1,2,1.6,23.0
160,2026-10-01,,,,,,,,0,0,1454.0,9.0,10.1,13.4,10.8,0.0,12.0,0.0,,,,6.8,0,,,981.2,981.4,982.3,981.6,,,,,,,92.0,33.0,83.0,69.0,-1,-1,-1,,,,,,,,,,,9,,7,25,14,25,5,15,,0,2,0,0.9,1025.0
161,2026-10-01,,,,,,,,0,0,1481.0,9.1,9.0,10.5,9.5,24.0,12.0,24.0,,,,6.7,0,,,943.6,944.4,945.3,944.4,,,,,,,78.0,32.0,72.0,61.0,-1,-1,-1,,,,,,,,,,,10,,9,23,13,24,8,16,4,1,2,1,1.6,843.0
162,2026-10-01,,,,,,,,0,0,1540.0,10.1,14.1,13.8,12.7,16.0,32.0,16.0,,,,4.1,0,,,,,,,,,,,,,95.0,47.0,87.0,76.0,-1,-1,-1,,,,,,,,,,,10,,8,24,14,24,7,15,5,1,1,1,1.1,1206.0
163,2026-10-01,,,,,,,,0,0,1356.0,10.2,15.6,15.1,13.6,8.0,12.0,32.0,,,,10.0,0,,,966.6,966.9,968.5,967.3,,,,,,,52.0,53.0,80.0,62.0,-1,-1,-1,,,,,,,,,,,9,,17,24,17,24,14,19,,3,1,1,2.2,24.0
164,2026-10-01,,,,0.0,0.0,0.0,0.0,0,0,1582.0,9.5,6.8,7.6,8.0,32.0,16.0,16.0,0,0,0,13.6,0,0,0,986.9,986.3,987.5,986.9,0,0,,,,,64.0,23.0,40.0,42.0,-1,-1,-1,,0,0,,-1.0,0,-1.0,4000.0,6000.0,6000.0,10,1,13,24,17,24,11,18,10,1,3,1,2.2,1035.0
165,2026-10-01,,0.0,0.0,0.0,3.0,6.0,30.0,0,0,1487.0,9.4,11.1,13.2,11.2,12.0,16.0,12.0,1,1,1,3.6,0,0,0,942.4,941.8,943.5,942.6,0,0,,,,,83.0,36.0,73.0,64.0,-1,-1,-1,0,0,0,,-1.0,0,-1.0,15000.0,15000.0,10000.0,9,1,9,25,16,25,8,16,4,1,1,1,1.1,1403.0
166,2026-10-01,,,0.0,0.0,0.0,4.0,13.0,0,0,1620.0,8.9,9.3,11.8,10.0,0.0,20.0,0.0,1,0,1,5.7,0,0,0,951.9,949.9,951.9,951.2,0,0,,,,,93.0,31.0,77.0,67.0,-1,-1,-1,,,,,-1.0,0,-1.0,6000.0,39000.0,4000.0,10,1,6,24,13,25,6,15,,0,1,0,0.4,1356.0
167,2026-10-01,,,,,,,,,,,8.5,7.0,7.8,7.8,,,,,,,,0,,,946.2,945.1,946.5,945.9,,,,,,,95.0,30.0,56.0,60.0,-1,-1,-1,,,,,,,,,,,,,5,20,12,21,5,13,,,,,,
169,2026-10-01,,,,,,,,0,0,1547.0,9.6,6.6,7.4,7.9,20.0,20.0,24.0,,,,10.1,0,,,977.7,976.8,978.2,977.6,,,,,,,71.0,22.0,48.0,47.0,-1,-1,-1,,,,,,,,,,,11,,11,24,13,25,9,17,,1,2,1,1.6,913.0
170,2026-10-01,,,,,,,,0,0,1475.0,9.2,7.8,8.1,8.4,16.0,16.0,16.0,,,,10.7,0,,,973.8,973.4,974.6,973.9,,,,,,,86.0,31.0,57.0,58.0,-1,-1,-1,,,,,,,,,,,9,,8,21,12,22,8,15,4,1,2,1,1.6,1123.0
171,2026-10-01,1.0,,,6.0,,,,0,0,861.0,14.0,15.2,16.4,15.2,20.0,32.0,4.0,0,,,5.3,0,0,0,974.7,975.7,977.1,975.8,0,0,,,,,89.0,55.0,72.0,72.0,6,-1,-1,,,,,-1.0,0,-1.0,25000.0,,,2,0,14,23,20,24,13,18,9,1,1,1,1.1,2344.0
172,2026-10-01,,,,,,,,0,0,830.0,11.8,14.6,15.9,14.1,12.0,24.0,12.0,,,,5.4,0,,,928.0,928.5,930.0,928.8,,,,,,,96.0,61.0,83.0,80.0,2,-1,-1,,,,,,,,,,,2,,10,20,17,21,8,15,7,1,1,1,1.1,1205.0
173,2026-10-01,,,,,,,,0,0,842.0,10.3,12.8,13.1,12.1,8.0,12.0,4.0,,,,5.0,0,,,884.4,885.3,886.7,885.5,,,,,,,71.0,64.0,77.0,71.0,2,-1,-1,,,,,,,,,,,2,,13,18,15,19,12,15,,1,1,1,1.1,1156.0
174,2026-10-01,,,,,,,,0,0,796.0,11.4,12.7,13.3,12.5,0.0,4.0,32.0,,,,5.9,0,,,,,,,,,,,,,83.0,60.0,74.0,72.0,,-1,-1,,,,,,,,,,,2,,12,18,16,19,10,15,,0,2,2,1.8,1409.0
175,2026-10-01,,,,,,,,0,0,1423.0,10.9,12.9,14.8,12.9,24.0,12.0,24.0,,,,7.6,0,,,956.6,954.6,956.5,955.9,,,,,,,82.0,41.0,67.0,63.0,-1,-1,-1,,,,,,,,,,,9,,11,25,19,26,10,18,7,2,1,2,2.1,313.0
176,2026-10-01,,,,,,,,0,0,1550.0,8.4,10.5,10.8,9.9,24.0,28.0,4.0,,,,7.3,0,,,831.4,832.7,833.6,832.6,,,,,,,60.0,67.0,80.0,69.0,,,,,,,,,,,,,,10,,12,14,12,15,11,13,,1,1,3,2.2,1854.0
178,2026-10-01,,,,,,,,,,,10.4,12.2,13.6,12.1,,,,,,,,0,,,914.8,914.5,916.0,915.1,,,,,,,92.0,47.0,79.0,73.0,-1,-1,-1,,,,,,,,,,,,,9,22,15,22,9,15,,,,,,
179,2026-10-01,,0.0,0.0,0.0,5.0,10.0,50.0,0,0,1674.0,8.6,10.0,9.5,9.4,32.0,8.0,32.0,0,0,0,4.3,0,0,0,889.3,889.0,890.4,889.6,0,0,,,,,74.0,45.0,64.0,61.0,-1,-1,-1,0,0,0,,-1.0,0,-1.0,29000.0,29000.0,12000.0,10,1,9,19,13,20,8,14,3,1,2,1,1.6,1011.0
180,2026-10-01,,,,,,,,0,0,,8.9,6.9,7.4,7.7,28.0,16.0,20.0,,,,10.8,0,,,991.6,990.9,991.9,991.5,,,,,,,57.0,24.0,41.0,41.0,-1,-1,-1,,,,,,,,,,,11,,14,23,16,24,11,17,8,2,3,1,2.8,1452.0
181,2026-10-01,,,,,,,,0,0,892.0,12.0,15.3,14.2,13.8,12.0,28.0,32.0,,,,7.2,0,,,956.9,957.3,958.9,957.7,,,,,,,79.0,51.0,58.0,63.0,2,-1,-1,,,,,,,,,,,2,,13,24,21,25,13,19,10,1,1,1,1.1,1530.0
182,2026-10-01,,,,,,,,0,0,1488.0,8.0,10.5,9.7,9.4,24.0,12.0,28.0,,,,4.2,0,,,932.5,930.4,932.3,931.7,,,,,,,92.0,43.0,70.0,68.0,-1,-1,-1,,,,,,,,,,,9,,5,21,12,21,5,13,,1,1,1,1.1,1152.0
183,2026-10-01,,,,0.0,,,,0,0,1526.0,8.8,8.7,9.4,9.0,20.0,16.0,16.0,1,,,8.9,0,0,0,1002.6,1001.4,1002.5,1002.2,0,0,,,,,92.0,28.0,62.0,61.0,-1,-1,-1,,0,,,-1.0,0,-1.0,80000.0,,,11,1,6,25,13,25,5,15,3,1,2,1,1.6,1200.0
184,2026-10-01,,,,,,,,0,0,1366.0,,,,,24.0,12.0,16.0,,,,4.6,0,,,729.9,730.5,731.4,730.6,,,,,,,,,,,5,-1,-1,,,,0.0,,,,,,,7,,,,,,,,,1,1,1,1.1,1651.0
185,2026-10-01,,,,,,,,0,0,1227.0,9.7,10.2,10.3,10.1,28.0,8.0,24.0,,,,7.8,0,,,872.5,871.8,873.5,872.6,,,,,,,85.0,56.0,86.0,76.0,-1,-1,-1,,,,0.0,,,,,,,7,,9,16,10,17,9,13,9,1,2,1,1.6,1228.0
187,2026-10-01,,,,,,,,0,0,1508.0,9.1,12.5,10.7,10.8,28.0,12.0,28.0,,,,6.7,0,,,953.8,952.2,953.7,953.2,,,,,,,92.0,52.0,73.0,72.0,-1,-1,-1,,,,,,,,,,,9,,7,21,13,21,6,14,2,1,3,2,2.8,1254.0
188,2026-10-01,,,,,,,,0,0,1434.0,9.4,13.6,10.6,11.2,4.0,16.0,32.0,,,,5.2,0,,,973.7,972.0,973.1,972.9,,,,,,,99.0,52.0,68.0,73.0,-1,-1,-1,,,,,,,,,,,8,,6,22,14,22,5,13,2,1,1,1,1.1,1530.0
189,2026-10-01,,,,,,,,0,0,1429.0,10.7,10.1,8.4,9.7,20.0,8.0,4.0,,,,8.5,0,,,988.7,988.2,989.6,988.8,,,,,,,69.0,29.0,39.0,46.0,,,,,,,,,,,,,,11,,14,27,19,27,12,20,5,1,2,1,1.6,1144.0
192,2026-10-01,,,,,,,,0,0,1706.0,9.9,11.9,12.8,11.5,20.0,4.0,12.0,,,,5.2,0,,,978.1,978.5,979.2,978.6,,,,,,,74.0,38.0,66.0,59.0,-1,-1,-1,,,,,,,,,,,10,,11,25,17,25,10,18,7,1,2,2,2.1,1347.0
193,2026-10-01,,,,,,,,0,0,1617.0,9.3,8.4,7.3,8.3,12.0,8.0,8.0,,,,9.7,0,,,915.2,916.0,916.7,916.0,,,,,,,64.0,35.0,46.0,48.0,-1,-1,-1,,,,,,,,,,,11,,13,20,14,22,11,16,10,4,3,3,5.3,442.0
195,2026-10-01,,,,,,,,0,0,1419.0,8.9,14.3,13.1,12.1,0.0,12.0,0.0,,,,3.9,0,,,,,,,,,,,,,99.0,62.0,87.0,83.0,-1,-1,-1,,,,,,,,,,,10,,5,20,13,22,4,13,,0,1,0,0.4,1232.0
196,2026-10-01,,,,,,,,0,0,1210.0,8.2,9.3,9.3,8.9,20.0,8.0,4.0,,,,14.7,0,,,784.3,785.2,786.0,785.2,,,,,,,79.0,75.0,81.0,78.0,-1,-1,-1,,,,,,,,,,,7,,8,10,9,12,6,9,,2,2,2,2.7,116.0
197,2026-10-01,,,,,,,,0,0,1588.0,,7.2,7.5,,12.0,12.0,12.0,,,,13.7,0,,,1005.2,1004.5,1005.4,1005.0,,,,,,,,24.0,34.0,,-1,-1,-1,,,,,,,,,,,11,,,24,19,,,,,3,4,3,5.3,1145.0
198,2026-10-01,,,,,,,,0,0,1473.0,12.3,12.4,13.4,12.7,28.0,12.0,28.0,,,,5.5,0,,,975.2,973.4,974.3,974.3,,,,,,,100.0,51.0,85.0,79.0,-1,-1,-1,,,,,,,,,,,8,,10,21,14,21,9,15,7,1,2,1,1.6,1328.0
199,2026-10-01,,,,,,,,0,0,1421.0,9.9,6.9,7.6,8.1,8.0,12.0,4.0,,,,10.9,0,,,989.2,988.9,990.1,989.4,,,,,,,64.0,22.0,38.0,41.0,-1,-1,-1,,,,,,,,,,,11,,14,25,18,25,5,15,,2,4,2,4.0,1223.0
200,2026-10-01,,,,,,,,0,0,1508.0,9.6,7.2,9.3,8.7,32.0,16.0,12.0,,,,7.9,0,,,983.3,982.9,984.0,983.4,,,,,,,90.0,27.0,64.0,60.0,-1,-1,-1,,,,,,,,,,,10,,8,22,13,23,6,14,,1,2,1,1.6,1145.0
202,2026-10-01,,,,,,,,0,0,1595.0,9.4,7.2,7.6,8.1,4.0,20.0,20.0,,,,8.1,0,,,980.1,979.8,980.7,980.2,,,,,,,61.0,27.0,37.0,42.0,-1,-1,-1,,,,,,,,,,,11,,13,22,18,23,10,17,8,2,2,1,2.1,1145.0
203,2026-10-01,,,,,,,,0,0,1564.0,9.7,12.4,11.2,11.1,32.0,12.0,32.0,,,,7.7,0,,,,,,,,,,,,,94.0,52.0,74.0,73.0,-1,-1,-1,,,,,,,,,,,9,,7,20,13,21,7,14,3,1,3,1,2.2,1400.0
204,2026-10-01,,0.0,0.0,0.0,10.0,10.0,67.0,0,0,1455.0,9.9,12.3,13.4,11.9,28.0,4.0,20.0,1,0,0,6.8,0,0,0,977.5,977.8,978.6,978.0,0,0,,,,,83.0,40.0,61.0,61.0,-1,-1,-1,0,0,0,,-1.0,0,-1.0,60000.0,45000.0,15000.0,10,0,10,25,19,25,9,17,4,1,1,3,2.2,1952.0
205,2026-10-01,,0.0,1.0,0.0,3.0,9.0,40.0,0,0,1572.0,8.9,10.3,9.9,9.7,20.0,28.0,24.0,0,0,0,8.1,0,0,0,845.4,846.9,847.8,846.7,0,0,,,,,63.0,57.0,69.0,63.0,-1,-1,-1,,0,0,,-1.0,0,-1.0,100000.0,80000.0,35000.0,10,0,12,16,12,17,11,14,6,2,1,1,1.6,148.0
206,2026-10-01,,,,,,,,0,0,1157.0,9.4,10.3,9.4,9.7,20.0,4.0,20.0,,,,5.9,0,,,902.6,902.7,903.6,903.0,,,,,,,85.0,57.0,68.0,70.0,-1,-1,-1,,,,,,,,,,,5,,9,16,12,16,8,12,5,1,2,2,2.1,2017.0
210,2026-10-01,,,,,,,,0,0,1063.0,8.3,11.5,11.8,10.5,20.0,32.0,0.0,,,,7.3,0,,,863.2,862.3,864.4,863.3,,,,,,,95.0,52.0,88.0,78.0,3,-1,-1,,,,,,,,,,,5,,5,19,11,20,4,12,,1,3,0,1.9,1157.0
213,2026-10-01,,1.0,0.0,0.0,4.0,3.0,23.0,0,0,1763.0,3.4,5.9,6.1,5.1,32.0,4.0,32.0,0,0,0,7.3,0,0,0,705.8,707.1,707.7,706.9,0,0,,,,,49.0,81.0,92.0,74.0,,-1,-1,,0,0,0.0,-1.0,0,-1.0,85000.0,10000.0,70000.0,11,0,2,2,1,5,1,3,,3,2,3,3.9,700.0
214,2026-10-01,,,,,,,,0,0,1309.0,10.6,13.6,14.6,12.9,0.0,32.0,16.0,,,,6.8,0,,,,,,,,,,,,,96.0,49.0,73.0,73.0,-1,-1,-1,,,,,,,,,,,9,,8,23,18,24,8,16,4,0,1,2,1.2,1823.0
215,2026-10-01,,,,,,,,0,0,1611.0,9.4,7.0,7.2,7.9,4.0,12.0,12.0,,,,13.6,0,,,993.0,992.6,993.7,993.1,,,,,,,58.0,22.0,32.0,37.0,-1,-1,-1,,,,,,,,,,,11,,14,25,19,25,12,19,,1,4,4,4.9,900.0
217,2026-10-01,,,,,,,,0,0,1494.0,8.8,8.3,8.9,8.7,0.0,24.0,4.0,,,,8.7,0,,,968.5,966.4,968.0,967.6,,,,,,,100.0,32.0,63.0,65.0,-1,-1,-1,,,,,,,,,,,10,,5,22,12,22,4,13,1,0,3,1,1.9,1320.0
218,2026-10-01,,,,,,,,0,0,1595.0,10.2,6.6,8.4,8.4,8.0,16.0,12.0,,,,10.6,0,,,1013.8,1013.0,1013.8,1013.5,,,,,,,78.0,21.0,46.0,48.0,-1,-1,-1,,,,,,,,,,,11,,11,25,16,26,9,17,4,2,4,2,4.0,1219.0
220,2026-10-01,,,,,,,,0,0,1074.0,10.8,11.8,12.8,11.8,12.0,32.0,32.0,,,,8.6,0,,,912.1,912.3,914.5,913.0,,,,,,,73.0,49.0,65.0,62.0,0,-1,-1,,,,,,,,,,,4,,13,21,17,22,11,16,,1,3,1,2.2,1211.0
221,2026-10-01,,,,,,,,0,0,1591.0,10.3,7.8,7.5,8.5,8.0,12.0,12.0,,,,14.1,0,,,1001.1,1000.5,1001.6,1001.1,,,,,,,67.0,26.0,34.0,42.0,-1,-1,-1,,,,,,,,,,,11,,13,24,19,24,12,18,10,4,4,3,6.0,1223.0
222,2026-10-01,,,,,,,,0,0,1537.0,,6.7,7.6,,12.0,16.0,12.0,,,,15.0,0,,,1004.6,1004.1,1004.9,1004.5,,,,,,,,23.0,39.0,,-1,-1,-1,,,,,,,,,,,11,,,24,17,,,,,2,3,2,3.3,1140.0
500,2026-10-01,,,,,,,,0,0,1353.0,9.4,9.5,7.6,8.8,16.0,12.0,12.0,,,,8.4,0,,,959.7,960.1,961.3,960.4,,,,,,,67.0,34.0,40.0,47.0,-1,-1,-1,,,,,,,,,,,10,,12,23,17,24,10,17,7,1,2,1,1.6,1040.0
726,2026-10-01,,,,,,,,0,0,1680.0,9.3,7.0,7.3,7.9,28.0,12.0,8.0,,,,11.7,0,,,972.1,972.1,973.2,972.5,,,,,,,64.0,25.0,38.0,42.0,-1,-1,-1,,,,,,,,,,,11,,13,23,17,23,8,16,5,1,3,2,2.8,1144.0
901,2026-10-01,,,,,,,,,,,,,,,,,,,,,,0,,,,,,,,,,,,,,,,,,,,,,,,,,,,,,,,,,,,,,,,,,,
905,2026-10-01,,,,,,,,0,0,1526.0,9.6,6.9,6.9,7.8,4.0,12.0,8.0,,,,12.3,0,,,988.5,988.1,989.2,988.6,,,,,,,62.0,24.0,33.0,40.0,-1,-1,-1,,,,,,,,,,,10,,14,23,18,24,13,18,10,3,4,2,4.7,1116.0
1401,2026-10-01,,,,,,,,0,0,1503.0,8.7,10.2,10.6,9.8,8.0,12.0,12.0,,,,6.1,0,,,941.0,941.9,942.9,941.9,,,,,,,64.0,39.0,62.0,55.0,-1,-1,-1,,,,,,,,,,,10,,12,22,15,23,9,16,6,2,2,1,2.1,1343.0
1416,2026-10-01,,,,,,,,0,0,1476.0,9.2,10.4,11.0,10.2,4.0,16.0,4.0,,,,5.6,0,,,952.1,952.9,953.7,952.9,,,,,,,70.0,37.0,54.0,54.0,-1,-1,-1,,,,,,,,,,,10,,11,23,18,24,9,16,5,2,2,2,2.7,1117.0
1602,2026-10-01,,,,,,,,0,0,1554.0,7.8,9.3,11.3,9.5,12.0,16.0,16.0,,,,5.7,0,,,960.7,960.9,961.9,961.2,,,,,,,93.0,31.0,75.0,66.0,-1,-1,-1,,,,,,,,,,,9,,4,24,13,25,4,15,,1,2,1,1.6,1349.0
1730,2026-10-01,,,,,,,,0,0,,8.8,10.5,8.8,9.4,4.0,12.0,12.0,,,,8.2,,,,,,,,,,,,,,93.0,39.0,75.0,69.0,-1,-1,-1,,,,,,,,,,,,,6,22,9,23,-1,11,-3,1,2,2,2.1,1553.0
1802,2026-10-01,,,,,,,,0,0,1542.0,8.7,9.8,8.1,8.9,20.0,12.0,20.0,,,,8.6,0,,,957.8,957.9,959.3,958.3,,,,,,,76.0,34.0,46.0,52.0,-1,-1,-1,,,,,,,,,,,10,,9,23,16,24,7,15,4,2,3,1,2.8,1213.0
1906,2026-10-01,99.0,99.0,99.0,1.0,8.0,8.0,57.0,0,0,1503.0,9.3,8.0,7.5,8.3,12.0,12.0,12.0,0,0,0,10.0,0,0,0,954.4,954.8,955.8,955.0,0,0,,,,,65.0,30.0,41.0,45.0,-1,-1,-1,,0,0,,-1.0,0,-1.0,25000.0,40000.0,25000.0,11,1,12,22,16,23,11,17,7,3,3,3,4.6,1019.0
1920,2026-10-01,,,,,,,,0,0,1592.0,6.7,8.9,9.4,8.3,0.0,12.0,0.0,,,,7.9,0,,,965.9,965.8,966.9,966.2,,,,,,,96.0,32.0,70.0,66.0,-1,-1,-1,,,,,,,,,,,10,,2,23,11,23,1,12,1,0,2,0,0.9,1127.0
2116,2026-10-01,,,,,,,,0,0,1611.0,9.4,7.0,7.2,7.9,4.0,12.0,12.0,,,,13.6,0,,,993.0,992.6,993.7,993.1,,,,,,,58.0,22.0,32.0,37.0,-1,-1,-1,,,,,,,,,,,11,,14,25,19,25,12,19,,1,4,4,4.9,900.0
2117,2026-10-01,,,,,,,,0,0,1421.0,9.9,6.9,7.6,8.1,8.0,12.0,4.0,,,,10.9,0,,,989.2,988.9,990.1,989.4,,,,,,,64.0,22.0,38.0,41.0,-1,-1,-1,,,,,,,,,,,11,,14,25,18,25,5,15,,2,4,2,4.0,1223.0
2207,2026-10-01,,,,,,,,0,0,1558.0,9.6,7.3,7.4,8.1,12.0,12.0,12.0,,,,13.4,0,,,996.5,995.8,996.8,996.4,,,,,,,56.0,25.0,33.0,38.0,-1,-1,-1,,,,,,,,,,,11,,15,24,19,24,14,19,11,2,4,3,4.7,1452.0
2401,2026-10-01,,,,,,,,0,0,1580.0,9.8,7.3,7.4,8.2,12.0,12.0,12.0,,,,13.8,0,,,1004.9,1004.4,1005.2,1004.8,,,,,,,60.0,25.0,34.0,40.0,-1,-1,-1,,,,,,,,,,,11,,14,24,19,24,13,19,11,2,4,2,4.0,1033.0
2415,2026-10-01,,,,,,,,1,0,1486.0,9.3,7.2,6.9,7.8,12.0,12.0,12.0,,,,22.0,0,,,972.6,972.7,973.5,972.9,,,,,,,65.0,29.0,35.0,43.0,-1,-1,-1,,,,,,,,,,,11,,12,21,17,21,12,17,11,5,6,5,10.2,1057.0
2430,2026-10-01,,,,,,,,0,0,,9.7,7.2,7.6,8.2,8.0,16.0,8.0,,,,11.6,0,,,1004.6,1004.1,1004.9,1004.5,,,,,,,59.0,24.0,43.0,42.0,-1,-1,-1,,,,,,,,,,,11,,14,24,16,25,13,19,9,2,3,1,2.8,1147.0
2503,2026-10-01,,,,,,,,0,0,1604.0,9.9,7.6,7.8,8.4,8.0,12.0,8.0,,,,14.7,0,,,1002.7,1002.2,1003.0,1002.6,,,,,,,63.0,26.0,47.0,45.0,-1,-1,-1,,,,,,,,,,,11,,14,24,15,24,11,18,9,2,4,1,3.5,1103.0
2602,2026-10-01,,,,,,,,0,0,1501.0,10.7,9.6,8.6,9.6,8.0,16.0,12.0,,,,14.4,0,,,1009.5,1008.7,1009.5,1009.2,,,,,,,68.0,31.0,45.0,48.0,-1,-1,-1,,,,,,,,,,,11,,14,25,17,25,11,18,5,2,4,2,4.0,1124.0
2902,2026-10-01,,,,,,,,0,0,1444.0,10.8,13.7,14.1,12.9,24.0,8.0,12.0,,,,6.5,0,,,981.5,981.8,982.7,982.0,,,,,,,83.0,47.0,79.0,70.0,-1,-1,-1,,,,0.0,,,,,,,10,,11,24,16,24,9,17,5,1,1,2,1.6,23.0
2910,2026-10-01,,,,,,,,0,0,1382.0,11.1,12.6,15.7,13.1,28.0,12.0,32.0,,,,5.0,0,,,986.4,986.3,987.4,986.7,,,,,,,94.0,38.0,83.0,72.0,-1,-1,-1,,,,,,,,,,,10,,9,26,17,26,9,17,7,1,1,1,1.1,1020.0
3111,2026-10-01,,,,,,,,,,,,,,,,,,,,,,,,,,,,,,,,,,,,,,,,,,,,,,,,,,,,,,,,,,,,,,,,,
3202,2026-10-01,,,,,,,,0,0,1348.0,10.5,8.8,12.0,10.4,20.0,12.0,28.0,,,,5.1,0,,,992.3,992.2,993.1,992.5,,,,,,,73.0,27.0,60.0,53.0,-1,-1,-1,,,,,,,,,,,10,,12,26,18,27,12,19,9,1,1,1,1.1,1011.0
3315,2026-10-01,,,,,,,,0,0,1481.0,9.1,9.0,10.5,9.5,24.0,12.0,24.0,,,,6.7,0,,,943.6,944.4,945.3,944.4,,,,,,,78.0,32.0,72.0,61.0,-1,-1,-1,,,,,,,,,,,10,,9,23,13,24,8,16,4,1,2,1,1.6,843.0
3425,2026-10-01,,,,,,,,0,0,1655.0,8.9,9.1,8.9,9.0,4.0,16.0,4.0,,,,7.3,0,,,959.1,959.7,960.3,959.7,,,,,,,70.0,31.0,45.0,49.0,-1,-1,-1,,,,,,,,,,,10,,11,24,17,25,9,17,8,2,2,1,2.1,1119.0
3520,2026-10-01,,,0.0,0.0,0.0,3.0,10.0,0,0,1544.0,8.9,9.2,7.8,8.6,12.0,12.0,8.0,0,0,0,8.6,0,0,0,913.5,914.7,915.3,914.5,0,0,,,,,61.0,39.0,45.0,48.0,-1,-1,-1,,,,,-1.0,0,-1.0,30000.0,30000.0,30000.0,11,0,13,20,15,21,12,17,11,2,2,3,3.3,453.0
3702,2026-10-01,,,,,,,,0,0,1617.0,9.3,8.4,7.3,8.3,12.0,8.0,8.0,,,,9.7,0,,,915.2,916.0,916.7,916.0,,,,,,,64.0,35.0,46.0,48.0,-1,-1,-1,,,,,,,,,,,11,,13,20,14,22,11,16,10,4,3,3,5.3,442.0
3805,2026-10-01,2.0,1.0,1.0,3.0,2.0,2.0,23.0,0,0,1528.0,10.4,7.5,8.4,8.8,28.0,8.0,32.0,0,0,0,8.6,0,0,0,1000.8,1000.0,1001.4,1000.7,0,0,,,,,76.0,23.0,43.0,47.0,-1,-1,-1,,0,0,,-1.0,0,-1.0,20000.0,25000.0,20000.0,10,1,12,26,17,26,8,17,4,1,2,1,1.6,1154.0
3811,2026-10-01,,,,,,,,0,0,1508.0,9.8,6.7,6.9,7.8,24.0,12.0,8.0,,,,8.9,0,,,1000.7,1000.1,1001.5,1000.8,,,,,,,76.0,21.0,30.0,42.0,-1,-1,-1,,,,,,,,,,,9,,11,25,20,25,8,17,5,1,3,1,2.2,1046.0
4026,2026-10-01,,,,,,,,0,0,1591.0,10.3,7.8,7.5,8.5,8.0,12.0,12.0,,,,14.1,0,,,1001.1,1000.5,1001.6,1001.1,,,,,,,67.0,26.0,34.0,42.0,-1,-1,-1,,,,,,,,,,,11,,13,24,19,24,12,18,10,4,4,3,6.0,1223.0
4081,2026-10-01,,,,,,,,0,0,1562.0,9.5,7.0,6.9,7.8,4.0,12.0,12.0,,,,16.2,0,,,1004.6,1004.1,1004.8,1004.5,,,,,,,49.0,23.0,28.0,33.0,-1,-1,-1,,,,,,,,,,,11,,17,24,21,25,15,20,12,2,5,5,7.1,1857.0
4115,2026-10-01,,,,,,,,0,0,1467.0,10.3,7.4,7.7,8.5,12.0,12.0,12.0,,,,12.3,0,,,1004.6,1003.8,1004.7,1004.4,,,,,,,68.0,24.0,37.0,43.0,-1,-1,-1,,,,,,,,,,,11,,13,25,18,25,9,17,6,1,3,2,2.8,1210.0
4126,2026-10-01,,,,,,,,0,0,1537.0,,6.7,7.6,,12.0,16.0,12.0,,,,15.0,0,,,1004.6,1004.1,1004.9,1004.5,,,,,,,,23.0,39.0,,-1,-1,-1,,,,,,,,,,,11,,,24,17,,,,,2,3,2,3.3,1140.0
4224,2026-10-01,,,,,,,,0,0,1514.0,10.0,6.4,7.6,8.0,12.0,16.0,12.0,,,,11.0,0,,,1007.8,1007.0,1007.8,1007.5,,,,,,,62.0,21.0,40.0,41.0,0,-1,0,,,,,,,,,,,11,,14,24,17,25,13,19,9,2,3,1,2.8,1233.0
4305,2026-10-01,,,,,,,,0,0,1592.0,10.3,7.0,8.0,8.4,12.0,12.0,12.0,,,,12.9,0,,,1010.3,1009.5,1010.3,1010.0,,,,,,,60.0,22.0,41.0,41.0,-1,-1,-1,,,,,,,,,,,11,,15,25,17,26,13,19,,3,4,2,4.7,1139.0
4501,2026-10-01,,,,,,,,0,0,1427.0,10.8,14.1,14.7,13.2,8.0,32.0,8.0,,,,5.4,0,,,976.6,976.9,978.0,977.2,,,,,,,78.0,44.0,73.0,65.0,-1,-1,-1,,,,,,,,,,,10,,12,25,18,26,9,18,8,2,2,1,2.1,1219.0
4515,2026-10-01,,,,,,,,0,0,1478.0,10.6,16.6,15.2,14.1,0.0,24.0,4.0,,,,3.9,0,,,973.4,973.6,975.1,974.0,,,,,,,92.0,53.0,75.0,73.0,-1,-1,-1,,,,,,,,,,,10,,9,25,18,25,8,17,,0,1,2,1.2,1014.0
4601,2026-10-01,,,,,,,,0,0,1540.0,10.1,14.1,13.8,12.7,16.0,32.0,16.0,,,,4.1,0,,,,,,,,,,,,,95.0,47.0,87.0,76.0,-1,-1,-1,,,,,,,,,,,10,,8,24,14,24,7,15,5,1,1,1,1.1,1206.0
4611,2026-10-01,,,,,,,,0,0,1438.0,10.3,13.8,14.9,13.0,12.0,24.0,12.0,,,,5.8,0,,,968.9,969.3,970.5,969.6,,,,,,,85.0,43.0,74.0,67.0,-1,-1,-1,,,,0.0,,,,,,,10,,10,25,18,26,9,17,5,1,2,1,1.6,1318.0
4705,2026-10-01,,,,,,,,0,0,1412.0,10.1,12.6,14.7,12.5,20.0,4.0,20.0,,,,3.7,0,,,972.6,973.0,974.2,973.3,,,,,,,86.0,42.0,81.0,70.0,-1,-1,-1,,,,,,,,,,,9,,9,24,16,24,8,16,7,1,1,1,1.1,1215.0
4802,2026-10-01,,,,,,,,0,0,,10.3,10.4,11.6,10.8,12.0,12.0,32.0,,,,5.1,0,,,,,,,,,,,,,69.0,35.0,51.0,52.0,-1,-1,-1,,,,,,,,,,,9,,13,24,20,25,11,18,4,2,2,1,2.1,1239.0
4815,2026-10-01,0.0,0.0,2.0,2.0,2.0,4.0,27.0,0,0,1562.0,9.6,11.2,10.7,10.5,8.0,8.0,8.0,1,0,1,5.7,0,0,0,951.4,952.2,953.2,952.3,0,0,,,,,56.0,43.0,44.0,48.0,-1,-1,-1,0,0,0,,-1.0,0,-1.0,30000.0,30000.0,15000.0,9,0,15,22,21,22,14,18,11,2,2,2,2.7,205.0
4821,2026-10-01,,,,,,,,0,0,1458.0,9.5,12.7,14.6,12.3,24.0,8.0,32.0,,,,4.8,0,,,972.6,972.7,974.0,973.1,,,,,,,98.0,42.0,86.0,75.0,-1,-1,-1,,,,,,,,,,,10,,7,24,15,25,6,15,4,1,2,1,1.6,1146.0
4905,2026-10-01,,,,,,,,0,0,1404.0,10.0,11.8,13.3,11.7,20.0,4.0,20.0,,,,4.0,0,,,986.8,986.8,987.6,987.1,,,,,,,92.0,40.0,75.0,69.0,-1,-1,-1,,,,,,,,,,,9,,8,24,16,25,7,16,3,1,1,1,1.1,1313.0
5000,2026-10-01,,,,,,,,0,0,,10.0,12.0,12.7,11.6,16.0,8.0,28.0,,,,5.1,0,,,986.4,986.5,987.3,986.7,,,,,,,85.0,38.0,61.0,61.0,-1,-1,-1,,,,,,,,,,,10,,9,25,18,26,8,17,5,1,2,1,1.6,
5012,2026-10-01,,0.0,0.0,0.0,10.0,10.0,67.0,0,0,1455.0,9.9,12.3,13.4,11.9,28.0,4.0,20.0,1,0,0,6.8,0,0,0,977.5,977.8,978.6,978.0,0,0,,,,,83.0,40.0,61.0,61.0,-1,-1,-1,0,0,0,,-1.0,0,-1.0,60000.0,45000.0,15000.0,10,0,10,25,19,25,9,17,4,1,1,3,2.2,1952.0
5116,2026-10-01,,,,,,,,0,0,1706.0,9.9,11.9,12.8,11.5,20.0,4.0,12.0,,,,5.2,0,,,978.1,978.5,979.2,978.6,,,,,,,74.0,38.0,66.0,59.0,-1,-1,-1,,,,,,,,,,,10,,11,25,17,25,10,18,7,1,2,2,2.1,1347.0
5130,2026-10-01,,,,,,,,0,0,1571.0,10.0,11.6,11.7,11.1,32.0,8.0,8.0,,,,6.2,0,,,985.9,986.0,986.8,986.2,,,,,,,69.0,36.0,48.0,51.0,-1,-1,-1,,,,,,,,,,,10,,13,25,21,26,12,19,8,1,2,1,1.6,1002.0
5316,2026-10-01,,,,,,,,0,0,1475.0,10.8,10.8,9.6,10.4,8.0,4.0,8.0,,,,7.9,0,,,992.5,992.1,993.3,992.6,,,,,,,67.0,31.0,40.0,46.0,-1,-1,-1,,,,,,,,,,,10,,14,27,21,27,12,19,8,2,2,2,2.7,1230.0
5412,2026-10-01,,0.0,0.0,0.0,1.0,4.0,17.0,0,0,1465.0,9.4,10.2,11.3,10.3,16.0,12.0,0.0,1,0,0,6.4,0,0,0,989.6,988.9,990.2,989.6,0,0,,,,,88.0,30.0,62.0,60.0,-1,-1,-1,0,0,0,,-1.0,0,-1.0,40000.0,40000.0,40000.0,10,1,8,26,16,27,6,17,3,1,2,0,1.2,1141.0
5413,2026-10-01,,,,,,,,0,0,1429.0,10.7,10.1,8.4,9.7,20.0,8.0,4.0,,,,8.5,0,,,988.7,988.2,989.6,988.8,,,,,,,69.0,29.0,39.0,46.0,,,,,,,,,,,,,,11,,14,27,19,27,12,20,5,1,2,1,1.6,1144.0
5421,2026-10-01,,,,,,,,0,0,1483.0,9.2,10.6,10.9,10.2,20.0,12.0,8.0,,,,5.7,0,,,993.6,992.9,994.3,993.6,,,,,,,85.0,30.0,56.0,57.0,-1,-1,-1,,,,,,,,,,,10,,8,27,17,28,7,18,5,1,2,1,1.6,1102.0
5609,2026-10-01,,,,,,,,0,0,1584.0,10.6,8.5,8.5,9.2,4.0,12.0,4.0,,,,8.2,0,,,992.6,992.1,993.4,992.7,,,,,,,72.0,26.0,38.0,45.0,-1,-1,-1,,,,,,,,,,,11,,13,26,19,26,11,18,9,2,2,2,2.7,1152.0
5625,2026-10-01,,,,,,,,0,0,1523.0,9.7,8.2,7.5,8.5,16.0,16.0,20.0,,,,14.3,0,,,944.3,944.8,945.6,944.9,,,,,,,55.0,31.0,38.0,41.0,-1,-1,-1,,,,,,,,,,,11,,16,22,17,23,15,19,,2,3,2,3.3,38.0
5701,2026-10-01,,,,,,,,,,,,,,,,,,,,,,,,,,,,,,,,,,,,,,,,,,,,,,,,,,,,,,,,,,,,,,,,,
5735,2026-10-01,,,,,,,,1,0,1479.0,9.0,7.1,6.7,7.6,12.0,12.0,12.0,,,,19.6,0,,,970.5,970.3,971.0,970.6,,,,,,,47.0,26.0,31.0,35.0,-1,-1,-1,,,,,,,,,,,11,,17,23,19,23,16,20,13,5,6,6,11.2,931.0
5802,2026-10-01,,,,,,,,0,0,1536.0,9.5,7.0,7.2,7.9,12.0,12.0,12.0,,,,16.4,0,,,973.6,973.3,974.3,973.7,,,,,,,67.0,27.0,36.0,43.0,-1,-1,-1,,,,,,,,,,,11,,12,22,18,22,12,17,,4,4,3,6.0,952.0
5805,2026-10-01,,,,,,,,0,0,1533.0,9.5,7.2,7.2,8.0,8.0,12.0,8.0,,,,11.5,0,,,999.7,998.7,999.9,999.4,,,,,,,64.0,24.0,34.0,41.0,-1,-1,-1,,,,,,,,,,,11,,13,24,19,25,11,18,,1,3,2,2.8,1324.0
5820,2026-10-01,,,,,,,,0,0,1584.0,9.8,6.5,7.5,7.9,12.0,12.0,16.0,,,,13.4,0,,,992.5,991.8,992.9,992.4,,,,,,,62.0,23.0,38.0,41.0,-1,-1,-1,,,,,,,,,,,11,,14,23,17,24,12,18,10,1,3,1,2.2,934.0
5882,2026-10-01,,,,,,,,0,0,1533.0,9.4,6.6,7.1,7.7,20.0,12.0,12.0,,,,12.9,0,,,1001.8,1000.9,1002.0,1001.6,,,,,,,56.0,22.0,32.0,37.0,-1,-1,-1,,,,,,,,,,,11,,15,24,19,25,12,18,6,1,4,2,3.5,1102.0
5904,2026-10-01,,,,,,,,0,0,1596.0,10.1,7.0,7.3,8.1,12.0,12.0,12.0,,,,15.3,0,,,1001.9,1001.1,1002.2,1001.7,,,,,,,65.0,23.0,32.0,40.0,-1,-1,-1,,,,,,,,,,,11,,14,24,20,25,11,18,6,3,4,3,5.3,954.0
5917,2026-10-01,,,,,,,,0,0,1601.0,10.0,7.5,7.6,8.4,12.0,12.0,12.0,,,,15.2,0,,,1003.3,1002.6,1003.5,1003.1,,,,,,,64.0,24.0,36.0,41.0,-1,-1,-1,,,,,,,,,,,10,,14,25,18,25,12,19,9,3,4,3,5.3,1027.0
5925,2026-10-01,,,,,,,,0,0,1655.0,9.6,6.5,7.0,7.7,12.0,12.0,12.0,,,,15.1,0,,,1005.8,1004.9,1005.9,1005.5,,,,,,,57.0,21.0,29.0,36.0,-1,-1,-1,,,,,,,,,,,11,,15,25,21,25,14,20,,2,4,3,4.7,1020.0
5935,2026-10-01,,,,,,,,0,0,1442.0,9.6,7.0,7.4,8.0,12.0,12.0,12.0,,,,11.8,0,,,1007.5,1006.7,1007.6,1007.3,,,,,,,60.0,23.0,32.0,38.0,-1,-1,-1,,,,,,,,,,,11,,14,24,20,25,13,19,9,1,3,2,2.8,1205.0
5972,2026-10-01,,,,,,,,0,0,1510.0,10.1,6.9,7.6,8.2,12.0,12.0,12.0,,,,13.0,0,,,1009.1,1008.5,1009.1,1008.9,,,,,,,63.0,23.0,36.0,41.0,-1,-1,-1,,,,,,,,,,,11,,14,24,18,24,12,18,7,2,4,2,4.0,1151.0
5990,2026-10-01,,,,,,,,0,0,,10.1,6.5,7.4,8.0,12.0,12.0,12.0,,,,14.9,0,,,1005.6,1004.9,1005.6,1005.4,,,,,,,63.0,22.0,35.0,40.0,-1,-1,-1,,,,,,,,,,,11,,14,24,18,24,12,18,9,3,5,3,6.1,
6102,2026-10-01,,,,,,,,0,0,1570.0,10.4,7.9,8.0,8.8,8.0,16.0,12.0,,,,11.6,0,,,1008.0,1007.0,1007.9,1007.6,,,,,,,75.0,25.0,39.0,46.0,-1,-1,-1,,,,,,,,,,,11,,12,25,18,25,10,17,9,2,3,2,3.3,1158.0
6111,2026-10-01,,,,,,,,0,0,,8.5,7.1,7.5,7.7,12.0,16.0,12.0,,,,9.6,0,,,,,,,,,,,,,45.0,22.0,35.0,34.0,-1,-1,-1,,,,,,,,,,,10,,17,25,19,26,15,20,12,2,2,1,2.1,1259.0
6300,2026-10-01,,,,,,,,0,0,,11.9,14.4,16.3,14.2,16.0,28.0,20.0,,,,9.8,0,,,970.8,971.0,972.3,971.4,,,,,,,75.0,44.0,79.0,66.0,-1,-1,-1,,,,,,,,,,,10,,14,26,18,26,13,19,10,3,1,1,2.2,
6305,2026-10-01,,0.0,,0.0,7.0,,,0,0,1393.0,10.5,13.7,16.4,13.5,16.0,28.0,0.0,0,0,,8.2,0,0,0,973.6,973.6,975.2,974.1,0,0,,,,,59.0,41.0,81.0,60.0,-1,-1,-1,,0,,,-1.0,0,-1.0,8000.0,18000.0,,8,1,16,26,18,26,14,20,9,2,1,0,1.2,825.0
6415,2026-10-01,,,,,,,,0,0,1412.0,11.4,14.8,17.0,14.4,0.0,32.0,4.0,,,,3.7,0,,,963.7,964.3,965.6,964.5,,,,,,,73.0,48.0,84.0,68.0,-1,-1,-1,,,,,,,,,,,9,,14,25,18,25,11,18,,0,1,1,0.7,1034.0
6430,2026-10-01,,,,,,,,0,0,,8.6,11.8,12.9,11.1,12.0,4.0,24.0,,,,7.4,0,,,897.4,898.8,899.8,898.7,,,,,,,52.0,52.0,64.0,56.0,,,,,,,,,,,,,,8,,15,20,18,21,14,17,,3,1,1,2.2,224.0
6512,2026-10-01,,,,,,,,0,0,1356.0,10.2,15.6,15.1,13.6,8.0,12.0,32.0,,,,10.0,0,,,966.6,966.9,968.5,967.3,,,,,,,52.0,53.0,80.0,62.0,-1,-1,-1,,,,,,,,,,,9,,17,24,17,24,14,19,,3,1,1,2.2,24.0
6540,2026-10-01,,,,,,,,0,0,,9.5,12.3,14.6,12.1,16.0,12.0,24.0,,,,9.2,0,,,,,,,,,,,,,44.0,44.0,79.0,56.0,-1,-1,-1,,,,,,,,,,,8,,19,23,16,24,16,20,,2,1,1,1.6,850.0
6611,2026-10-01,,0.0,1.0,0.0,3.0,9.0,40.0,0,0,1572.0,8.9,10.3,9.9,9.7,20.0,28.0,24.0,0,0,0,8.1,0,0,0,845.4,846.9,847.8,846.7,0,0,,,,,63.0,57.0,69.0,63.0,-1,-1,-1,,0,0,,-1.0,0,-1.0,100000.0,80000.0,35000.0,10,0,12,16,12,17,11,14,6,2,1,1,1.6,148.0
6621,2026-10-01,,,,,,,,0,0,1499.0,10.5,14.3,14.7,13.2,24.0,4.0,20.0,,,,5.1,0,,,970.9,971.4,972.7,971.7,,,,,,,67.0,48.0,78.0,64.0,-1,-1,-1,,,,0.0,,,,,,,9,,14,24,17,24,12,18,10,2,2,1,2.1,26.0
6804,2026-10-01,,,,,,,,0,0,1502.0,9.9,14.0,13.4,12.4,28.0,28.0,12.0,,,,8.0,0,,,971.1,971.8,972.7,971.9,,,,,,,85.0,47.0,73.0,68.0,-1,-1,-1,,,,,,,,,,,9,,9,24,16,24,9,17,5,1,2,2,2.1,12.0
7002,2026-10-01,,,,,,,,0,0,1567.0,8.9,9.7,12.3,10.3,20.0,20.0,8.0,,,,12.7,0,,,,,,,,,,,,,44.0,28.0,73.0,48.0,-1,-1,-1,,,,,,,,,,,10,,18,27,15,27,15,21,14,2,2,1,2.1,914.0
7013,2026-10-01,,,,,,,,0,0,1475.0,10.1,11.8,13.1,11.7,4.0,16.0,8.0,,,,5.4,0,,,979.2,979.1,980.5,979.6,,,,,,,89.0,35.0,80.0,68.0,-1,-1,-1,,,,,,,,,,,9,,9,26,14,28,8,18,,1,1,1,1.1,2326.0
7110,2026-10-01,,,,,,,,0,0,1571.0,9.1,10.8,11.6,10.5,8.0,24.0,8.0,,,,3.2,0,,,953.5,953.3,954.9,953.9,,,,,,,96.0,36.0,92.0,75.0,-1,-1,-1,,,,,,,,,,,9,,6,24,10,24,5,15,4,1,1,1,1.1,815.0
7221,2026-10-01,,,,,,,,0,0,1550.0,9.2,9.7,6.6,8.5,12.0,16.0,12.0,,,,16.1,0,,,926.0,926.6,927.8,926.8,,,,,,,56.0,43.0,40.0,46.0,-1,-1,-1,,,,,,,,,,,10,,15,20,15,20,14,17,12,4,4,2,5.4,47.0
7301,2026-10-01,,,,,,,,1,0,,9.6,8.2,6.6,8.1,16.0,16.0,16.0,,,,19.0,,,,945.8,946.5,947.4,946.6,,,,,,,51.0,33.0,33.0,39.0,-1,-1,-1,,,,,,,,,,,,,17,21,18,21,17,19,14,4,3,3,5.3,753.0
7305,2026-10-01,,,,,,,,,,,,,,,,,,,,,,,,,,,,,,,,,,,,,,,,,,,,,,,,,,,,,,,,,,,,,,,,,
7505,2026-10-01,,,,,,,,0,0,,9.3,7.5,7.3,8.0,8.0,16.0,8.0,,,,10.6,0,,,958.2,957.8,958.9,958.3,,,,,,,51.0,27.0,42.0,40.0,-1,-1,-1,,,,,,,,,,,9,,16,23,15,23,15,19,12,2,2,1,2.1,838.0
7531,2026-10-01,,,,,,,,0,0,1632.0,8.8,6.7,5.9,7.1,16.0,12.0,16.0,,,,15.0,0,,,919.2,919.3,920.2,919.6,,,,,,,54.0,30.0,36.0,40.0,-1,-1,-1,,,,,,,,,,,11,,14,19,14,20,12,16,,3,4,3,5.3,1104.0
7604,2026-10-01,,0.0,0.0,0.0,6.0,6.0,40.0,0,0,1525.0,9.7,6.8,7.2,7.9,12.0,16.0,16.0,0,0,0,14.0,0,0,0,993.4,992.9,994.0,993.4,0,0,,,,,63.0,23.0,33.0,40.0,-1,-1,-1,,0,0,,-1.0,0,-1.0,45000.0,45000.0,30000.0,11,0,13,24,19,25,13,19,12,2,4,2,4.0,948.0
7610,2026-10-01,,,,,,,,0,0,,9.3,6.9,6.8,7.7,12.0,16.0,16.0,,,,10.1,0,,,943.8,943.8,944.8,944.1,,,,,,,53.0,26.0,37.0,39.0,-1,-1,-1,,,,,,,,,,,10,,16,22,16,23,14,19,11,1,2,1,1.6,12.0
7641,2026-10-01,,,,0.0,0.0,0.0,0.0,0,0,1582.0,9.5,6.8,7.6,8.0,32.0,16.0,16.0,0,0,0,13.6,0,0,0,986.9,986.3,987.5,986.9,0,0,,,,,64.0,23.0,40.0,42.0,-1,-1,-1,,0,0,,-1.0,0,-1.0,4000.0,6000.0,6000.0,10,1,13,24,17,24,11,18,10,1,3,1,2.2,1035.0
7653,2026-10-01,,,,,,,,,,,9.4,6.9,6.9,7.7,,16.0,12.0,,,,,0,,,,,,,,,,,,,67.0,22.0,34.0,41.0,-1,-1,-1,,,,,,,,,,,,,12,25,18,25,10,18,5,,4,3,,
7704,2026-10-01,,,,,,,,0,0,1519.0,10.5,7.5,8.5,8.8,8.0,12.0,4.0,,,,13.5,0,,,1005.6,1004.6,1005.7,1005.3,,,,,,,77.0,25.0,48.0,50.0,-1,-1,-1,0,0,0,,,,,,,,11,,12,24,16,25,10,17,8,2,4,1,3.5,1053.0
7710,2026-10-01,,,,,,,,0,0,1588.0,,7.2,7.5,,12.0,12.0,12.0,,,,13.7,0,,,1005.2,1004.5,1005.4,1005.0,,,,,,,,24.0,34.0,,-1,-1,-1,,,,,,,,,,,11,,,24,19,,,,,3,4,3,5.3,1145.0
7714,2026-10-01,,,,,,,,0,0,,9.1,7.1,7.2,7.8,12.0,16.0,12.0,,,,13.7,0,,,,,,,,,,,,,55.0,25.0,33.0,38.0,-1,-1,-1,,,,,,,,,,,10,,15,23,19,24,14,19,,2,4,3,4.7,1106.0
7890,2026-10-01,,,,,,,,0,0,1432.0,10.2,7.9,8.2,8.8,8.0,16.0,12.0,,,,9.9,0,,,1013.8,1012.6,1013.5,1013.3,,,,,,,75.0,26.0,43.0,48.0,-1,-1,-1,,,,,,,,,,,9,,12,24,17,25,10,17,,1,2,1,1.6,1146.0
7906,2026-10-01,,,,,,,,0,0,,,,,,4.0,16.0,12.0,,,,12.7,0,,,,,,,,,,,,,,,,,,,,,,,,,,,,,,,,,,,,,,,2,3,2,3.3,1155.0
7912,2026-10-01,,,,,,,,0,0,,10.1,7.2,8.2,8.5,8.0,16.0,12.0,,,,10.2,0,,,,,,,,,,,,,74.0,23.0,44.0,47.0,,,,,,,,,,,,,,11,,12,25,16,25,9,17,9,2,2,2,2.7,1122.0
7956,2026-10-01,,,,,,,,0,0,1595.0,10.2,6.6,8.4,8.4,8.0,16.0,12.0,,,,10.6,0,,,1013.8,1013.0,1013.8,1013.5,,,,,,,78.0,21.0,46.0,48.0,-1,-1,-1,,,,,,,,,,,11,,11,25,16,26,9,17,4,2,4,2,4.0,1219.0
8301,2026-10-01,,,,,,,,0,0,1005.0,11.6,13.5,14.3,13.1,20.0,28.0,28.0,,,,6.9,0,,,908.4,909.9,910.9,909.7,,,,,,,62.0,61.0,77.0,67.0,3,-1,-1,,,,,,,,,,,2,,17,19,16,20,16,18,,2,2,2,2.7,54.0
8806,2026-10-01,,,,,,,,0,0,1270.0,9.9,14.1,13.9,12.6,32.0,32.0,32.0,,,,7.8,0,,,917.9,917.7,919.7,918.4,,,,,,,96.0,53.0,82.0,77.0,0,-1,-1,,,,,,,,,,,7,,8,22,15,23,7,15,6,1,3,2,2.8,1421.0
8807,2026-10-01,,0.0,1.0,0.0,5.0,10.0,,,,,,,,,,,,1,0,1,,0,,0,,,,,,,,,,,,,,,,,,,,,,-1.0,0,-1.0,5000.0,15000.0,5000.0,,,,,,,,,,,,,,
9016,2026-10-01,0.0,0.0,0.0,3.0,7.0,8.0,60.0,0,0,1437.0,12.3,15.1,16.3,14.6,20.0,4.0,32.0,1,0,0,6.8,0,0,0,966.3,965.4,967.1,966.3,0,0,,,,,88.0,51.0,68.0,69.0,-1,-1,-1,,0,0,,-1.0,0,-1.0,35000.0,25000.0,8000.0,9,1,12,24,20,25,12,19,11,1,1,2,1.6,1504.0
9019,2026-10-01,,,,,,,,0,0,1309.0,10.6,13.6,14.6,12.9,0.0,32.0,16.0,,,,6.8,0,,,,,,,,,,,,,96.0,49.0,73.0,73.0,-1,-1,-1,,,,,,,,,,,9,,8,23,18,24,8,16,4,0,1,2,1.2,1823.0
9105,2026-10-01,,,,,,,,0,0,1301.0,9.9,15.1,14.7,13.2,16.0,32.0,32.0,,,,5.3,0,,,,,,,,,,,,,94.0,51.0,79.0,75.0,-1,-1,-1,,,,,,,,,,,9,,8,24,16,24,7,16,,1,1,1,1.1,1519.0
9110,2026-10-01,0.0,0.0,1.0,3.0,10.0,10.0,77.0,0,0,1457.0,10.0,14.2,15.4,13.2,20.0,24.0,20.0,1,0,0,3.7,0,0,0,955.4,954.8,956.5,955.6,0,0,,,,,94.0,48.0,88.0,77.0,-1,-1,-1,0,0,0,,-1.0,0,-1.0,1000.0,10000.0,5000.0,10,1,8,24,15,24,7,16,4,1,1,1,1.1,907.0
9211,2026-10-01,,2.0,0.0,0.0,7.0,6.0,43.0,0,0,1309.0,11.0,12.1,14.9,12.7,20.0,16.0,24.0,0,0,0,7.1,0,0,0,951.8,951.0,952.9,951.9,0,0,,,,,82.0,41.0,83.0,69.0,-1,-1,-1,,,,,-1.0,0,-1.0,60000.0,60000.0,20000.0,7,1,11,24,16,24,11,18,8,2,1,1,1.6,400.0
9215,2026-10-01,,,,,,,,0,0,1464.0,9.2,11.0,12.3,10.8,20.0,32.0,4.0,,,,8.1,0,,,845.3,846.7,847.7,846.6,,,,,,,61.0,61.0,81.0,68.0,-1,-1,-1,,,,,,,,,,,9,,13,16,13,17,13,15,,4,1,1,3.0,417.0
9406,2026-10-01,,,,,,,,0,0,1412.0,10.0,13.3,15.2,12.8,12.0,16.0,8.0,,,,10.5,0,,,967.1,966.3,968.0,967.1,,,,,,,54.0,39.0,75.0,56.0,-1,-1,-1,,,,,,,,,,,10,,16,26,18,27,15,21,13,2,1,2,2.1,257.0
9501,2026-10-01,,0.0,0.0,0.0,3.0,6.0,30.0,0,0,1487.0,9.4,11.1,13.2,11.2,12.0,16.0,12.0,1,1,1,3.6,0,0,0,942.4,941.8,943.5,942.6,0,0,,,,,83.0,36.0,73.0,64.0,-1,-1,-1,0,0,0,,-1.0,0,-1.0,15000.0,15000.0,10000.0,9,1,9,25,16,25,8,16,4,1,1,1,1.1,1403.0
9512,2026-10-01,,,,,,,,0,0,,9.3,10.3,14.3,11.3,8.0,24.0,0.0,,,,7.5,0,,,960.3,959.9,961.6,960.6,,,,,,,49.0,31.0,73.0,51.0,-1,-1,-1,,,,,,,,,,,9,,17,26,17,26,15,21,,2,1,0,1.2,833.0
9609,2026-10-01,,,,,,,,0,0,1435.0,10.0,11.2,12.6,11.3,8.0,16.0,8.0,,,,3.9,0,,,962.5,961.0,962.7,962.1,,,,,,,90.0,39.0,79.0,69.0,-1,-1,-1,,,,,,,,,,,8,,9,23,14,24,8,16,,1,1,1,1.1,816.0
9618,2026-10-01,,,,,,,,0,0,1436.0,10.4,11.5,13.8,11.9,8.0,16.0,12.0,,,,6.0,0,,,964.7,963.7,965.6,964.7,,,,,,,71.0,35.0,78.0,61.0,-1,-1,-1,,,,,,,,,,,8,,13,26,16,26,11,19,8,1,1,1,1.1,1200.0
9643,2026-10-01,,,,,,,,0,0,,9.5,9.8,11.2,10.2,8.0,16.0,4.0,,,,9.5,0,,,939.1,938.1,939.8,939.0,,,,,,,69.0,36.0,66.0,57.0,-1,-1,-1,,,,,,,,,,,9,,12,23,15,24,11,18,,3,2,1,2.8,139.0
9700,2026-10-01,0.0,,1.0,5.0,0.0,2.0,23.0,0,0,1474.0,8.9,8.9,11.0,9.6,32.0,8.0,28.0,1,0,0,7.1,0,0,0,933.8,932.3,934.2,933.4,0,0,,,,,87.0,32.0,67.0,62.0,-1,-1,-1,,0,0,,-1.0,0,-1.0,5000.0,20000.0,5000.0,10,1,7,23,15,23,6,15,,1,2,1,1.6,1109.0
9801,2026-10-01,,2.0,1.0,0.0,3.0,4.0,23.0,0,0,1497.0,8.3,10.8,11.0,10.0,20.0,4.0,8.0,1,0,0,8.5,0,0,1,951.3,948.8,950.9,950.3,0,0,,,,,96.0,38.0,71.0,68.0,-1,-1,-1,,0,0,,-1.0,0,-1.0,600.0,50000.0,40000.0,9,1,5,23,14,24,3,13,2,1,3,1,2.2,1612.0
9811,2026-10-01,,,,,,,,0,0,1519.0,8.6,10.4,10.8,9.9,12.0,32.0,16.0,,,,5.7,0,,,946.2,944.1,946.0,945.4,,,,,,,95.0,37.0,65.0,66.0,-1,-1,-1,,,,,,,,,,,9,,6,23,15,23,5,14,3,1,2,1,1.6,1451.0
9911,2026-10-01,,,0.0,0.0,0.0,4.0,13.0,0,0,1620.0,8.9,9.3,11.8,10.0,0.0,20.0,0.0,1,0,1,5.7,0,0,0,951.9,949.9,951.9,951.2,0,0,,,,,93.0,31.0,77.0,67.0,-1,-1,-1,,,,,-1.0,0,-1.0,6000.0,39000.0,4000.0,10,1,6,24,13,25,6,15,,0,1,0,0.4,1356.0
9919,2026-10-01,,,,,,,,0,0,,9.5,9.2,11.4,10.0,8.0,12.0,0.0,,,,16.4,0,,,954.6,954.1,955.6,954.8,,,,,,,61.0,29.0,68.0,53.0,-1,-1,-1,,,,0.0,,,,,,,10,,14,25,15,25,12,19,11,1,3,0,1.9,59.0
9925,2026-10-01,,,,,,,,0,0,1583.0,9.7,11.2,10.6,10.5,16.0,8.0,12.0,,,,12.0,0,,,944.9,943.2,945.2,944.4,,,,,,,81.0,44.0,63.0,63.0,-1,-1,-1,,,,,,,,,,,10,,10,21,15,22,7,14,4,1,2,2,2.1,1050.0
10005,2026-10-01,,,,,,,,0,0,1480.0,9.1,10.8,9.2,9.7,12.0,12.0,12.0,,,,10.4,0,,,963.2,962.5,963.8,963.2,,,,,,,60.0,37.0,44.0,47.0,-1,-1,-1,,,,,,,,,,,9,,13,24,18,24,13,18,,2,3,3,3.9,1222.0
10111,2026-10-01,,,,,,,,0,0,1315.0,8.9,10.0,7.6,8.8,12.0,12.0,12.0,,,,14.2,0,,,889.7,890.0,891.1,890.3,,,,,,,84.0,52.0,61.0,66.0,-1,-1,-1,,,,,,,,,,,9,,8,17,10,17,7,12,,3,3,2,3.9,4.0
10200,2026-10-01,0.0,,,4.0,0.0,0.0,13.0,0,0,1535.0,8.9,9.2,7.6,8.6,0.0,12.0,28.0,1,0,0,6.5,0,0,0,938.4,937.4,938.7,938.2,0,0,,,,,91.0,41.0,54.0,62.0,-1,-1,-1,,,,,-1.0,0,-1.0,3000.0,7000.0,6000.0,11,0,7,19,12,20,5,13,1,0,2,2,1.8,1158.0
10401,2026-10-01,,,,,,,,,,,8.5,7.0,7.8,7.8,,,,,,,,0,,,946.2,945.1,946.5,945.9,,,,,,,95.0,30.0,56.0,60.0,-1,-1,-1,,,,,,,,,,,,,5,20,12,21,5,13,,,,,,
10412,2026-10-01,,,,,,,,1,0,1624.0,8.1,5.9,5.3,6.4,16.0,16.0,20.0,,,,19.0,0,,,853.4,854.3,854.9,854.2,,,,,,,71.0,40.0,45.0,52.0,-1,-1,-1,,,,,,,,,,,10,,9,13,9,15,7,11,,3,3,4,5.3,445.0
10415,2026-10-01,,,,,,,,0,0,1574.0,8.7,7.3,5.9,7.3,20.0,20.0,20.0,,,,16.0,0,,,914.1,913.8,914.7,914.2,,,,,,,91.0,36.0,38.0,55.0,-1,-1,-1,0,0,0,,,,,,,,10,,6,18,14,18,6,12,4,2,3,3,3.9,37.0
10500,2026-10-01,,,,,,,,0,0,1632.0,7.4,7.4,6.4,7.1,20.0,20.0,24.0,,,,13.7,0,,,914.2,914.5,915.3,914.7,,,,,,,49.0,38.0,41.0,43.0,-1,-1,-1,,,,,,,,,,,10,,13,17,14,18,12,15,10,4,4,3,6.0,810.0
10510,2026-10-01,,0.0,0.0,0.0,6.0,8.0,47.0,0,0,1532.0,10.0,7.5,9.1,8.9,0.0,24.0,0.0,,,,7.3,0,,,970.1,969.0,970.5,969.9,,,,,,,88.0,27.0,65.0,60.0,-1,-1,-1,0,0,0,,,,,,,,11,,9,23,12,23,7,15,5,0,2,0,0.9,1343.0
10531,2026-10-01,,,,,,,,0,0,1547.0,9.6,6.6,7.4,7.9,20.0,20.0,24.0,,,,10.1,0,,,977.7,976.8,978.2,977.6,,,,,,,71.0,22.0,48.0,47.0,-1,-1,-1,,,,,,,,,,,11,,11,24,13,25,9,17,,1,2,1,1.6,913.0
10607,2026-10-01,,,,,,,,0,0,1475.0,9.2,7.8,8.1,8.4,16.0,16.0,16.0,,,,10.7,0,,,973.8,973.4,974.6,973.9,,,,,,,86.0,31.0,57.0,58.0,-1,-1,-1,,,,,,,,,,,9,,8,21,12,22,8,15,4,1,2,1,1.6,1123.0
10710,2026-10-01,,,,,,,,0,0,1579.0,9.7,7.1,7.3,8.0,8.0,16.0,12.0,,,,12.1,0,,,993.5,993.0,994.1,993.5,,,,,,,70.0,24.0,35.0,43.0,-1,-1,-1,,,,,,,,,,,11,,12,24,18,25,11,18,,1,3,2,2.8,1128.0
10720,2026-10-01,,,,,,,,0,0,1630.0,8.2,7.1,6.9,7.4,20.0,16.0,20.0,,,,12.3,0,,,,,,,,,,,,,44.0,27.0,37.0,36.0,-1,-1,-1,,,,,,,,,,,11,,17,22,17,23,15,19,13,2,3,2,3.3,1043.0
11102,2026-10-01,1.0,1.0,2.0,9.0,9.0,10.0,93.0,,,,,,,,,,,1,0,0,,0,0,0,,,,,0,0,,,,,,,,,2,-1,-1,1,0,0,,-1.0,0,-1.0,10000.0,10000.0,10000.0,,1,,,,,,,,,,,,
11104,2026-10-01,,,,,,,,0,0,827.0,14.0,15.6,16.9,15.5,20.0,28.0,4.0,,,,6.1,0,,,971.3,972.5,974.0,972.6,,,,,,,84.0,56.0,77.0,72.0,2,-1,-1,,,,,,,,,,,1,,15,23,19,23,14,19,10,1,1,1,1.1,2354.0
11106,2026-10-01,,,,,,,,0,0,942.0,10.6,12.9,13.2,12.2,8.0,4.0,4.0,,,,6.2,0,,,930.7,931.6,932.9,931.7,,,,,,,53.0,50.0,63.0,55.0,7,-1,-1,,,,,,,,,,,2,,18,22,18,23,16,20,12,1,1,1,1.1,1503.0
11114,2026-10-01,1.0,,,6.0,,,,0,0,861.0,14.0,15.2,16.4,15.2,20.0,32.0,4.0,0,,,5.3,0,0,0,974.7,975.7,977.1,975.8,0,0,,,,,89.0,55.0,72.0,72.0,6,-1,-1,,,,,-1.0,0,-1.0,25000.0,,,2,0,14,23,20,24,13,18,9,1,1,1,1.1,2344.0
11115,2026-10-01,2.0,2.0,2.0,9.0,10.0,10.0,97.0,0,0,832.0,12.3,15.4,15.7,14.5,8.0,32.0,28.0,0,0,1,6.8,0,0,0,971.5,972.3,973.8,972.5,0,0,,,,,73.0,52.0,67.0,64.0,2,-1,-1,,,,,-1.0,0,-1.0,20000.0,25000.0,20000.0,1,0,15,24,20,24,14,19,12,1,2,1,1.6,1427.0
11116,2026-10-01,,,,,,,,0,0,,9.3,12.4,11.9,11.2,4.0,32.0,8.0,,,,5.8,0,,,,,,,,,,,,,64.0,77.0,82.0,74.0,,-1,-1,,,,,,,,,,,2,,13,14,13,15,12,14,,2,1,2,2.1,631.0
11135,2026-10-01,,,,,,,,0,0,825.0,12.0,14.0,14.6,13.5,20.0,20.0,20.0,,,,6.9,0,,,941.0,942.2,943.4,942.2,,,,,,,81.0,58.0,72.0,70.0,,-1,-1,,,,,,,,,,,1,,13,21,18,21,12,17,9,1,2,2,2.1,2349.0
11146,2026-10-01,,,,,,,,0,0,808.0,13.3,16.3,17.9,15.8,12.0,32.0,24.0,,,,9.4,0,,,975.6,976.8,978.0,976.8,,,,,,,82.0,61.0,77.0,73.0,3,-1,-1,,,,,,,,,,,1,,14,22,20,23,12,17,,1,1,1,1.1,2348.0
11200,2026-10-01,,,,,,,,,,,,,,,,,,,,,,0,,,,,,,,,,,,,,,,,,,,,,,,,,,,,,,,,,,,,,,,,,,
11203,2026-10-01,,,,,,,,0,0,830.0,11.8,14.6,15.9,14.1,12.0,24.0,12.0,,,,5.4,0,,,928.0,928.5,930.0,928.8,,,,,,,96.0,61.0,83.0,80.0,2,-1,-1,,,,,,,,,,,2,,10,20,17,21,8,15,7,1,1,1,1.1,1205.0
11301,2026-10-01,,,,,,,,0,0,842.0,10.3,12.8,13.1,12.1,8.0,12.0,4.0,,,,5.0,0,,,884.4,885.3,886.7,885.5,,,,,,,71.0,64.0,77.0,71.0,2,-1,-1,,,,,,,,,,,2,,13,18,15,19,12,15,,1,1,1,1.1,1156.0
11305,2026-10-01,,,,,,,,0,0,883.0,9.5,12.5,12.4,11.5,24.0,16.0,28.0,,,,7.2,0,,,861.0,861.8,863.0,861.9,,,,,,,81.0,67.0,78.0,75.0,,-1,-1,,,,,,,,,,,2,,9,16,14,18,9,14,6,1,2,1,1.6,1303.0
11306,2026-10-01,0.0,1.0,1.0,4.0,8.0,10.0,73.0,,,,,,,,,,,0,0,0,,0,0,0,,,,,0,0,,,,,,,,,1,-1,-1,1,0,0,,-1.0,0,-1.0,25000.0,20000.0,20000.0,,0,,,,,,,,,,,,
11311,2026-10-01,,,,,,,,0,0,796.0,11.4,12.7,13.3,12.5,0.0,4.0,32.0,,,,5.9,0,,,,,,,,,,,,,83.0,60.0,74.0,72.0,,-1,-1,,,,,,,,,,,2,,12,18,16,19,10,15,,0,2,2,1.8,1409.0
11401,2026-10-01,,,,,,,,,,,,,,,,,,,,,,0,,,,,,,,,,,,,,,,,,,,,,,,,,,,,,,,,,,,,,,,,,,
11402,2026-10-01,,,,,,,,0,0,791.0,10.0,12.2,12.8,11.7,24.0,16.0,4.0,,,,6.6,0,,,900.8,900.4,902.2,901.1,,,,,,,87.0,49.0,63.0,66.0,4,-1,-1,,,,,,,,,,,2,,9,21,18,22,7,15,6,1,1,2,1.6,1812.0
11410,2026-10-01,,,,,,,,0,0,969.0,10.4,13.0,13.2,12.2,12.0,24.0,0.0,,,,6.6,0,,,899.5,900.3,901.8,900.5,,,,,,,96.0,56.0,80.0,77.0,6,-1,-1,,,,,,,,,,,4,,8,20,15,20,6,13,2,1,2,0,1.2,1110.0
11505,2026-10-01,,,,,,,,0,0,1103.0,11.5,14.1,14.2,13.3,16.0,32.0,32.0,,,,8.5,0,,,927.3,927.7,929.1,928.0,,,,,,,85.0,57.0,69.0,70.0,8,-1,-1,,,,,,,,,,,6,,12,21,18,22,10,16,5,1,3,1,2.2,1307.0
11506,2026-10-01,0.0,1.0,1.0,6.0,10.0,3.0,,,,,,,,,,,,0,0,0,,0,,0,,,,,,,,,,,,,,,,-1,-1,,0,0,,-1.0,0,-1.0,30000.0,30000.0,4000.0,,,,,,,,,,,,,,
11602,2026-10-01,0.0,2.0,2.0,3.0,5.0,10.0,60.0,,,,,,,,,,,1,0,0,,0,0,0,,,,,0,0,,,,,,,,,,-1,-1,,0,0,,-1.0,0,-1.0,40000.0,40000.0,20000.0,,1,,,,,,,,,,,,
11603,2026-10-01,,,,,,,,0,0,1230.0,10.8,12.7,13.4,12.3,12.0,28.0,4.0,,,,6.4,0,,,912.5,912.5,914.4,913.1,,,,,,,78.0,44.0,67.0,63.0,10,-1,-1,,,,,,,,,,,6,,12,24,18,24,11,18,9,1,2,1,1.6,550.0
11706,2026-10-01,,,,,,,,0,0,1323.0,9.0,12.2,12.6,11.3,20.0,4.0,32.0,,,,8.1,0,,,891.4,891.0,892.7,891.7,,,,,,,94.0,51.0,71.0,72.0,,-1,-1,,,,,,,,,,,8,,6,20,16,22,5,14,2,1,2,1,1.6,1518.0
11800,2026-10-01,0.0,1.0,1.0,3.0,7.0,8.0,60.0,,,,,,,,,,,1,0,0,,0,0,0,,,,,0,0,,,,,,,,,,-1,-1,,0,0,,-1.0,0,-1.0,25000.0,25000.0,15000.0,,1,,,,,,,,,,,,
11803,2026-10-01,0.0,0.0,0.0,4.0,7.0,10.0,70.0,0,0,1411.0,,11.7,14.9,,24.0,8.0,28.0,1,0,0,11.3,0,0,0,953.7,952.0,953.7,953.1,0,0,,,,,,36.0,65.0,,-1,-1,-1,1,0,0,,-1.0,0,-1.0,7000.0,11000.0,4000.0,9,1,,26,20,,,,,2,2,1,2.1,10.0
11804,2026-10-01,,,,,,,,0,0,1423.0,10.9,12.9,14.8,12.9,24.0,12.0,24.0,,,,7.6,0,,,956.6,954.6,956.5,955.9,,,,,,,82.0,41.0,67.0,63.0,-1,-1,-1,,,,,,,,,,,9,,11,25,19,26,10,18,7,2,1,2,2.1,313.0
11901,2026-10-01,,,,,,,,0,0,1357.0,11.5,14.3,14.7,13.5,24.0,8.0,4.0,,,,9.1,0,,,962.5,960.9,962.7,962.0,,,,,,,96.0,47.0,57.0,67.0,-1,-1,-1,,,,,,,,,,,9,,10,24,22,25,10,17,,1,1,3,2.2,2149.0
12015,2026-10-01,,,,,,,,0,0,1378.0,10.5,13.9,14.3,12.9,8.0,20.0,8.0,,,,6.8,0,,,918.8,918.7,920.3,919.3,,,,,,,82.0,56.0,76.0,71.0,-1,-1,-1,,,,,,,,,,,8,,11,21,17,24,11,17,,1,1,1,1.1,1453.0
12016,2026-10-01,,,,,,,,,,,,,,,,,,,,,,,,,,,,,,,,,,,,,,,,,,,,,,,,,,,,,,,,,,,,,,,,,
12203,2026-10-01,,,,,,,,0,0,1442.0,10.4,14.4,13.9,12.9,0.0,24.0,16.0,,,,4.8,0,,,936.0,935.5,937.1,936.2,,,,,,,93.0,52.0,74.0,73.0,-1,-1,-1,,,,,,,,,,,9,,9,23,17,24,9,16,6,0,2,1,1.2,1526.0
12215,2026-10-01,,,,,,,,0,0,1550.0,8.4,10.5,10.8,9.9,24.0,28.0,4.0,,,,7.3,0,,,831.4,832.7,833.6,832.6,,,,,,,60.0,67.0,80.0,69.0,,,,,,,,,,,,,,10,,12,14,12,15,11,13,,1,1,3,2.2,1854.0
12216,2026-10-01,,,,,,,,,,,,,,,,,,,,,,0,,,,,,,,,,,,,,,,,-1,-1,-1,,,,,,,,,,,,,,,,,,,,,,,,
12231,2026-10-01,,,,,,,,0,0,1419.0,8.9,14.3,13.1,12.1,0.0,12.0,0.0,,,,3.9,0,,,,,,,,,,,,,99.0,62.0,87.0,83.0,-1,-1,-1,,,,,,,,,,,10,,5,20,13,22,4,13,,0,1,0,0.4,1232.0
12302,2026-10-01,,,,,,,,0,0,1336.0,8.9,13.7,13.2,11.9,28.0,12.0,0.0,,,,5.1,0,,,913.6,912.6,914.3,913.5,,,,,,,90.0,67.0,85.0,81.0,-1,-1,-1,,,,,,,,,,,8,,7,18,14,21,6,13,4,1,1,0,0.7,1505.0
12311,2026-10-01,,,,,,,,0,0,1619.0,5.9,10.1,10.7,8.9,24.0,24.0,32.0,,,,4.5,0,,,812.7,813.8,814.8,813.8,,,,,,,47.0,61.0,81.0,63.0,-1,-1,-1,,,,,,,,,,,11,,10,15,11,16,8,12,,2,1,2,2.1,444.0
12323,2026-10-01,,,,,,,,0,0,,9.9,11.7,13.3,11.6,20.0,0.0,20.0,,,,5.6,0,,,938.8,936.7,938.5,938.0,,,,,,,98.0,45.0,87.0,77.0,-1,-1,-1,,,,,,,,,,,11,,7,22,13,23,5,14,,1,0,1,0.7,106.0
12351,2026-10-01,,,,,,,,,,,10.4,12.2,13.6,12.1,,,,,,,,0,,,914.8,914.5,916.0,915.1,,,,,,,92.0,47.0,79.0,73.0,-1,-1,-1,,,,,,,,,,,,,9,22,15,22,9,15,,,,,,
12352,2026-10-01,,0.0,0.0,0.0,3.0,4.0,23.0,,,,,,,,,,,1,0,0,,0,0,0,,,,,0,0,,,,,,,,,-1,-1,-1,0,0,0,,-1.0,0,-1.0,15000.0,15000.0,10000.0,,0,,,,,,,,,,,,
12504,2026-10-01,,,,,,,,0,0,1476.0,10.1,11.0,13.3,11.5,12.0,16.0,12.0,,,,4.1,0,,,962.6,959.5,961.5,961.2,,,,,,,92.0,37.0,69.0,66.0,-1,-1,-1,,,,,,,,,,,9,,8,24,17,25,8,17,8,1,1,1,1.1,1932.0
12506,2026-10-01,,,,,,,,,,,,,,,,,,,,,,,,,,,,,,,,,,,,,,,,,,,,,,,,,,,,,,,,,,,,,,,,,
12513,2026-10-01,,,,,,,,0,0,,9.5,11.2,12.6,11.1,0.0,12.0,32.0,,,,4.1,0,,,939.7,937.5,939.2,938.8,,,,,,,84.0,39.0,65.0,63.0,-1,-1,-1,,,,,,,,,,,10,,9,23,17,24,8,16,5,0,1,1,0.7,1619.0
12530,2026-10-01,,0.0,0.0,0.0,6.0,9.0,,0,0,,10.1,13.2,12.7,12.0,0.0,8.0,12.0,1,0,0,3.5,0,0,0,951.0,948.5,950.2,949.9,0,0,,,,,95.0,55.0,68.0,73.0,-1,-1,-1,0,0,0,,-1.0,0,-1.0,20000.0,30000.0,20000.0,,1,8,21,17,21,8,15,6,0,1,1,0.7,1739.0
12616,2026-10-01,,,,,,,,0,0,1565.0,7.8,10.7,11.4,10.0,20.0,8.0,0.0,,,,6.8,0,,,930.3,928.4,930.3,929.7,,,,,,,97.0,39.0,85.0,74.0,-1,-1,-1,,,,,,,,,,,10,,4,23,11,23,2,13,2,1,3,0,1.9,1118.0
12711,2026-10-01,,0.0,0.0,0.0,5.0,10.0,50.0,0,0,1674.0,8.6,10.0,9.5,9.4,32.0,8.0,32.0,0,0,0,4.3,0,0,0,889.3,889.0,890.4,889.6,0,0,,,,,74.0,45.0,64.0,61.0,-1,-1,-1,0,0,0,,-1.0,0,-1.0,29000.0,29000.0,12000.0,10,1,9,19,13,20,8,14,3,1,2,1,1.6,1011.0
12720,2026-10-01,,,,,,,,0,0,1736.0,,,,,12.0,8.0,4.0,,,,4.8,0,,,,,,,,,,,,,,,,,,,,,,,,,,,,,,10,,,,,,,,,1,1,1,1.1,909.0
12721,2026-10-01,,,,,,,,,,,4.4,6.8,6.6,5.9,,,,,,,,0,,,,,,,,,,,,,58.0,60.0,76.0,65.0,-1,-1,-1,,,,0.0,,,,,,,,,3,9,5,9,2,6,,,,,,
12811,2026-10-01,,,,,,,,0,0,1602.0,8.0,10.6,10.9,9.8,24.0,4.0,4.0,,,,6.8,0,,,937.7,935.8,937.8,937.1,,,,,,,86.0,40.0,63.0,63.0,-1,-1,-1,,,,,,,,,,,9,,6,22,15,22,5,14,3,1,1,2,1.6,1742.0
13116,2026-10-01,,,,,,,,0,0,1527.0,8.9,10.6,9.5,9.7,0.0,12.0,24.0,,,,5.2,0,,,927.7,926.8,928.1,927.5,,,,,,,93.0,45.0,77.0,72.0,-1,-1,-1,,,,,,,,,,,11,,6,20,10,20,3,12,2,0,2,2,1.8,1411.0
13120,2026-10-01,,,,,,,,0,0,1476.0,7.7,10.8,10.3,9.6,8.0,8.0,24.0,,,,10.5,0,,,941.8,939.8,941.8,941.1,,,,,,,94.0,45.0,74.0,71.0,-1,-1,-1,,,,,,,,,,,10,,4,21,12,21,3,12,2,1,4,1,3.0,1148.0
13302,2026-10-01,,,,,,,,,,,,,,,,,,,,,,,,,,,,,,,,,,,,,,,,,,,,,,,,,,,,,,,,,,,,,,,,,
13308,2026-10-01,,,,,,,,0,0,1338.0,,,,,32.0,16.0,4.0,,,,6.6,0,,,979.0,977.6,979.2,978.6,,,,,,,,,,,,,,,,,,,,,,,,9,,,,,,,,,1,2,1,1.6,1303.0
13312,2026-10-01,,,,,,,,0,0,1622.0,9.3,9.1,8.6,9.0,16.0,12.0,4.0,,,,7.7,0,,,965.2,962.7,964.4,964.1,,,,,,,86.0,34.0,52.0,57.0,-1,-1,-1,,,,,,,,,,,10,,8,22,15,23,7,15,3,1,2,1,1.6,1312.0
13401,2026-10-01,,,,,,,,0,0,1494.0,8.8,8.3,8.9,8.7,0.0,24.0,4.0,,,,8.7,0,,,968.5,966.4,968.0,967.6,,,,,,,100.0,32.0,63.0,65.0,-1,-1,-1,,,,,,,,,,,10,,5,22,12,22,4,13,1,0,3,1,1.9,1320.0
13515,2026-10-01,,,,,,,,0,0,1604.0,9.0,7.5,6.2,7.6,28.0,16.0,20.0,,,,9.3,0,,,909.7,909.7,910.8,910.1,,,,,,,68.0,37.0,46.0,50.0,-1,-1,-1,,,,,,,,,,,10,,11,18,12,18,9,14,4,1,2,1,1.6,947.0
13605,2026-10-01,,,,,,,,0,0,1641.0,8.4,7.3,8.6,8.1,0.0,16.0,0.0,,,,7.7,0,,,988.6,987.7,988.8,988.4,,,,,,,83.0,25.0,58.0,55.0,-1,-1,-1,,,,,,,,,,,11,,7,24,13,24,6,15,5,0,2,0,0.9,1128.0
13606,2026-10-01,,,,,,,,0,0,1648.0,8.9,7.7,6.8,7.8,28.0,12.0,20.0,,,,11.4,0,,,947.6,947.5,948.4,947.8,,,,,,,68.0,32.0,41.0,47.0,-1,-1,-1,,,,,,,,,,,11,,11,21,15,21,11,16,5,1,3,1,2.2,1120.0
13640,2026-10-01,,,,,,,,0,0,1548.0,9.7,7.4,8.6,8.6,28.0,16.0,28.0,,,,7.1,0,,,975.7,975.3,976.3,975.8,,,,,,,87.0,28.0,64.0,60.0,,-1,-1,,,,,,,,,,,10,,9,22,11,23,7,15,4,1,2,1,1.6,1122.0
13702,2026-10-01,,,,,,,,0,0,1712.0,8.2,6.6,6.5,7.1,24.0,16.0,16.0,,,,9.3,0,,,954.3,954.3,955.1,954.6,,,,,,,51.0,27.0,37.0,38.0,-1,-1,-1,,,,,,,,,,,11,,14,21,16,21,13,17,,1,2,1,1.6,1132.0
13707,2026-10-01,,,,,,,,0,0,,9.0,8.0,8.1,8.4,32.0,16.0,32.0,,,,8.0,0,,,,,,,,,,,,,82.0,29.0,57.0,56.0,-1,-1,-1,0,0,0,,,,,,,,11,,8,23,12,23,7,15,4,1,2,1,1.6,1155.0
13811,2026-10-01,,,,,,,,0,0,,8.9,6.9,7.4,7.7,28.0,16.0,20.0,,,,10.8,0,,,991.6,990.9,991.9,991.5,,,,,,,57.0,24.0,41.0,41.0,-1,-1,-1,,,,,,,,,,,11,,14,23,16,24,11,17,8,2,3,1,2.8,1452.0
13907,2026-10-01,,0.0,0.0,0.0,1.0,1.0,7.0,0,0,1549.0,9.7,7.6,8.1,8.5,8.0,16.0,16.0,0,0,0,9.3,0,0,0,1004.2,1003.2,1004.2,1003.9,0,0,,,,,79.0,25.0,39.0,48.0,-1,-1,-1,,0,0,,-1.0,0,-1.0,6000.0,15000.0,7000.0,10,0,10,24,18,25,6,15,3,1,2,2,2.1,1220.0
14103,2026-10-01,,,,,,,,0,0,892.0,12.0,15.3,14.2,13.8,12.0,28.0,32.0,,,,7.2,0,,,956.9,957.3,958.9,957.7,,,,,,,79.0,51.0,58.0,63.0,2,-1,-1,,,,,,,,,,,2,,13,24,21,25,13,19,10,1,1,1,1.1,1530.0
14105,2026-10-01,,,,,,,,,,,,,,,,,,,,,,0,,,,,,,,,,,,,,,,,,,,,,,,,,,,,,,,,,,,,,,,,,,
14115,2026-10-01,,,,,,,,0,0,669.0,10.7,12.8,13.5,12.3,16.0,4.0,16.0,,,,6.8,0,,,906.6,907.5,908.8,907.6,,,,,,,76.0,57.0,76.0,70.0,3,-1,-1,,,,,,,,,,,0,,12,19,16,20,11,16,,1,2,1,1.6,123.0
14301,2026-10-01,,,,,,,,,,,,,,,,,,,,,,,,,,,,,,,,,,,,,,,,,,,,,,,,,,,,,,,,,,,,,,,,,
14302,2026-10-01,,,,,,,,0,0,861.0,9.6,11.3,12.6,11.2,24.0,20.0,20.0,,,,7.1,0,,,879.5,878.7,880.3,879.5,,,,,,,88.0,50.0,71.0,70.0,3,-1,-1,,,,,,,,,,,1,,8,20,16,22,7,14,4,1,2,2,2.1,1333.0
14305,2026-10-01,,,,,,,,0,0,1096.0,9.1,10.4,11.0,10.2,8.0,24.0,24.0,,,,10.3,0,,,799.7,800.4,801.4,800.5,,,,,,,84.0,79.0,100.0,88.0,2,-1,-1,,,,0.0,,,,,,,4,,8,11,8,12,7,10,,2,4,4,5.4,1218.0
14308,2026-10-01,,,,,,,,0,0,,7.5,8.6,9.0,8.4,4.0,24.0,4.0,,,,3.8,0,,,,,,,,,,,,,84.0,91.0,100.0,92.0,,,,,,,,,,,,,,,,5,6,5,8,5,6,,2,1,1,1.6,825.0
14310,2026-10-01,0.0,1.0,1.0,3.0,6.0,10.0,63.0,,,,,,,,,,,0,0,0,,0,0,0,,,,,0,0,,,,,,,,,,-1,-1,,0,0,,-1.0,0,-1.0,15000.0,20000.0,15000.0,,0,,,,,,,,,,,,
14311,2026-10-01,,,,,,,,0,0,853.0,10.7,12.3,13.3,12.1,4.0,20.0,0.0,,,,8.1,0,,,886.9,887.7,889.5,888.0,,,,,,,65.0,59.0,78.0,67.0,6,-1,-1,,,,,,,,,,,1,,15,18,15,19,13,16,,3,2,0,2.4,618.0
14403,2026-10-01,,,,,,,,0,0,1075.0,11.1,12.7,13.4,12.4,16.0,8.0,16.0,,,,7.3,0,,,932.3,930.1,932.0,931.5,,,,,,,78.0,39.0,57.0,58.0,9,-1,-1,,,,,,,,,,,6,,12,26,20,26,12,19,10,2,1,1,1.6,148.0
14513,2026-10-01,0.0,1.0,,2.0,6.0,,,0,0,1297.0,10.5,12.5,13.1,12.0,4.0,16.0,4.0,1,0,,6.6,0,,,936.0,934.0,935.8,935.3,,,,,,,90.0,40.0,52.0,61.0,8,-1,-1,,0,,,-1.0,0,-1.0,20000.0,20000.0,,7,,9,25,21,26,9,17,,1,1,1,1.1,1547.0
14521,2026-10-01,1.0,0.0,,7.0,4.0,,,0,0,1088.0,10.4,11.6,12.0,11.3,20.0,4.0,4.0,0,0,0,12.0,0,0,0,,,,,0,0,,,,,91.0,38.0,51.0,60.0,,-1,-1,,0,0,,-1.0,0,-1.0,8000.0,25000.0,3000.0,6,0,9,24,20,25,9,17,4,1,1,2,1.6,1657.0
14602,2026-10-01,,,,,,,,,,,,,,,,,,,,,,0,,,,,,,,,,,,,,,,,,,,,,,,,,,,,,,,,,,,,,,,,,,
14603,2026-10-01,,,,,,,,0,0,1265.0,10.7,12.3,13.6,12.2,24.0,4.0,4.0,,,,10.9,0,,,948.4,946.2,948.1,947.6,,,,,,,92.0,38.0,59.0,63.0,6,-1,-1,,,,,,,,,,,7,,9,25,20,27,8,17,4,1,1,2,1.6,1601.0
14621,2026-10-01,,,,,,,,,,,,,,,,,,,,,,0,,,,,,,,,,,,,,,,,,,,,,,,,,,,,,,,,,,,,,,,,,,
14622,2026-10-01,,,,,,,,0,0,1063.0,8.3,11.5,11.8,10.5,20.0,32.0,0.0,,,,7.3,0,,,863.2,862.3,864.4,863.3,,,,,,,95.0,52.0,88.0,78.0,3,-1,-1,,,,,,,,,,,5,,5,19,11,20,4,12,,1,3,0,1.9,1157.0
14631,2026-10-01,,,,,,,,0,0,1215.0,9.7,11.8,12.8,11.4,12.0,28.0,28.0,,,,8.8,0,,,906.9,905.7,907.4,906.7,,,,,,,87.0,43.0,58.0,63.0,2,-1,-1,,,,,,,,,,,7,,9,23,19,23,8,16,4,1,2,2,2.1,1409.0
14701,2026-10-01,,,,,,,,0,0,1126.0,10.2,14.0,13.1,12.4,20.0,8.0,20.0,,,,6.2,0,,,,,,,,,,,,,84.0,51.0,76.0,70.0,-1,-1,-1,,,,,,,,,,,6,,10,23,15,23,10,16,7,2,2,2,2.7,1435.0
14802,2026-10-01,,,,,,,,0,0,1299.0,9.5,10.8,11.3,10.5,8.0,16.0,12.0,,,,8.4,0,,,868.9,868.1,869.5,868.8,,,,,,,81.0,53.0,73.0,69.0,-1,-1,-1,,,,0.0,,,,,,,8,,9,18,14,19,9,14,,1,1,1,1.1,1012.0
14812,2026-10-01,,,,,,,,0,0,1210.0,8.2,9.3,9.3,8.9,20.0,8.0,4.0,,,,14.7,0,,,784.3,785.2,786.0,785.2,,,,,,,79.0,75.0,81.0,78.0,-1,-1,-1,,,,,,,,,,,7,,8,10,9,12,6,9,,2,2,2,2.7,116.0
14822,2026-10-01,,,,,,,,0,0,1264.0,10.6,13.7,13.3,12.5,16.0,12.0,12.0,,,,4.6,0,,,918.6,918.0,919.3,918.6,,,,,,,76.0,51.0,66.0,64.0,-1,-1,-1,,,,,,,,,,,7,,12,22,18,23,12,17,10,1,1,1,1.1,549.0
14825,2026-10-01,,,,,,,,0,0,1350.0,8.1,11.1,10.7,10.0,8.0,24.0,8.0,,,,5.5,0,,,863.0,861.9,863.5,862.8,,,,,,,89.0,51.0,84.0,75.0,-1,-1,-1,,,,0.0,,,,,,,8,,6,19,11,20,4,12,,1,2,1,1.6,1216.0
14833,2026-10-01,,,,,,,,0,0,1384.0,9.5,11.5,13.2,11.4,12.0,12.0,0.0,,,,8.0,0,,,908.2,906.7,908.6,907.8,,,,,,,79.0,42.0,73.0,65.0,-1,-1,-1,,,,,,,,,,,8,,10,23,16,23,9,16,9,1,2,0,1.2,1043.0
14834,2026-10-01,1.0,,,1.0,,0.0,,,,,,,,,,,,0,,0,,0,0,0,,,,,0,0,,,,,,,,,-1,,,,,,,-1.0,0,-1.0,20000.0,,20000.0,,0,,,,,,,,,,,,
14912,2026-10-01,,,,,,,,0,0,,8.7,11.4,11.6,10.6,20.0,4.0,20.0,,,,5.2,0,,,,,,,,,,,,,85.0,54.0,88.0,76.0,-1,-1,-1,,,,,,,,,,,5,,7,18,11,19,7,13,,1,2,1,1.6,224.0
15001,2026-10-01,0.0,2.0,2.0,2.0,4.0,6.0,40.0,,,,,,,,,,,1,1,1,,0,0,0,,,,,0,0,,,,,,,,,,-1,-1,,0,0,,-1.0,0,-1.0,20000.0,20000.0,20000.0,,0,,,,,,,,,,,,
15002,2026-10-01,,,,,,,,0,0,1283.0,11.0,13.4,15.0,13.1,24.0,24.0,24.0,,,,3.5,0,,,950.2,949.1,950.8,950.0,,,,,,,87.0,46.0,81.0,71.0,-1,-1,-1,,,,,,,,,,,8,,10,24,16,25,10,17,7,1,1,1,1.1,1549.0
15105,2026-10-01,,,,,,,,0,0,1435.0,9.8,11.4,13.0,11.4,24.0,12.0,24.0,,,,3.4,0,,,910.4,909.6,911.0,910.3,,,,,,,91.0,49.0,81.0,74.0,-1,-1,-1,,,,,,,,,,,8,,8,20,14,21,8,15,7,1,1,1,1.1,1225.0
15210,2026-10-01,,,,,,,,0,0,1347.0,11.4,11.4,10.3,11.0,20.0,12.0,28.0,,,,6.4,0,,,892.5,891.4,893.2,892.4,,,,,,,91.0,53.0,73.0,72.0,-1,-1,-1,,,,,,,,,,,7,,10,19,12,19,10,14,10,1,2,1,1.6,1501.0
15300,2026-10-01,,,,,,,,,,,,,,,,,,,,,,,,,,,,,,,,,,,,,,,,,,,,,,,,,,,,,,,,,,,,,,,,,
15321,2026-10-01,0.0,0.0,0.0,1.0,9.0,6.0,53.0,0,0,1453.0,5.7,7.7,7.7,7.0,20.0,28.0,32.0,1,1,1,16.6,0,0,0,778.0,779.1,780.1,779.1,0,0,,,,,58.0,57.0,71.0,62.0,-1,-1,-1,,0,0,,-1.0,0,-1.0,50000.0,35000.0,22000.0,7,0,7,12,8,12,5,8,,1,1,1,1.1,13.0
15344,2026-10-01,,,,,,,,0,0,1275.0,8.9,10.4,10.3,9.9,8.0,16.0,0.0,,,,5.8,0,,,875.8,874.9,876.7,875.8,,,,,,,78.0,56.0,82.0,72.0,-1,-1,-1,,,,0.0,,,,,,,6,,9,16,10,17,9,13,9,2,2,0,1.8,1325.0
15402,2026-10-01,,,,0.0,,,,0,0,1227.0,7.4,11.5,11.1,10.0,16.0,4.0,16.0,1,,,5.7,0,0,0,918.2,916.3,918.5,917.7,0,0,,,,,90.0,42.0,80.0,71.0,-1,-1,-1,,,,,-1.0,0,-1.0,25000.0,,,6,1,4,23,12,23,4,13,0,1,2,1,1.6,1321.0
15411,2026-10-01,,1.0,0.0,0.0,4.0,3.0,23.0,0,0,1763.0,3.4,5.9,6.1,5.1,32.0,4.0,32.0,0,0,0,7.3,0,0,0,705.8,707.1,707.7,706.9,0,0,,,,,49.0,81.0,92.0,74.0,,-1,-1,,0,0,0.0,-1.0,0,-1.0,85000.0,10000.0,70000.0,11,0,2,2,1,5,1,3,,3,2,3,3.9,700.0
15430,2026-10-01,,,,,,,,0,0,1369.0,6.7,9.3,8.2,8.1,8.0,24.0,8.0,,,,12.1,0,,,846.0,846.6,847.8,846.8,,,,,,,63.0,47.0,60.0,57.0,-1,-1,-1,,,,,,,,,,,6,,8,17,12,18,8,13,,1,2,1,1.6,2.0
15501,2026-10-01,,,,,,,,0,0,1479.0,8.7,9.7,10.9,9.8,12.0,32.0,16.0,,,,4.5,0,,,901.8,900.8,902.3,901.6,,,,,,,92.0,43.0,72.0,69.0,-1,-1,-1,,,,,,,,,,,7,,6,20,13,20,6,13,,1,1,2,1.6,1824.0
15506,2026-10-01,,,,,,,,,,,,,,,,,,,,,,,,,,,,,,,,,,,,,,,,,,,,,,,,,,,,,,,,,,,,,,,,,
15509,2026-10-01,,,,,,,,0,0,,9.1,11.4,11.2,10.6,0.0,32.0,20.0,,,,5.7,0,,,,,,,,,,,,,97.0,46.0,76.0,73.0,-1,-1,-1,,,,,,,,,,,7,,6,21,13,21,6,14,2,0,2,1,1.2,1258.0
15610,2026-10-01,,,,,,,,0,0,1528.0,8.0,8.2,8.7,8.3,12.0,12.0,12.0,,,,9.6,0,,,834.6,834.9,836.2,835.2,,,,,,,98.0,47.0,73.0,73.0,-1,-1,-1,,,,,,,,,,,9,,4,15,10,16,4,10,,3,2,3,3.9,944.0
15640,2026-10-01,,,,,,,,0,0,1429.0,7.4,9.1,8.6,8.4,32.0,24.0,16.0,,,,6.4,0,,,,,,,,,,,,,88.0,71.0,81.0,80.0,-1,-1,-1,,,,0.0,,,,,,,7,,4,11,8,11,4,8,,1,2,1,1.6,1139.0
15702,2026-10-01,,,,,,,,0,0,1447.0,9.2,9.9,10.1,9.7,12.0,12.0,24.0,,,,10.7,0,,,908.5,906.0,908.1,907.5,,,,,,,100.0,45.0,85.0,77.0,-1,-1,-1,,,,,,,,,,,7,,6,19,10,20,4,12,,1,2,1,1.6,1638.0
15712,2026-10-01,2.0,0.0,0.0,10.0,2.0,10.0,73.0,0,0,1497.0,8.3,9.6,10.5,9.5,0.0,16.0,8.0,0,0,0,6.6,0,0,1,911.9,909.3,911.3,910.8,0,0,,,,,95.0,41.0,72.0,69.0,-1,-1,-1,,0,0,,-1.0,0,-1.0,300.0,50000.0,15000.0,7,1,5,20,13,21,4,13,2,0,1,1,0.7,1425.0
15715,2026-10-01,,,,,,,,0,0,1520.0,8.1,8.5,9.4,8.7,20.0,16.0,16.0,,,,7.1,0,,,846.3,846.2,847.5,846.7,,,,,,,94.0,52.0,81.0,76.0,-1,-1,-1,,,,,,,,,,,8,,5,14,9,15,4,10,0,1,2,2,2.1,1334.0
15721,2026-10-01,,,,,,,,0,0,1505.0,8.8,9.4,9.9,9.4,0.0,8.0,28.0,,,,6.1,0,,,897.6,895.8,897.5,897.0,,,,,,,100.0,42.0,79.0,74.0,-1,-1,-1,,,,,,,,,,,7,,5,19,10,20,4,12,3,0,1,1,0.7,1656.0
15901,2026-10-01,,,,,,,,0,0,1488.0,8.0,10.5,9.7,9.4,24.0,12.0,28.0,,,,4.2,0,,,932.5,930.4,932.3,931.7,,,,,,,92.0,43.0,70.0,68.0,-1,-1,-1,,,,,,,,,,,9,,5,21,12,21,5,13,,1,1,1,1.1,1152.0
15912,2026-10-01,,,,,,,,0,0,1584.0,8.8,10.0,7.8,8.9,28.0,16.0,8.0,,,,7.5,0,,,882.4,882.1,883.1,882.5,,,,,,,91.0,51.0,55.0,66.0,-1,-1,-1,,,,0.0,,,,,,,9,,7,17,12,18,6,12,,1,3,2,2.8,1329.0
15920,2026-10-01,,,,,,,,0,0,1587.0,8.0,10.5,10.0,9.5,24.0,12.0,12.0,,,,9.3,0,,,934.8,932.5,934.3,933.9,,,,,,,92.0,42.0,71.0,68.0,-1,-1,-1,,,,,,,,,,,10,,5,21,12,22,4,13,,1,3,1,2.2,1511.0
16015,2026-10-01,,,,,,,,0,0,1533.0,7.6,10.3,10.0,9.3,28.0,16.0,28.0,,,,7.5,0,,,928.5,926.8,928.2,927.8,,,,,,,94.0,45.0,78.0,72.0,-1,-1,-1,,,,,,,,,,,10,,4,20,11,20,3,12,,1,3,1,2.2,1156.0
16101,2026-10-01,,0.0,0.0,0.0,7.0,3.0,33.0,0,0,1510.0,7.9,10.5,6.9,8.4,32.0,8.0,12.0,1,0,0,7.9,0,0,1,949.6,947.8,949.3,948.9,0,0,,,,,93.0,42.0,37.0,57.0,-1,-1,-1,0,0,0,,-1.0,0,-1.0,30000.0,30000.0,30000.0,10,0,5,21,16,22,3,12,0,1,2,2,2.1,1623.0
16308,2026-10-01,,,,,,,,0,0,1603.0,9.9,8.1,8.9,9.0,12.0,12.0,8.0,,,,7.1,0,,,,,,,,,,,,,82.0,32.0,61.0,58.0,-1,-1,-1,,,,,,,,,,,10,,10,21,13,22,8,15,5,1,2,1,1.6,1214.0
16400,2026-10-01,,,,,,,,0,0,,9.8,7.1,8.1,8.3,16.0,12.0,4.0,,,,8.7,0,,,985.0,984.4,985.3,984.9,,,,,,,90.0,27.0,53.0,57.0,-1,-1,-1,,,,,,,,,,,11,,8,22,13,23,6,14,2,1,2,1,1.6,
16411,2026-10-01,,,,,,,,0,0,1767.0,10.1,7.7,7.7,8.5,28.0,12.0,28.0,,,,7.9,0,,,943.2,943.2,944.3,943.6,,,,,,,74.0,32.0,58.0,55.0,-1,-1,-1,,,,,,,,,,,11,,12,21,11,21,9,15,7,2,2,2,2.7,1237.0
16412,2026-10-01,,,,,,,,,,,,,,,,,,,,,,0,,,,,,,,,,,,,,,,,,,,,,,,,,,,,,,,,,,,,,,,,,,
16413,2026-10-01,,,,,,,,0,0,1568.0,10.6,7.6,9.1,9.1,28.0,12.0,32.0,,,,7.2,0,,,986.3,985.7,986.7,986.2,,,,,,,83.0,27.0,56.0,55.0,-1,-1,-1,,,,,,,,,,,11,,11,23,14,24,8,16,5,1,2,1,1.6,1139.0
16414,2026-10-01,,0.0,,0.0,5.0,,,,,,10.5,6.3,9.2,8.7,,,,1,0,,,0,0,0,984.6,984.2,985.1,984.6,0,0,,,,,90.0,23.0,56.0,56.0,-1,-1,-1,,,,,-1.0,0,-1.0,50000.0,35000.0,,,1,9,23,14,23,9,16,6,,,,,
16421,2026-10-01,,,,,,,,0,0,1616.0,8.1,7.0,6.2,7.1,16.0,16.0,16.0,,,,10.4,0,,,866.4,867.1,867.8,867.1,,,,,,,69.0,46.0,53.0,56.0,-1,-1,-1,,,,,,,,,,,10,,9,13,9,14,8,11,,4,3,3,5.3,1154.0
16501,2026-10-01,,,,,,,,0,0,1508.0,9.6,7.2,9.3,8.7,32.0,16.0,12.0,,,,7.9,0,,,983.3,982.9,984.0,983.4,,,,,,,90.0,27.0,64.0,60.0,-1,-1,-1,,,,,,,,,,,10,,8,22,13,23,6,14,,1,2,1,1.6,1145.0
16511,2026-10-01,,,,,,,,0,0,1605.0,10.2,6.3,7.3,7.9,4.0,12.0,16.0,,,,6.9,0,,,965.8,965.8,966.7,966.1,,,,,,,63.0,26.0,37.0,42.0,-1,-1,-1,,,,,,,,,,,11,,14,21,17,21,12,17,9,1,2,1,1.6,1227.0
16601,2026-10-01,,,,,,,,0,0,1558.0,9.7,8.1,8.7,8.8,0.0,16.0,20.0,,,,8.2,0,,,996.0,995.2,996.0,995.7,,,,,,,91.0,28.0,54.0,58.0,-1,-1,-1,,,,,,,,,,,11,,8,24,14,24,5,15,1,0,2,1,1.2,1159.0
16702,2026-10-01,,,,0.0,,,,0,0,1526.0,8.8,8.7,9.4,9.0,20.0,16.0,16.0,1,,,8.9,0,0,0,1002.6,1001.4,1002.5,1002.2,0,0,,,,,92.0,28.0,62.0,61.0,-1,-1,-1,,0,,,-1.0,0,-1.0,80000.0,,,11,1,6,25,13,25,5,15,3,1,2,1,1.6,1200.0
16711,2026-10-01,,,,,,,,0,0,1595.0,9.4,7.2,7.6,8.1,4.0,20.0,20.0,,,,8.1,0,,,980.1,979.8,980.7,980.2,,,,,,,61.0,27.0,37.0,42.0,-1,-1,-1,,,,,,,,,,,11,,13,22,18,23,10,17,8,2,2,1,2.1,1145.0
16800,2026-10-01,,,,,,,,0,0,,9.1,8.1,8.0,8.4,0.0,16.0,0.0,,,,7.1,0,,,,,,,,,,,,,93.0,27.0,52.0,57.0,-1,-1,-1,,,,,,,,,,,10,,7,24,13,25,4,14,0,0,2,0,0.9,1149.0
16906,2026-10-01,,,,,,,,0,0,1074.0,10.8,11.8,12.8,11.8,12.0,32.0,32.0,,,,8.6,0,,,912.1,912.3,914.5,913.0,,,,,,,73.0,49.0,65.0,62.0,0,-1,-1,,,,,,,,,,,4,,13,21,17,22,11,16,,1,3,1,2.2,1211.0
17002,2026-10-01,,,,,,,,0,0,1057.0,8.5,10.3,11.7,10.2,20.0,20.0,24.0,,,,11.3,0,,,851.1,850.7,852.3,851.4,,,,,,,87.0,54.0,78.0,73.0,4,-1,-1,,,,,,,,,,,4,,7,17,13,18,5,12,3,1,3,3,3.4,1611.0
17003,2026-10-01,,,,,,,,,,,,,,,,,,,,,,0,,,,,,,,,,,,,,,,,,,,,,,,,,,,,,,,,,,,,,,,,,,
17005,2026-10-01,,,,,,,,0,0,876.0,7.6,8.6,9.3,8.5,8.0,28.0,0.0,,,,7.0,0,,,778.6,779.2,780.3,779.4,,,,,,,73.0,67.0,81.0,74.0,6,-1,-1,,,,,,,,,,,2,,8,11,9,12,7,9,,1,2,0,1.2,1536.0
17102,2026-10-01,,,,,,,,0,0,1292.0,10.5,11.1,11.0,10.9,12.0,12.0,12.0,,,,10.6,0,,,875.6,874.3,875.9,875.3,,,,,,,83.0,49.0,64.0,65.0,0,-1,-1,,,,,,,,,,,6,,11,20,15,20,10,15,8,2,3,3,3.9,1654.0
17301,2026-10-01,0.0,0.0,,1.0,7.0,,,0,0,1209.0,7.5,8.0,9.6,8.4,16.0,4.0,16.0,1,0,,7.5,0,0,0,814.6,814.5,815.9,815.0,0,0,,,,,79.0,42.0,74.0,65.0,0,-1,-1,,,,0.0,-1.0,0,-1.0,100000.0,70000.0,,6,1,6,17,11,18,5,11,,1,2,1,1.6,1330.0
17315,2026-10-01,,,,,,,,0,0,1366.0,,,,,24.0,12.0,16.0,,,,4.6,0,,,729.9,730.5,731.4,730.6,,,,,,,,,,,5,-1,-1,,,,0.0,,,,,,,7,,,,,,,,,1,1,1,1.1,1651.0
17320,2026-10-01,,,,,,,,0,0,1530.0,4.8,5.9,6.7,5.8,32.0,16.0,16.0,,,,4.1,0,,,679.2,680.1,680.8,680.0,,,,,,,73.0,62.0,96.0,77.0,,,,,,,,,,,,,,9,,1,6,2,7,0,3,,2,1,1,1.6,603.0
17701,2026-10-01,,,,,,,,0,0,1227.0,9.7,10.2,10.3,10.1,28.0,8.0,24.0,,,,7.8,0,,,872.5,871.8,873.5,872.6,,,,,,,85.0,56.0,86.0,76.0,-1,-1,-1,,,,0.0,,,,,,,7,,9,16,10,17,9,13,9,1,2,1,1.6,1228.0
17901,2026-10-01,,,,,,,,0,0,1446.0,12.9,11.7,12.1,12.2,8.0,8.0,0.0,,,,7.3,0,,,950.4,948.2,949.9,949.5,,,,,,,93.0,45.0,70.0,69.0,-1,-1,-1,,,,0.0,,,,,,,9,,12,22,15,22,12,17,10,1,2,0,1.2,1634.0
18001,2026-10-01,,,,,,,,0,0,1367.0,10.9,10.8,10.3,10.7,0.0,16.0,4.0,,,,7.0,0,,,905.6,904.1,906.0,905.2,,,,,,,89.0,49.0,70.0,69.0,-1,-1,-1,,,,,,,,,,,7,,10,19,13,19,10,14,10,0,2,1,1.2,1445.0
18111,2026-10-01,,,,,,,,0,0,1342.0,10.2,9.8,10.5,10.2,24.0,16.0,24.0,,,,5.8,0,,,891.8,891.1,892.6,891.8,,,,,,,93.0,51.0,86.0,77.0,-1,-1,-1,,,,,,,,,,,6,,8,17,10,18,7,12,6,1,1,1,1.1,1329.0
18122,2026-10-01,,,,,,,,0,0,1490.0,12.4,11.0,12.0,11.8,24.0,8.0,0.0,,,,7.2,0,,,948.2,946.3,948.2,947.6,,,,,,,92.0,46.0,74.0,71.0,,-1,-1,,,,,,,,,,,9,,11,20,14,21,11,16,9,1,2,0,1.2,1428.0
18210,2026-10-01,,0.0,0.0,0.0,1.0,1.0,7.0,0,0,1598.0,10.7,11.3,11.7,11.2,32.0,16.0,4.0,1,0,0,5.2,0,0,0,,,,,0,0,,,,,95.0,45.0,74.0,71.0,-1,-1,-1,,,,,-1.0,0,-1.0,60000.0,60000.0,60000.0,10,1,9,21,14,22,8,15,7,1,1,1,1.1,1636.0
18225,2026-10-01,,,,,,,,0,0,1235.0,11.3,14.1,12.7,12.7,12.0,16.0,0.0,,,,4.1,0,,,965.3,963.0,964.5,964.3,,,,,,,100.0,56.0,83.0,80.0,-1,-1,-1,,,,,,,,,,,6,,9,21,13,21,8,15,4,1,1,0,0.7,1151.0
18231,2026-10-01,,,,,,,,0,0,1464.0,10.1,11.1,12.1,11.1,4.0,20.0,0.0,,,,8.5,0,,,942.4,940.3,942.4,941.7,,,,,,,92.0,48.0,87.0,76.0,-1,-1,-1,,,,,,,,,,,8,,8,20,12,21,8,14,6,1,3,0,1.9,1333.0
18402,2026-10-01,,,,,,,,0,0,1509.0,7.7,10.4,9.0,9.0,28.0,16.0,32.0,,,,7.3,0,,,867.0,867.3,868.1,867.5,,,,,,,99.0,72.0,87.0,86.0,-1,-1,-1,,,,,,,,,,,8,,3,13,8,14,3,9,2,1,2,1,1.6,1246.0
18502,2026-10-01,,,,,,,,0,0,1547.0,8.1,10.0,10.9,9.7,24.0,12.0,20.0,,,,5.2,0,,,945.9,944.3,945.9,945.4,,,,,,,100.0,42.0,90.0,77.0,-1,-1,-1,,,,,,,,,,,9,,4,20,10,21,3,12,2,2,1,1,1.6,1247.0
18601,2026-10-01,,,,,,,,0,0,1508.0,9.1,12.5,10.7,10.8,28.0,12.0,28.0,,,,6.7,0,,,953.8,952.2,953.7,953.2,,,,,,,92.0,52.0,73.0,72.0,-1,-1,-1,,,,,,,,,,,9,,7,21,13,21,6,14,2,1,3,2,2.8,1254.0
18622,2026-10-01,,,,,,,,0,0,1528.0,9.7,11.6,12.7,11.3,32.0,20.0,4.0,,,,5.8,0,,,974.1,972.2,973.4,973.2,,,,,,,97.0,45.0,79.0,74.0,-1,-1,-1,,,,,,,,,,,10,,7,22,14,23,7,15,4,1,2,1,1.6,1431.0
18705,2026-10-01,,,,,,,,0,0,1444.0,9.2,12.1,12.1,11.1,32.0,16.0,0.0,,,,3.9,0,,,980.9,978.9,980.2,980.0,,,,,,,98.0,44.0,84.0,75.0,-1,-1,-1,,,,,,,,,,,10,,6,23,12,24,5,14,4,1,1,0,0.7,1254.0
18805,2026-10-01,,,,,,,,0,0,1620.0,9.6,9.8,7.6,9.0,8.0,4.0,4.0,,,,7.3,0,,,906.5,906.6,907.5,906.9,,,,,,,73.0,53.0,53.0,60.0,-1,-1,-1,,,,0.0,,,,,,,11,,11,16,12,17,9,13,7,1,2,2,2.1,1408.0
18906,2026-10-01,,,,,,,,0,0,1618.0,10.2,9.0,9.7,9.6,12.0,4.0,24.0,,,,5.0,0,,,986.4,985.6,986.6,986.2,,,,,,,94.0,35.0,70.0,66.0,-1,-1,-1,,,,,,,,,,,11,,8,22,12,23,7,15,4,1,1,1,1.1,1209.0
19021,2026-10-01,,,,,,,,0,0,1597.0,10.7,7.6,10.0,9.4,28.0,12.0,20.0,,,,5.5,0,,,996.5,995.6,996.6,996.2,,,,,,,92.0,28.0,70.0,63.0,-1,-1,-1,,,,,,,,,,,11,,9,23,12,23,7,15,4,1,2,1,1.6,1511.0
19204,2026-10-01,,,,,,,,0,0,1594.0,9.1,7.6,9.1,8.6,32.0,12.0,28.0,,,,9.0,0,,,996.0,995.4,996.3,995.9,,,,,,,88.0,28.0,63.0,60.0,-1,-1,-1,,,,,,,,,,,10,,7,22,12,23,7,15,,1,2,1,1.6,1234.0
19205,2026-10-01,,,,,,,,0,0,1578.0,10.3,7.9,9.0,9.1,0.0,12.0,0.0,,,,8.1,0,,,989.8,989.3,990.1,989.7,,,,,,,83.0,30.0,56.0,56.0,-1,-1,-1,,,,,,,,,,,10,,10,22,14,22,7,15,5,0,2,0,0.9,1237.0
19505,2026-10-01,,,,,,,,0,0,1510.0,10.3,10.3,9.9,10.2,0.0,8.0,8.0,,,,7.8,0,,,904.3,902.9,904.7,904.0,,,,,,,89.0,49.0,67.0,68.0,-1,-1,-1,,,,0.0,,,,,,,9,,9,18,13,19,9,14,8,0,2,1,1.2,1557.0
19700,2026-10-01,,,,,,,,0,0,,12.7,12.0,12.4,12.4,4.0,16.0,32.0,,,,3.8,0,,,955.1,953.0,954.8,954.3,,,,,,,98.0,47.0,81.0,75.0,-1,-1,-1,,,,0.0,,,,,,,8,,11,22,13,22,10,16,8,1,1,1,1.1,1406.0
19711,2026-10-01,,,,,,,,0,0,1570.0,11.0,11.1,10.9,11.0,0.0,12.0,28.0,,,,6.4,0,,,,,,,,,,,,,91.0,53.0,76.0,73.0,-1,-1,-1,,,,,,,,,,,10,,10,18,12,18,9,14,,0,2,1,1.2,1133.0
19720,2026-10-01,1.0,0.0,1.0,7.0,1.0,5.0,43.0,0,0,1502.0,11.9,12.2,12.2,12.1,0.0,12.0,24.0,0,0,0,5.1,0,0,0,945.6,944.0,945.7,945.1,0,0,,,,,95.0,52.0,87.0,78.0,-1,-1,-1,,,,,-1.0,0,-1.0,25000.0,45000.0,40000.0,8,0,10,20,12,20,10,15,8,0,2,1,1.2,1406.0
19821,2026-10-01,,,,,,,,0,0,1638.0,11.0,11.8,12.0,11.6,8.0,24.0,8.0,,,,4.6,0,,,918.5,917.4,918.9,918.3,,,,,,,97.0,48.0,83.0,76.0,-1,-1,-1,,,,,,,,,,,9,,9,21,13,22,9,15,7,1,1,1,1.1,1528.0
19911,2026-10-01,,,,,,,,0,0,1420.0,11.2,13.2,12.6,12.3,12.0,12.0,28.0,,,,7.1,0,,,963.0,960.9,962.3,962.1,,,,,,,100.0,54.0,84.0,79.0,-1,-1,-1,,,,,,,,,,,8,,9,21,13,21,9,15,8,1,3,1,2.2,1420.0
20002,2026-10-01,,,,,,,,0,0,1546.0,9.6,12.8,10.5,11.0,24.0,16.0,0.0,,,,5.8,0,,,922.7,922.1,923.2,922.7,,,,,,,98.0,64.0,89.0,84.0,-1,-1,-1,,,,,,,,,,,10,,7,18,9,18,5,12,2,1,2,0,1.2,1045.0
20011,2026-10-01,,,,,,,,0,0,1564.0,9.7,12.4,11.2,11.1,32.0,12.0,32.0,,,,7.7,0,,,,,,,,,,,,,94.0,52.0,74.0,73.0,-1,-1,-1,,,,,,,,,,,9,,7,20,13,21,7,14,3,1,3,1,2.2,1400.0
20020,2026-10-01,,,,,,,,,,,,,,,,,,,,,,0,,,,,,,,,,,,,,,,,,,,,,,,,,,,,,,,,,,,,,,,,,,
20021,2026-10-01,,,,,,,,0,0,1478.0,7.2,6.6,7.2,7.0,4.0,24.0,8.0,,,,5.0,0,,,794.1,794.8,795.7,794.9,,,,,,,78.0,62.0,74.0,71.0,-1,-1,-1,,,,0.0,,,,,,,7,,6,8,7,9,4,7,,1,1,2,1.6,2018.0
20101,2026-10-01,1.0,0.0,,1.0,3.0,,,0,0,1758.0,9.2,9.5,8.6,9.1,8.0,12.0,8.0,0,0,,9.9,0,0,0,856.9,857.5,858.0,857.5,0,0,,,,,89.0,62.0,81.0,77.0,-1,-1,-1,,,,0.0,-1.0,0,-1.0,40000.0,40000.0,,10,1,7,13,8,14,6,10,2,2,2,4,4.0,1837.0
20105,2026-10-01,,,,,,,,0,0,1421.0,9.7,11.7,10.1,10.5,8.0,20.0,4.0,,,,7.6,0,,,925.2,924.5,925.6,925.1,,,,,,,87.0,58.0,72.0,72.0,-1,-1,-1,,,,,,,,,,,9,,9,18,12,18,8,13,6,2,3,3,3.9,1829.0
20123,2026-10-01,0.0,0.0,0.0,1.0,1.0,2.0,13.0,0,0,1513.0,10.4,12.2,13.0,11.9,16.0,12.0,4.0,1,0,0,5.3,0,0,0,970.3,968.6,969.6,969.5,0,0,,,,,100.0,49.0,78.0,76.0,-1,-1,-1,,,,,-1.0,0,-1.0,5000.0,25000.0,20000.0,10,0,8,21,15,22,7,15,5,1,2,1,1.6,1435.0
20202,2026-10-01,,,,,,,,0,0,1457.0,9.2,11.5,11.7,10.8,0.0,12.0,12.0,,,,6.2,0,,,974.4,972.7,973.6,973.6,,,,,,,98.0,46.0,73.0,72.0,-1,-1,-1,,,,,,,,,,,9,,6,21,14,22,6,14,4,0,1,2,1.2,1752.0
20209,2026-10-01,,,,,,,,0,0,1509.0,10.4,10.8,11.8,11.0,24.0,8.0,32.0,,,,5.5,0,,,,,,,,,,,,,91.0,44.0,66.0,67.0,-1,-1,-1,,,,,,,,,,,9,,9,21,16,21,8,15,6,1,2,1,1.6,1323.0
20212,2026-10-01,1.0,0.0,0.0,4.0,3.0,4.0,37.0,0,0,1583.0,10.2,11.5,12.6,11.4,28.0,16.0,4.0,1,0,0,5.6,0,0,1,975.4,973.7,974.5,974.5,0,0,,,,,96.0,47.0,75.0,73.0,-1,-1,-1,,0,,0.0,-1.0,0,-1.0,400.0,40000.0,45000.0,10,1,8,21,15,22,7,14,4,1,2,1,1.5,1400.0
20220,2026-10-01,,,,,,,,0,0,1473.0,12.3,12.4,13.4,12.7,28.0,12.0,28.0,,,,5.5,0,,,975.2,973.4,974.3,974.3,,,,,,,100.0,51.0,85.0,79.0,-1,-1,-1,,,,,,,,,,,8,,10,21,14,21,9,15,7,1,2,1,1.6,1328.0
20270,2026-10-01,,,,,,,,0,0,1519.0,9.1,10.6,12.2,10.6,8.0,12.0,32.0,,,,5.6,0,,,964.4,963.1,964.2,963.9,,,,,,,90.0,42.0,78.0,70.0,-1,-1,-1,,,,,,,,,,,10,,7,21,14,22,7,14,6,1,2,1,1.6,1354.0
20411,2026-10-01,,,,,,,,0,0,1434.0,9.4,13.6,10.6,11.2,4.0,16.0,32.0,,,,5.2,0,,,973.7,972.0,973.1,972.9,,,,,,,99.0,52.0,68.0,73.0,-1,-1,-1,,,,,,,,,,,8,,6,22,14,22,5,13,2,1,1,1,1.1,1530.0
20412,2026-10-01,,,,,,,,0,0,1523.0,9.4,10.7,10.2,10.1,12.0,8.0,8.0,,,,8.1,0,,,966.8,965.2,966.3,966.1,,,,,,,95.0,42.0,60.0,66.0,-1,-1,-1,,,,,,,,,,,11,,7,21,15,22,5,13,2,1,2,3,2.8,1903.0
20903,2026-10-01,,,,,,,,0,0,1600.0,10.2,8.3,8.3,8.9,24.0,12.0,32.0,,,,8.7,0,,,1003.5,1002.6,1003.4,1003.2,,,,,,,90.0,29.0,53.0,57.0,-1,-1,-1,,,,,,,,,,,11,,9,23,14,24,7,16,,2,2,1,2.1,1354.0
21101,2026-10-01,,,,,,,,0,0,1157.0,9.4,10.3,9.4,9.7,20.0,4.0,20.0,,,,5.9,0,,,902.6,902.7,903.6,903.0,,,,,,,85.0,57.0,68.0,70.0,-1,-1,-1,,,,,,,,,,,5,,9,16,12,16,8,12,5,1,2,2,2.1,2017.0
21300,2026-10-01,,,,0.0,0.0,0.0,0.0,0,0,1491.0,8.8,12.0,10.4,10.4,12.0,24.0,8.0,1,0,0,7.9,0,0,0,955.8,954.2,955.9,955.3,0,0,,,,,96.0,52.0,78.0,75.0,-1,-1,-1,,,,,-1.0,0,-1.0,15000.0,40000.0,40000.0,9,1,6,20,11,21,5,13,3,1,2,1,1.6,1046.0
1,2026-10-02,0.0,,1.0,2.0,0.0,2.0,13.0,0,0,1319.0,7.4,7.1,9.0,7.8,0.0,20.0,32.0,1,0,0,5.3,0,0,0,942.1,941.2,941.6,941.6,0,0,,,,,88.0,32.0,62.0,61.0,-1,-1,-1,,,,,-1.0,0,-1.0,3000.0,7000.0,5000.0,10,0,5,19,13,20,4,12,0,0,1,1,0.7,1716.0
2,2026-10-02,2.0,2.0,2.0,7.0,5.0,7.0,63.0,0,0,1048.0,8.7,11.9,12.9,11.2,24.0,4.0,4.0,1,0,0,4.2,0,0,0,955.7,954.3,954.8,954.9,0,0,,,,,96.0,52.0,77.0,75.0,-1,-1,-1,,0,0,,-1.0,0,-1.0,20000.0,30000.0,20000.0,5,0,6,20,15,21,5,13,5,1,1,1,1.1,1646.0
3,2026-10-02,99.0,99.0,99.0,8.0,8.0,5.0,70.0,0,0,1263.0,7.7,9.4,9.6,8.9,4.0,8.0,12.0,1,0,0,4.4,0,0,0,958.5,960.0,960.1,959.5,0,0,,,,,68.0,41.0,54.0,54.0,-1,-1,-1,,0,0,,-1.0,0,-1.0,30000.0,40000.0,20000.0,9,0,9,20,16,20,8,14,4,1,2,2,2.1,1316.0
4,2026-10-02,,,,,,,,0,0,1054.0,10.0,15.0,15.0,13.3,24.0,28.0,0.0,,,,5.0,0,,,998.2,999.1,999.0,998.8,,,,,,,84.0,59.0,89.0,77.0,-1,-1,-1,,,,,,,,,,,5,,10,21,15,22,9,15,7,1,2,0,1.2,1142.0
5,2026-10-02,,,,,,,,0,0,,9.6,13.0,14.3,12.3,4.0,16.0,12.0,,,,7.0,0,,,944.1,944.0,944.0,944.0,,,,,,,77.0,60.0,86.0,74.0,0,-1,0,,,,,,,,,,,3,,10,19,15,20,10,15,,1,2,1,1.6,241.0
6,2026-10-02,,,,,,,,0,0,1105.0,8.8,9.1,8.0,8.6,24.0,12.0,0.0,,,,6.2,0,,,926.0,926.3,926.5,926.3,,,,,,,96.0,50.0,77.0,74.0,-1,-1,-1,,,,,,,,,,,7,,6,16,8,16,5,11,2,1,2,0,1.2,1305.0
7,2026-10-02,,,,,,,,0,0,1160.0,9.6,12.1,10.7,10.8,16.0,32.0,16.0,,,,3.8,0,,,906.2,905.5,905.9,905.9,,,,,,,88.0,59.0,76.0,74.0,-1,-1,-1,,,,,,,,,,,6,,8,18,12,18,7,13,,1,2,2,2.1,513.0
8,2026-10-02,,,,,,,,0,0,1378.0,8.0,7.5,9.4,8.3,28.0,20.0,28.0,,,,5.1,0,,,999.1,999.3,999.3,999.2,,,,,,,83.0,28.0,67.0,59.0,-1,-1,-1,,,,,,,,,,,9,,7,22,12,23,5,14,,1,2,1,1.6,1309.0
9,2026-10-02,,,,,,,,0,0,999.0,11.3,12.9,15.0,13.1,12.0,16.0,4.0,,,,4.1,0,,,967.6,967.5,967.3,967.5,,,,,,,87.0,55.0,84.0,75.0,-1,-1,-1,,,,,,,,,,,4,,11,20,16,21,10,15,,1,1,2,1.6,827.0
10,2026-10-02,0.0,,,2.0,0.0,0.0,7.0,0,0,1034.0,8.7,12.8,13.7,11.7,0.0,24.0,12.0,1,0,0,4.1,0,0,0,938.5,937.8,938.1,938.1,0,0,,,,,92.0,56.0,85.0,78.0,-1,-1,-1,,0,0,,-1.0,0,-1.0,5000.0,20000.0,8000.0,5,1,6,20,14,20,6,13,,0,1,1,0.7,1456.0
11,2026-10-02,,,,,,,,0,0,1362.0,8.7,7.8,9.7,8.7,24.0,12.0,8.0,,,,5.9,0,,,1006.7,1006.7,1006.5,1006.6,,,,,,,85.0,27.0,65.0,59.0,-1,-1,-1,,,,,,,,,,,9,,7,24,13,24,7,16,,2,1,1,1.6,911.0
13,2026-10-02,,,,,,,,0,0,,6.7,6.3,7.0,6.7,24.0,20.0,24.0,,,,7.6,0,,,956.9,957.9,957.9,957.6,,,,,,,42.0,26.0,39.0,36.0,-1,-1,-1,,,,,,,,,,,,,14,21,16,21,13,17,,1,2,1,1.6,1222.0
14,2026-10-02,,,,,,,,0,0,1227.0,11.0,14.7,14.5,13.4,0.0,32.0,28.0,,,,9.6,0,,,967.3,965.4,966.0,966.2,,,,,,,90.0,64.0,84.0,79.0,-1,-1,-1,,,,,,,,,,,8,,10,20,15,21,9,15,9,0,4,1,2.6,1319.0
15,2026-10-02,,,,,,,,0,0,816.0,15.8,15.5,16.3,15.9,12.0,28.0,28.0,,,,10.6,0,,,979.3,977.3,977.3,978.0,,,,,,,96.0,66.0,78.0,80.0,,2,-1,,,,,,,,,,,1,,15,20,18,21,14,18,14,1,3,1,2.2,36.0
16,2026-10-02,,,,,,,,0,0,1089.0,10.3,11.9,11.2,11.1,12.0,28.0,8.0,,,,6.1,0,,,872.4,871.8,872.6,872.3,,,,,,,84.0,65.0,86.0,78.0,-1,-1,-1,,,,0.0,,,,,,,5,,10,16,11,17,9,13,,1,2,1,1.6,1519.0
17,2026-10-02,,,,,,,,0,0,1269.0,7.5,7.1,9.2,7.9,24.0,8.0,24.0,,,,6.7,0,,,,,,,,,,,,,89.0,27.0,64.0,60.0,-1,-1,-1,,,,,,,,,,,9,,5,22,12,23,4,13,,1,1,1,1.1,1440.0
18,2026-10-02,,,,,,,,0,0,1323.0,9.2,7.4,8.1,8.2,8.0,16.0,16.0,,,,9.1,0,,,1010.8,1011.2,1011.0,1011.0,,,,,,,68.0,26.0,41.0,45.0,-1,-1,-1,,,,,,,,,,,10,,11,23,17,24,9,16,7,2,3,1,2.8,1157.0
19,2026-10-02,,,,,,,,0,0,,9.3,12.1,11.4,10.9,0.0,8.0,32.0,,,,3.2,0,,,958.8,957.8,958.5,958.4,,,,,,,94.0,58.0,81.0,78.0,-1,-1,-1,,,,0.0,,,,,,,8,,7,18,12,20,7,13,4,0,1,1,0.7,1242.0
20,2026-10-02,,,,,,,,0,0,963.0,12.5,13.8,13.3,13.2,12.0,32.0,4.0,,,,7.2,0,,,918.9,918.0,918.0,918.3,,,,,,,91.0,73.0,86.0,83.0,-1,10,-1,,,,,,,,,,,2,,12,17,14,18,12,15,11,1,2,2,2.1,1528.0
21,2026-10-02,0.0,0.0,0.0,5.0,5.0,4.0,47.0,0,0,1384.0,7.7,11.1,10.6,9.8,12.0,24.0,12.0,1,0,1,7.0,0,0,0,959.6,958.7,959.6,959.3,0,0,,,,,94.0,53.0,84.0,77.0,-1,-1,-1,,,,,-1.0,0,-1.0,20000.0,20000.0,25000.0,9,1,4,18,10,20,4,12,2,1,1,1,1.1,1346.0
22,2026-10-02,,,,,,,,0,0,1403.0,9.2,7.8,8.7,8.6,4.0,12.0,32.0,,,,10.8,0,,,1008.1,1008.5,1008.8,1008.5,,,,,,,69.0,26.0,48.0,48.0,-1,-1,-1,0,0,0,,,,,,,,10,,11,24,16,25,9,17,8,1,4,1,3.0,1211.0
23,2026-10-02,,,,,,,,0,0,985.0,11.7,16.3,15.9,14.6,8.0,24.0,16.0,,,,6.7,0,,,991.8,993.1,992.6,992.5,,,,,,,85.0,67.0,76.0,76.0,-1,-1,-1,,,,,,,,,,,3,,12,21,18,21,12,16,10,1,2,1,1.6,1325.0
24,2026-10-02,2.0,2.0,2.0,9.0,6.0,10.0,83.0,0,0,1097.0,15.2,15.7,15.8,15.6,8.0,32.0,32.0,1,0,0,10.0,0,0,0,979.6,977.5,977.5,978.2,0,0,,,,,93.0,64.0,76.0,78.0,,2,,,,,,-1.0,0,-1.0,20000.0,20000.0,15000.0,4,0,14,21,18,22,14,18,14,1,2,1,1.6,123.0
25,2026-10-02,,,,,,,,0,0,1292.0,6.9,7.6,7.1,7.2,0.0,16.0,20.0,,,,5.2,0,,,912.5,913.3,913.4,913.1,,,,,,,59.0,38.0,51.0,49.0,-1,-1,-1,,,,,,,,,,,9,,9,18,12,19,8,13,2,0,2,1,1.2,1310.0
26,2026-10-02,,,,,,,,0,0,978.0,9.1,12.8,12.6,11.5,0.0,16.0,12.0,,,,4.1,0,,,965.9,967.0,967.1,966.7,,,,,,,90.0,53.0,87.0,77.0,-1,-1,-1,,,,,,,,,,,4,,7,21,13,21,6,14,,0,1,1,0.7,1334.0
27,2026-10-02,,,,,,,,0,0,,12.5,17.6,16.9,15.7,32.0,28.0,28.0,,,,7.2,0,,,,,,,,,,,,,89.0,75.0,89.0,84.0,,-1,-1,,,,,,,,,,,3,,12,20,17,20,12,16,8,1,2,1,1.6,1217.0
28,2026-10-02,,,,,,,,0,0,722.0,10.2,11.8,11.8,11.3,20.0,4.0,12.0,,,,12.7,0,,,855.4,854.6,855.3,855.1,,,,,,,88.0,68.0,87.0,81.0,-1,4,-1,,,,,,,,,,,1,,9,15,12,16,9,12,8,3,3,1,3.4,327.0
30,2026-10-02,1.0,,,8.0,,,,,,,8.4,6.9,9.7,8.3,,,,1,,,,0,0,0,987.8,988.1,988.2,988.0,0,0,,,,,73.0,26.0,60.0,53.0,-1,-1,-1,,,,,-1.0,0,-1.0,60000.0,,,,1,9,22,14,22,7,15,5,,,,,
31,2026-10-02,,,,,,,,0,0,1406.0,8.7,7.9,7.9,8.2,12.0,12.0,12.0,,,,9.5,0,,,1011.9,1012.4,1012.5,1012.3,,,,,,,60.0,26.0,43.0,43.0,-1,-1,-1,,,,,,,,,,,9,,13,24,16,25,9,17,3,2,3,1,2.8,1401.0
32,2026-10-02,,,,,,,,0,0,1343.0,8.5,7.0,7.7,7.7,16.0,16.0,24.0,,,,6.1,0,,,1004.6,1005.1,1005.5,1005.1,,,,,,,68.0,22.0,39.0,43.0,-1,-1,-1,,,,,,,,,,,9,,10,25,17,25,8,17,3,1,1,1,1.1,1632.0
36,2026-10-02,,,,,,,,0,0,1262.0,6.6,7.0,6.9,6.8,0.0,8.0,0.0,,,,7.1,0,,,922.0,923.6,923.6,923.1,,,,,,,41.0,30.0,44.0,38.0,-1,-1,-1,,,,,,,,,,,9,,14,20,14,23,11,17,,0,2,0,0.9,1157.0
37,2026-10-02,,,,,,,,0,0,1225.0,7.9,9.8,8.5,8.7,24.0,16.0,12.0,,,,7.0,0,,,1000.0,1000.8,1000.9,1000.6,,,,,,,66.0,36.0,42.0,48.0,-1,-1,-1,,,,,,,,,,,8,,10,23,18,23,9,16,4,1,2,1,1.6,29.0
38,2026-10-02,,,,,,,,0,0,799.0,14.6,14.5,14.1,14.4,32.0,8.0,32.0,,,,5.4,0,,,940.8,940.1,940.3,940.4,,,,,,,91.0,66.0,79.0,79.0,0,8,0,,,,,,,,,,,2,,14,19,16,21,14,18,,1,1,1,1.1,805.0
39,2026-10-02,2.0,1.0,1.0,10.0,7.0,7.0,80.0,0,0,1084.0,15.6,15.2,14.7,15.2,24.0,8.0,8.0,1,0,0,9.0,0,0,0,958.9,958.2,958.6,958.6,0,0,,,,,85.0,58.0,74.0,72.0,-1,-1,-1,0,1,0,,-1.0,0,-1.0,3000.0,8000.0,4000.0,6,0,16,22,17,22,16,19,13,1,2,2,2.1,1634.0
40,2026-10-02,,,,,,,,0,0,1046.0,9.2,11.8,12.7,11.2,0.0,24.0,12.0,,,,5.1,0,,,950.7,949.6,950.0,950.1,,,,,,,94.0,52.0,76.0,74.0,-1,-1,-1,,,,,,,,,,,5,,7,20,15,20,6,13,4,0,1,3,1.9,1816.0
42,2026-10-02,,,,,,,,0,0,1215.0,14.9,15.1,14.9,15.0,8.0,8.0,4.0,,,,10.7,0,,,967.7,967.4,967.6,967.6,,,,,,,81.0,64.0,76.0,74.0,-1,-1,-1,,,,,,,,,,,6,,16,20,17,23,15,19,,3,4,3,5.3,1400.0
43,2026-10-02,,,,,,,,0,0,1258.0,9.1,11.1,9.2,9.8,0.0,16.0,0.0,,,,4.6,0,,,879.0,878.7,879.9,879.2,,,,,,,90.0,63.0,82.0,78.0,-1,-1,-1,,,,0.0,,,,,,,6,,7,16,9,17,7,12,4,0,1,0,0.4,1421.0
44,2026-10-02,,,,,,,,0,0,1276.0,7.5,9.0,9.8,8.8,28.0,12.0,24.0,,,,6.7,0,,,945.5,944.2,945.1,944.9,,,,,,,92.0,40.0,75.0,69.0,-1,-1,-1,,,,,,,,,,,8,,4,20,11,20,3,12,2,1,3,1,2.2,1411.0
46,2026-10-02,,,,,,,,0,0,1214.0,8.7,11.3,12.1,10.7,16.0,32.0,0.0,,,,3.5,0,,,1005.3,1006.0,1006.0,1005.8,,,,,,,74.0,43.0,71.0,63.0,-1,-1,-1,,,,,,,,,,,7,,9,22,15,23,7,15,4,1,1,0,0.7,1106.0
47,2026-10-02,,,,,,,,0,0,1099.0,12.0,12.6,12.4,12.3,24.0,8.0,24.0,,,,5.3,0,,,914.8,914.2,914.5,914.5,,,,,,,91.0,56.0,86.0,78.0,-1,-1,-1,,,,,,,,,,,5,,11,19,13,20,10,15,10,1,1,1,1.1,1355.0
48,2026-10-02,0.0,0.0,,8.0,9.0,,,0,0,1373.0,9.2,9.4,11.9,10.2,28.0,12.0,28.0,1,0,,4.4,0,0,0,979.2,978.4,978.4,978.7,0,0,,,,,92.0,42.0,81.0,72.0,-1,-1,-1,,,,0.0,-1.0,0,-1.0,6000.0,50000.0,,10,1,7,19,13,20,6,13,3,1,1,1,1.1,1336.0
49,2026-10-02,,,,,,,,,,,7.7,7.5,8.7,8.0,0.0,20.0,0.0,,,,,0,,,,,,,,,,,,,86.0,26.0,63.0,58.0,-1,-1,-1,,,,,,,,,,,9,,5,24,12,24,3,14,0,0,2,0,0.9,
50,2026-10-02,,,,,,,,0,0,1032.0,14.8,14.2,14.9,14.6,16.0,32.0,0.0,,,,7.2,0,,,937.0,936.2,936.5,936.6,,,,,,,94.0,58.0,79.0,77.0,0,9,0,,,,,,,,,,,4,,14,21,17,21,14,17,14,1,2,0,1.2,1412.0
51,2026-10-02,99.0,99.0,99.0,8.0,8.0,4.0,67.0,0,0,1180.0,8.6,10.6,8.0,9.1,20.0,16.0,8.0,0,0,0,9.0,0,0,0,1008.7,1009.1,1009.2,1009.0,0,0,,,,,71.0,35.0,35.0,47.0,-1,-1,-1,,0,0,,-1.0,0,-1.0,50000.0,40000.0,40000.0,6,0,10,24,20,25,8,16,7,2,1,3,2.8,1832.0
52,2026-10-02,,,,,,,,0,0,1168.0,8.0,9.9,11.6,9.8,28.0,12.0,28.0,,,,6.2,0,,,1005.2,1005.9,1005.9,1005.7,,,,,,,69.0,39.0,63.0,57.0,-1,-1,-1,,,,,,,,,,,7,,9,21,16,22,8,15,7,2,1,1,1.6,615.0
53,2026-10-02,,,,,,,,0,0,1464.0,7.7,7.4,,,28.0,16.0,16.0,,,,5.5,0,,,968.7,969.7,969.6,969.3,,,,,,,50.0,31.0,38.0,40.0,-1,-1,-1,,,,,,,,,,,9,,13,20,,21,12,17,8,1,1,1,1.1,1154.0
54,2026-10-02,,,,,,,,0,0,1447.0,8.7,8.2,10.3,9.1,28.0,12.0,20.0,,,,5.6,0,,,999.8,999.6,999.7,999.7,,,,,,,89.0,31.0,71.0,64.0,-1,-1,-1,,,,,,,,,,,9,,7,22,13,23,5,14,2,1,2,1,1.6,1331.0
55,2026-10-02,,,,,,,,0,0,1262.0,10.0,12.3,11.4,11.2,0.0,8.0,8.0,,,,8.4,0,,,954.2,952.6,953.7,953.5,,,,,,,94.0,53.0,71.0,73.0,-1,-1,-1,,,,0.0,,,,,,,9,,8,20,14,21,7,14,4,0,1,1,0.7,1716.0
56,2026-10-02,,,,,,,,0,0,920.0,10.7,15.2,15.7,13.9,20.0,24.0,24.0,,,,4.8,0,,,998.2,999.3,998.9,998.8,,,,,,,74.0,64.0,84.0,74.0,-1,-1,-1,,,,,,,,,,,4,,13,20,17,21,12,17,10,1,1,1,1.1,1303.0
57,2026-10-02,,,,,,,,0,0,1150.0,7.8,11.8,10.6,10.1,16.0,28.0,32.0,,,,4.0,0,,,964.1,965.4,965.7,965.1,,,,,,,62.0,47.0,71.0,60.0,-1,-1,-1,,,,,,,,,,,9,,10,21,13,22,9,16,7,1,1,1,1.1,1336.0
58,2026-10-02,,,,,,,,0,0,1309.0,8.2,7.9,7.9,8.0,0.0,16.0,24.0,,,,6.9,0,,,1006.8,1007.1,1007.1,1007.0,,,,,,,77.0,26.0,48.0,50.0,-1,-1,-1,,,,,,,,,,,10,,8,24,15,24,4,14,2,0,2,1,1.2,1207.0
59,2026-10-02,,,,,,,,0,0,1213.0,7.6,13.0,12.4,11.0,12.0,32.0,32.0,,,,6.5,0,,,930.7,931.1,931.5,931.1,,,,,,,75.0,60.0,86.0,74.0,-1,-1,-1,,,,,,,,,,,7,,7,19,12,20,7,13,5,2,3,1,2.8,1345.0
60,2026-10-02,,,,,,,,0,0,,14.4,16.6,16.3,15.8,20.0,24.0,0.0,,,,5.7,0,,,970.4,972.0,971.1,971.2,,,,,,,81.0,85.0,91.0,86.0,0,-1,0,,,,,,,,,,,,,16,17,16,18,15,16,,1,1,0,0.7,1050.0
61,2026-10-02,,,,,,,,0,0,1227.0,14.4,15.6,13.8,14.6,0.0,8.0,24.0,,,,6.4,0,,,955.5,954.5,955.4,955.1,,,,,,,90.0,61.0,85.0,79.0,,-1,,,,,,,,,,,,7,,14,22,14,22,13,18,12,0,2,1,1.2,1430.0
62,2026-10-02,0.0,0.0,1.0,2.0,3.0,1.0,20.0,0,0,1217.0,10.4,10.5,11.3,10.7,4.0,16.0,32.0,1,0,0,3.7,0,0,0,,,,,0,0,,,,,94.0,51.0,83.0,76.0,-1,-1,-1,,,,,-1.0,0,-1.0,60000.0,60000.0,60000.0,9,1,9,18,12,19,8,13,6,1,1,2,1.6,1545.0
63,2026-10-02,,,,,,,,0,0,1320.0,5.9,7.8,7.4,7.0,20.0,16.0,28.0,,,,11.0,0,,,916.7,918.2,918.2,917.7,,,,,,,39.0,41.0,56.0,45.0,-1,-1,-1,,,,,,,,,,,8,,13,17,11,17,11,14,8,3,3,1,3.4,439.0
64,2026-10-02,,,,,,,,0,0,1216.0,7.6,10.9,10.3,9.6,28.0,16.0,32.0,,,,8.7,0,,,931.6,930.9,931.6,931.4,,,,,,,94.0,55.0,83.0,77.0,-1,-1,-1,,,,,,,,,,,9,,4,17,10,18,4,11,,1,3,1,2.2,1358.0
65,2026-10-02,,,,,,,,0,0,1257.0,9.1,8.7,10.0,9.3,4.0,16.0,32.0,,,,8.6,0,,,1016.5,1016.7,1016.6,1016.6,,,,,,,71.0,30.0,67.0,56.0,-1,-1,-1,,,,,,,,,,,9,,11,24,13,24,6,15,,1,2,1,1.6,1225.0
66,2026-10-02,2.0,1.0,,10.0,5.0,,,0,0,810.0,10.0,10.7,10.4,10.4,0.0,32.0,16.0,1,0,0,6.1,0,0,0,818.4,818.1,818.9,818.5,0,0,,,,,91.0,61.0,92.0,81.0,,0,,,,,0.0,-1.0,0,-1.0,500.0,70000.0,,3,0,8,16,9,16,8,12,,0,1,1,0.7,1502.0
67,2026-10-02,,,,,,,,0,0,1302.0,7.7,8.3,6.7,7.6,12.0,16.0,12.0,,,,13.7,0,,,975.7,977.0,977.3,976.7,,,,,,,56.0,33.0,32.0,40.0,-1,-1,-1,,,,,,,,,,,9,,12,21,18,22,11,17,10,4,4,4,6.8,308.0
68,2026-10-02,,,,,,,,0,0,1182.0,7.8,9.5,8.7,8.7,32.0,12.0,12.0,,,,8.1,0,,,838.0,838.7,839.0,838.6,,,,,,,73.0,57.0,73.0,68.0,-1,-1,-1,,,,,,,,,,,8,,8,15,10,15,6,10,,1,2,2,2.1,2344.0
69,2026-10-02,,,,,,,,0,0,1217.0,9.4,11.4,10.9,10.6,24.0,12.0,0.0,,,,5.1,0,,,951.8,951.1,951.9,951.6,,,,,,,93.0,55.0,77.0,75.0,,,,,,,,,,,,,,9,,7,18,12,19,7,13,3,1,2,0,1.2,1411.0
70,2026-10-02,,,,,,,,0,0,1501.0,8.4,8.6,8.6,8.5,4.0,12.0,4.0,,,,10.5,0,,,1005.6,1006.3,1006.4,1006.1,,,,,,,61.0,30.0,54.0,48.0,-1,-1,-1,,,,,,,,,,,10,,12,23,14,24,9,17,6,2,3,1,2.8,1219.0
71,2026-10-02,,,,,,,,0,0,1498.0,7.3,9.2,8.5,8.3,4.0,20.0,8.0,,,,5.0,0,,,909.6,910.4,910.4,910.1,,,,,,,67.0,49.0,66.0,61.0,-1,-1,-1,,,,0.0,,,,,,,10,,8,17,11,18,8,13,6,1,1,2,1.6,1135.0
72,2026-10-02,,,,,,,,0,0,,7.0,9.5,9.1,8.5,24.0,4.0,24.0,,,,5.3,0,,,961.5,962.1,962.9,962.2,,,,,,,82.0,34.0,70.0,62.0,-1,-1,-1,,,,,,,,,,,9,,5,23,11,23,3,13,1,1,2,1,1.6,1253.0
73,2026-10-02,,,,,,,,0,0,1306.0,8.9,12.9,12.2,11.3,0.0,8.0,4.0,,,,7.6,0,,,934.8,933.5,934.1,934.1,,,,,,,97.0,55.0,81.0,78.0,-1,-1,-1,,,,,,,,,,,10,,6,20,13,21,5,13,5,0,2,1,1.2,1508.0
75,2026-10-02,,,,,,,,0,0,573.0,13.7,16.6,15.8,15.4,20.0,24.0,24.0,,,,6.4,0,,,983.0,984.6,983.8,983.8,,,,,,,90.0,80.0,92.0,87.0,-1,-1,-1,,,,,,,,,,,1,,13,18,15,19,12,15,11,2,2,1,2.1,816.0
76,2026-10-02,,,,,,,,0,0,1072.0,13.6,14.2,14.7,14.2,12.0,32.0,32.0,,,,13.6,0,,,934.3,933.1,932.7,933.4,,,,,,,100.0,78.0,89.0,89.0,-1,8,-1,,,,,,,,,,,3,,12,16,15,18,11,15,9,1,3,2,2.8,320.0
77,2026-10-02,,,,,,,,0,0,996.0,10.5,14.7,14.7,13.3,32.0,16.0,4.0,,,,5.2,0,,,957.7,959.1,958.8,958.5,,,,,,,85.0,66.0,81.0,77.0,-1,-1,-1,,,,,,,,,,,5,,10,19,16,20,9,14,6,1,2,1,1.6,2318.0
78,2026-10-02,1.0,1.0,1.0,6.0,6.0,4.0,53.0,0,0,960.0,8.9,12.3,11.2,10.8,0.0,4.0,0.0,1,0,0,5.8,0,0,0,922.4,921.2,922.1,921.9,0,0,,,,,88.0,52.0,82.0,74.0,,-1,,,,,,-1.0,0,-1.0,20000.0,20000.0,20000.0,4,1,7,20,12,21,6,13,3,0,2,0,0.9,1514.0
80,2026-10-02,0.0,,,8.0,,,,0,0,1251.0,8.4,8.3,10.3,9.0,24.0,8.0,24.0,0,,,7.4,0,0,0,973.0,972.9,973.7,973.2,0,0,,,,,75.0,29.0,68.0,57.0,-1,-1,-1,0,0,0,,-1.0,0,-1.0,20000.0,,,8,1,9,23,13,24,8,16,6,1,2,1,1.6,115.0
81,2026-10-02,,,,,,,,0,0,1291.0,8.1,9.2,8.8,8.7,4.0,12.0,8.0,,,,5.5,0,,,992.0,993.0,993.1,992.7,,,,,,,58.0,35.0,39.0,44.0,-1,-1,-1,,,,,,,,,,,7,,12,22,20,23,12,18,9,3,2,1,2.8,335.0
82,2026-10-02,2.0,0.0,0.0,9.0,9.0,1.0,63.0,0,0,1160.0,8.7,,5.8,,32.0,24.0,16.0,1,1,1,14.7,0,0,0,781.9,782.4,782.4,782.2,0,0,,,,,93.0,64.0,58.0,72.0,-1,-1,-1,,0,0,,-1.0,0,-1.0,800.0,9000.0,22000.0,4,0,6,,7,11,6,8,,1,1,5,3.8,2140.0
83,2026-10-02,,,,,,,,0,0,944.0,11.4,13.8,12.5,12.6,0.0,24.0,0.0,,,,7.5,0,,,918.1,917.7,917.9,917.9,,,,,,,93.0,71.0,89.0,84.0,-1,-1,-1,,,,,,,,,,,2,,10,17,12,19,10,14,8,0,2,0,0.9,1344.0
85,2026-10-02,,,,,,,,0,0,1312.0,10.8,10.8,9.9,10.5,28.0,8.0,8.0,,,,7.9,0,,,817.0,817.6,817.3,817.3,,,,,,,94.0,80.0,85.0,86.0,-1,-1,-1,,,,,,,,,,,5,,9,12,9,13,9,11,,1,1,4,3.0,1849.0
86,2026-10-02,,,,,,,,0,0,1390.0,6.2,8.4,6.8,7.1,16.0,12.0,32.0,,,,7.1,0,,,869.2,870.5,870.4,870.0,,,,,,,56.0,58.0,57.0,57.0,-1,-1,-1,,,,,,,,,,,9,,9,13,10,13,8,11,,2,2,1,2.1,1306.0
87,2026-10-02,0.0,0.0,0.0,5.0,5.0,5.0,50.0,0,0,670.0,12.3,13.0,12.1,12.5,4.0,4.0,4.0,0,0,0,6.2,0,0,0,896.3,896.2,896.2,896.2,0,0,,,,,89.0,76.0,87.0,84.0,,,,,0,0,0.0,-1.0,0,-1.0,15000.0,15000.0,15000.0,2,0,12,15,12,16,11,13,8,2,2,1,2.1,630.0
88,2026-10-02,,,,,,,,0,0,1317.0,6.9,8.0,8.5,7.8,20.0,20.0,20.0,,,,10.0,0,,,917.0,917.7,917.9,917.5,,,,,,,78.0,38.0,66.0,61.0,-1,-1,-1,0,0,0,,,,,,,,8,,5,18,11,19,5,12,4,4,2,2,4.0,359.0
89,2026-10-02,,,,,,,,0,0,1375.0,7.2,10.5,11.1,9.6,0.0,8.0,4.0,,,,5.7,0,,,970.2,971.0,971.4,970.9,,,,,,,93.0,41.0,86.0,73.0,-1,-1,-1,,,,,,,,,,,8,,3,22,11,22,2,12,1,0,1,1,0.7,1302.0
90,2026-10-02,,,,,,,,0,0,1293.0,8.2,9.8,10.9,9.6,0.0,16.0,32.0,,,,4.0,0,,,984.6,983.5,983.8,984.0,,,,,,,98.0,40.0,86.0,75.0,-1,-1,-1,,,,,,,,,,,9,,4,21,11,22,4,13,2,0,1,1,0.7,1352.0
91,2026-10-02,,,,,,,,0,0,1392.0,7.9,9.6,9.0,8.8,16.0,8.0,16.0,,,,5.9,0,,,970.5,969.7,970.1,970.1,,,,,,,91.0,41.0,81.0,71.0,-1,-1,-1,,,,,,,,,,,10,,5,20,9,21,4,12,0,1,2,1,1.6,1306.0
92,2026-10-02,,,,,,,,0,0,1100.0,8.9,11.9,10.6,10.5,28.0,12.0,24.0,,,,6.0,0,,,911.5,910.3,911.3,911.0,,,,,,,100.0,61.0,82.0,81.0,-1,-1,-1,,,,,,,,,,,5,,5,17,11,19,3,11,,1,1,2,1.6,1739.0
93,2026-10-02,,,,,,,,0,0,1199.0,8.9,14.5,14.3,12.6,16.0,20.0,20.0,,,,6.7,0,,,997.6,998.4,998.5,998.2,,,,,,,74.0,54.0,78.0,69.0,-1,-1,-1,,,,,,,,,,,7,,10,22,16,22,9,16,8,1,2,1,1.6,1247.0
94,2026-10-02,,,,,,,,0,0,1544.0,7.8,9.4,8.2,8.5,28.0,12.0,28.0,,,,5.2,0,,,946.0,947.0,947.1,946.7,,,,,,,61.0,41.0,64.0,55.0,-1,-1,-1,,,,,,,,,,,9,,11,20,11,21,8,14,6,2,1,3,2.8,1252.0
95,2026-10-02,,,,,,,,0,0,1380.0,9.4,10.5,12.0,10.6,4.0,16.0,32.0,,,,4.3,0,,,977.9,976.9,977.1,977.3,,,,,,,97.0,46.0,82.0,75.0,-1,-1,-1,,,,,,,,,,,9,,7,20,13,21,6,14,3,1,1,1,1.1,1418.0
97,2026-10-02,,,,,,,,0,0,1186.0,8.1,9.7,8.1,8.6,16.0,12.0,4.0,,,,5.5,0,,,885.5,885.8,886.3,885.9,,,,,,,90.0,54.0,58.0,67.0,-1,-1,-1,,,,0.0,,,,,,,8,,6,16,12,16,5,11,,1,2,1,1.6,1435.0
98,2026-10-02,2.0,0.0,0.0,10.0,8.0,6.0,80.0,0,0,1155.0,7.5,11.0,10.3,9.6,28.0,20.0,8.0,0,0,0,6.3,0,0,1,915.1,913.6,914.5,914.4,0,0,,,,,92.0,52.0,74.0,73.0,-1,-1,-1,0,0,0,,-1.0,0,-1.0,300.0,30000.0,15000.0,6,1,4,19,12,19,3,11,2,1,1,1,1.1,1646.0
100,2026-10-02,1.0,1.0,1.0,3.0,4.0,3.0,33.0,0,0,1166.0,10.2,11.8,12.3,11.4,16.0,12.0,16.0,1,0,0,4.7,0,0,0,974.2,973.3,973.5,973.7,0,0,,,,,98.0,56.0,83.0,79.0,-1,-1,-1,,,,,-1.0,0,-1.0,10000.0,20000.0,20000.0,6,0,8,18,13,19,7,13,5,1,2,1,1.6,1454.0
101,2026-10-02,,,,,,,,0,0,1061.0,10.4,16.6,14.8,13.9,4.0,16.0,0.0,,,,5.8,0,,,985.1,986.0,986.2,985.8,,,,,,,75.0,64.0,93.0,77.0,-1,-1,-1,,,,,,,,,,,6,,12,22,14,22,11,17,,2,1,0,1.2,627.0
102,2026-10-02,,,,,,,,0,0,1270.0,11.0,12.0,11.2,11.4,4.0,24.0,8.0,,,,5.0,0,,,921.6,921.6,922.2,921.8,,,,,,,100.0,58.0,84.0,81.0,-1,-1,-1,,,,,,,,,,,8,,8,18,11,19,8,14,7,1,2,1,1.6,1340.0
103,2026-10-02,,,,,,,,0,0,1258.0,7.3,7.7,10.1,8.4,24.0,8.0,20.0,,,,3.7,0,,,949.5,948.6,949.5,949.2,,,,,,,98.0,35.0,92.0,75.0,-1,-1,-1,,,,,,,,,,,9,,3,19,8,19,2,11,1,1,1,1,1.1,1533.0
104,2026-10-02,,,,,,,,0,0,1045.0,10.2,,,,8.0,4.0,8.0,,,,5.2,0,,,,,,,,,,,,,84.0,,,,-1,-1,-1,,,,,,,,,,,5,,10,,,23,9,16,8,1,1,1,1.1,1431.0
105,2026-10-02,,,,,,,,0,0,,9.1,8.5,8.3,8.6,8.0,16.0,12.0,,,,9.0,0,,,1005.0,1005.5,1005.8,1005.4,,,,,,,67.0,27.0,42.0,45.0,-1,-1,-1,,,,,,,,,,,8,,12,25,17,25,10,17,5,1,3,2,2.8,1221.0
106,2026-10-02,,,,,,,,0,0,1265.0,9.0,8.2,9.9,9.0,0.0,8.0,28.0,,,,6.3,0,,,1002.7,1003.2,1003.6,1003.2,,,,,,,82.0,27.0,62.0,57.0,-1,-1,-1,,,,,,,,,,,8,,8,24,14,25,6,16,,0,1,1,0.7,1137.0
107,2026-10-02,,,,,,,,0,0,1436.0,8.5,7.7,7.5,7.9,12.0,12.0,12.0,,,,10.4,0,,,1006.3,1006.8,1007.0,1006.7,,,,,,,61.0,25.0,35.0,40.0,-1,-1,-1,,,,,,,,,,,9,,12,25,19,25,11,18,6,1,3,2,2.8,1054.0
108,2026-10-02,,,,,,,,0,0,,10.2,14.5,14.5,13.1,8.0,28.0,8.0,,,,5.5,0,,,960.0,960.3,960.5,960.3,,,,,,,86.0,59.0,86.0,77.0,,-1,-1,,,,0.0,,,,,,,3,,10,21,15,21,9,15,7,1,2,1,1.6,1518.0
109,2026-10-02,,,,,,,,0,0,,12.4,16.0,16.1,14.8,32.0,24.0,12.0,,,,7.8,0,,,966.4,966.8,966.5,966.6,,,,,,,81.0,69.0,84.0,78.0,-1,-1,-1,,,,,,,,,,,6,,13,20,17,21,13,17,,1,2,1,1.6,1333.0
111,2026-10-02,1.0,1.0,2.0,8.0,7.0,7.0,73.0,0,0,1107.0,13.8,16.1,15.3,15.1,28.0,28.0,32.0,1,0,1,7.9,0,0,0,957.3,958.9,958.2,958.1,0,0,,,,,79.0,76.0,83.0,79.0,-1,-1,-1,0,0,0,,-1.0,0,-1.0,30000.0,15000.0,15000.0,4,0,15,19,16,21,15,18,13,2,2,2,2.7,1055.0
112,2026-10-02,0.0,0.0,0.0,7.0,6.0,6.0,63.0,0,0,1319.0,7.5,7.2,7.1,7.3,28.0,16.0,16.0,0,0,0,7.8,0,0,0,996.4,996.7,997.3,996.8,0,0,,,,,60.0,23.0,34.0,39.0,-1,-1,-1,,0,0,,-1.0,0,-1.0,45000.0,40000.0,25000.0,9,0,10,25,18,26,7,16,4,1,2,2,2.1,221.0
113,2026-10-02,,,,,,,,0,0,,11.2,13.4,13.3,12.6,24.0,8.0,8.0,,,,6.6,0,,,943.2,942.0,942.3,942.5,,,,,,,95.0,59.0,87.0,80.0,-1,-1,-1,,,,,,,,,,,6,,9,20,13,20,8,14,,1,2,1,1.6,1525.0
115,2026-10-02,1.0,0.0,0.0,9.0,9.0,9.0,90.0,0,0,1370.0,8.0,9.3,9.5,8.9,0.0,4.0,24.0,1,0,0,3.6,0,0,0,953.3,952.0,952.4,952.6,0,0,,,,,94.0,39.0,69.0,67.0,-1,-1,-1,0,0,0,,-1.0,0,-1.0,10000.0,25000.0,15000.0,9,0,5,20,12,22,3,12,-1,0,1,1,0.7,1439.0
116,2026-10-02,,,,,,,,0,0,1473.0,8.6,8.1,10.9,9.2,0.0,8.0,24.0,,,,4.5,0,,,989.6,989.6,989.7,989.6,,,,,,,93.0,33.0,77.0,68.0,-1,-1,-1,,,,,,,,,,,10,,6,21,12,23,5,14,2,0,1,1,0.7,1338.0
118,2026-10-02,,,,,,,,0,0,898.0,13.1,14.5,13.5,13.7,12.0,28.0,16.0,,,,6.6,0,,,941.5,941.4,941.3,941.4,,,,,,,90.0,67.0,87.0,81.0,-1,-1,-1,,,,,,,,,,,2,,13,19,14,19,12,16,10,1,2,1,1.6,1228.0
119,2026-10-02,,,,,,,,0,0,841.0,11.3,12.8,12.8,12.3,20.0,4.0,20.0,,,,7.8,0,,,883.7,883.0,883.5,883.4,,,,,,,83.0,65.0,85.0,78.0,-1,3,-1,,,,,,,,,,,,,12,17,13,17,11,14,10,2,2,1,2.1,306.0
120,2026-10-02,,,,,,,,0,0,1306.0,9.6,12.1,11.2,11.0,0.0,24.0,16.0,,,,4.0,0,,,978.1,977.3,977.5,977.6,,,,,,,97.0,53.0,75.0,75.0,,-1,,,,,,,,,,,,8,,7,20,13,21,5,13,4,0,1,1,0.7,1834.0
121,2026-10-02,,,,,,,,0,0,664.0,12.5,13.1,11.3,12.3,0.0,24.0,12.0,,,,7.5,0,,,879.1,878.7,879.2,879.0,,,,,,,94.0,74.0,87.0,85.0,0,0,0,,,,,,,,,,,3,,11,16,11,17,11,14,11,0,1,2,1.2,29.0
122,2026-10-02,1.0,1.0,,8.0,9.0,,,0,0,1345.0,7.3,9.1,4.5,7.0,4.0,8.0,12.0,0,0,,6.8,0,0,0,859.9,860.9,860.9,860.6,0,0,,,,,74.0,67.0,44.0,62.0,-1,-1,-1,,,,0.0,-1.0,0,-1.0,40000.0,80000.0,,7,1,7,12,7,13,6,9,2,1,2,2,2.1,1624.0
124,2026-10-02,,,,,,,,0,0,1367.0,8.4,10.1,9.5,9.3,28.0,8.0,24.0,,,,5.4,0,,,931.1,930.8,931.0,931.0,,,,,,,90.0,45.0,68.0,68.0,-1,-1,-1,,,,,,,,,,,9,,6,19,12,20,3,11,2,1,1,2,1.6,1815.0
126,2026-10-02,,,,,,,,0,0,828.0,16.7,15.8,15.7,16.1,20.0,8.0,4.0,,,,5.0,0,,,953.2,952.6,952.7,952.8,,,,,,,98.0,73.0,82.0,84.0,1,6,1,,,,,,,,,,,3,,15,19,17,21,14,18,12,1,1,1,1.1,1539.0
127,2026-10-02,,,,,,,,0,0,,13.5,14.9,12.8,13.7,0.0,8.0,16.0,,,,4.6,0,,,923.8,923.5,923.5,923.6,,,,,,,83.0,70.0,84.0,79.0,-1,-1,-1,,,,,,,,,,,,,14,19,13,19,13,16,12,0,2,1,1.2,1254.0
129,2026-10-02,2.0,2.0,2.0,9.0,9.0,9.0,90.0,0,0,765.0,12.5,15.1,14.8,14.1,16.0,32.0,32.0,0,0,0,6.0,0,0,0,957.6,957.8,957.6,957.7,0,0,,,,,85.0,71.0,80.0,79.0,-1,-1,-1,,,,,-1.0,0,-1.0,50000.0,40000.0,15000.0,1,0,13,19,16,19,11,15,8,1,2,1,1.6,1139.0
130,2026-10-02,,,,,,,,0,0,1434.0,8.7,11.0,8.8,9.5,20.0,8.0,12.0,,,,8.6,0,,,907.6,906.7,908.1,907.5,,,,,,,88.0,56.0,66.0,70.0,-1,-1,-1,,,,0.0,,,,,,,9,,7,17,11,18,6,12,5,1,3,1,2.2,1320.0
131,2026-10-02,,,,,,,,0,0,,13.0,16.3,16.2,15.2,16.0,32.0,28.0,,,,7.7,0,,,977.6,978.8,978.0,978.1,,,,,,,84.0,77.0,85.0,82.0,-1,-1,-1,,,,,,,,,,,3,,14,18,17,19,13,16,11,1,3,2,2.8,
132,2026-10-02,,,,,,,,0,0,995.0,11.4,15.2,15.2,13.9,12.0,28.0,12.0,,,,7.5,0,,,970.3,970.5,970.4,970.4,,,,,,,71.0,62.0,88.0,74.0,-1,-1,-1,,,,,,,,,,,3,,14,21,15,21,13,17,10,1,1,1,1.1,1558.0
133,2026-10-02,2.0,2.0,2.0,10.0,10.0,10.0,100.0,0,0,1022.0,12.4,14.1,14.1,13.5,0.0,32.0,0.0,1,0,0,7.6,0,0,0,937.6,935.9,936.0,936.5,0,0,,,,,86.0,66.0,79.0,77.0,-1,7,-1,,1,0,,-1.0,0,,30000.0,30000.0,30000.0,2,0,13,19,16,19,12,16,12,0,2,0,0.9,1404.0
134,2026-10-02,,,,,,,,0,0,1379.0,8.7,7.2,7.7,7.9,8.0,12.0,8.0,,,,9.8,0,,,1010.3,1011.2,1011.0,1010.8,,,,,,,58.0,24.0,37.0,40.0,-1,-1,-1,,,,,,,,,,,10,,13,24,18,25,11,18,6,2,3,1,2.8,1306.0
136,2026-10-02,2.0,1.0,1.0,10.0,4.0,9.0,77.0,0,0,928.0,15.1,14.1,13.9,14.4,24.0,28.0,12.0,2,,,4.9,0,0,0,911.6,911.5,911.5,911.5,0,0,,,,,97.0,67.0,87.0,84.0,,2,,,1,0,,-1.0,0,,3000.0,10000.0,10000.0,3,0,14,18,14,19,13,16,10,1,2,1,1.6,1412.0
137,2026-10-02,,,,,,,,0,0,1121.0,9.4,12.1,10.4,10.6,0.0,20.0,4.0,,,,6.0,0,,,908.6,908.4,909.5,908.8,,,,,,,88.0,62.0,76.0,75.0,-1,-1,-1,,,,,,,,,,,6,,8,17,12,17,7,12,7,0,2,1,1.2,1402.0
138,2026-10-02,2.0,0.0,,10.0,3.0,,,0,0,1088.0,14.6,13.5,14.1,14.1,4.0,4.0,20.0,2,0,0,9.5,0,0,0,,,,,0,0,,,,,93.0,60.0,79.0,77.0,-1,,-1,,1,1,,-1.0,0,-1.0,5000.0,25000.0,3000.0,4,0,14,19,16,21,14,17,13,1,2,1,1.6,1616.0
139,2026-10-02,,,,,,,,0,0,1164.0,11.1,13.1,12.3,12.2,12.0,28.0,12.0,,,,9.6,0,,,912.5,911.6,912.5,912.2,,,,,,,80.0,63.0,83.0,75.0,-1,-1,-1,,,,,,,,,,,5,,12,18,13,19,11,15,10,1,3,1,2.2,1524.0
140,2026-10-02,,,,,,,,0,0,,7.9,7.8,8.5,8.1,32.0,16.0,32.0,,,,8.0,0,,,,,,,,,,,,,77.0,29.0,59.0,55.0,-1,-1,-1,0,0,0,,,,,,,,8,,7,22,13,23,6,14,2,1,3,1,2.2,1138.0
141,2026-10-02,,,,,,,,0,0,865.0,12.6,17.3,15.5,15.1,20.0,24.0,20.0,,,,5.8,0,,,978.8,980.2,979.7,979.6,,,,,,,92.0,77.0,90.0,86.0,-1,-1,-1,,,,,,,,,,,2,,12,19,15,20,11,16,10,1,1,1,1.1,957.0
142,2026-10-02,2.0,0.0,2.0,9.0,8.0,9.0,87.0,0,0,1067.0,15.6,15.2,15.4,15.4,32.0,4.0,4.0,0,0,0,8.4,0,0,0,972.2,972.6,972.2,972.3,0,0,,,,,83.0,70.0,80.0,78.0,-1,-1,-1,,0,0,,-1.0,0,-1.0,5000.0,3000.0,3000.0,4,1,17,19,17,20,15,18,13,2,2,2,2.7,1058.0
144,2026-10-02,,,,,,,,0,0,,10.5,16.3,15.3,14.0,12.0,32.0,12.0,,,,9.0,0,,,977.1,978.6,978.1,977.9,,,,,,,63.0,68.0,90.0,74.0,-1,-1,-1,,,,,,,,,,,0,,15,20,15,21,14,18,12,3,1,1,2.2,237.0
145,2026-10-02,,,,,,,,0,0,710.0,13.0,15.9,16.2,15.0,0.0,32.0,0.0,,,,6.1,0,,,980.4,981.6,980.8,980.9,,,,,,,88.0,76.0,84.0,83.0,-1,-1,-1,,,,,,,,,,,1,,13,18,17,19,12,16,9,0,2,0,0.9,1301.0
146,2026-10-02,,,,,,,,0,0,1030.0,12.5,13.0,13.3,12.9,4.0,8.0,4.0,,,,8.0,0,,,906.6,904.8,905.6,905.7,,,,,,,90.0,68.0,85.0,81.0,-1,4,-1,,,,,,,,,,,,,12,17,14,18,12,15,11,2,3,2,3.3,1330.0
147,2026-10-02,,,,,,,,0,0,1120.0,8.5,12.0,12.8,11.1,0.0,8.0,24.0,,,,4.1,0,,,942.1,941.2,941.5,941.6,,,,,,,87.0,56.0,81.0,75.0,-1,-1,-1,,,,,,,,,,,5,,7,19,14,20,6,13,4,0,1,1,0.7,1513.0
148,2026-10-02,,,,,,,,0,0,1157.0,8.2,11.3,10.8,10.1,16.0,4.0,16.0,,,,4.6,0,,,962.3,963.5,964.0,963.3,,,,,,,79.0,45.0,68.0,64.0,-1,-1,-1,,,,,,,,,,,7,,8,21,14,22,6,14,4,1,1,1,1.1,1214.0
149,2026-10-02,,,,,,,,0,0,1089.0,9.1,10.6,10.1,9.9,24.0,12.0,24.0,,,,4.7,0,,,894.6,895.2,895.7,895.2,,,,,,,97.0,63.0,89.0,83.0,-1,-1,-1,,,,,,,,,,,6,,6,15,9,15,5,10,2,1,1,1,1.1,1055.0
150,2026-10-02,,,,,,,,0,0,1061.0,10.1,12.1,11.6,11.3,0.0,16.0,0.0,,,,4.7,0,,,968.8,967.8,968.5,968.4,,,,,,,100.0,56.0,86.0,81.0,-1,-1,-1,,,,,,,,,,,5,,7,19,12,19,6,13,4,0,1,0,0.4,1443.0
151,2026-10-02,,,,,,,,0,0,718.0,14.0,14.1,13.7,13.9,28.0,32.0,28.0,,,,7.8,0,,,923.5,923.4,923.2,923.4,,,,,,,91.0,73.0,88.0,84.0,-1,0,-1,,,,,,,,,,,1,,13,17,14,18,12,15,11,2,2,2,2.7,716.0
152,2026-10-02,,,,,,,,0,0,1364.0,8.3,7.9,7.8,8.0,8.0,16.0,12.0,,,,9.7,0,,,1008.1,1008.6,1008.8,1008.5,,,,,,,67.0,27.0,39.0,44.0,,-1,-1,,,,,,,,,,,10,,10,24,18,24,8,16,5,1,2,2,2.1,1058.0
153,2026-10-02,,,,,,,,0,0,1167.0,7.1,9.3,7.8,8.1,12.0,12.0,8.0,,,,5.5,0,,,893.3,893.8,894.0,893.7,,,,,,,68.0,48.0,60.0,59.0,-1,-1,-1,,,,,,,,,,,8,,8,17,11,18,7,12,,2,2,1,2.1,1250.0
154,2026-10-02,,,,,,,,0,0,1269.0,8.2,7.4,8.8,8.1,20.0,16.0,24.0,,,,6.4,0,,,999.0,999.0,999.1,999.0,,,,,,,90.0,27.0,61.0,59.0,-1,-1,-1,,,,,,,,,,,8,,6,23,13,24,4,14,-1,1,2,1,1.6,1246.0
155,2026-10-02,0.0,0.0,0.0,9.0,8.0,7.0,80.0,0,0,1173.0,9.7,14.5,14.7,13.0,16.0,24.0,16.0,0,0,0,5.9,0,0,0,994.7,995.7,995.6,995.3,0,0,,,,,86.0,55.0,83.0,75.0,-1,-1,-1,0,0,0,,-1.0,0,-1.0,30000.0,30000.0,40000.0,9,1,9,22,16,22,7,15,4,1,2,1,1.6,1240.0
156,2026-10-02,1.0,0.0,0.0,8.0,8.0,1.0,,0,0,,11.3,15.3,14.7,13.8,0.0,28.0,12.0,1,0,0,4.9,0,0,0,955.6,954.1,954.6,954.8,0,0,,,,,94.0,66.0,89.0,83.0,-1,-1,-1,,0,0,,-1.0,0,-1.0,18000.0,20000.0,20000.0,,1,10,20,15,20,9,15,7,0,1,1,0.7,1412.0
157,2026-10-02,,,,,,,,0,0,1077.0,9.2,13.9,13.4,12.2,0.0,24.0,12.0,,,,5.0,0,,,946.5,948.1,947.7,947.4,,,,,,,66.0,68.0,85.0,73.0,-1,-1,-1,,,,,,,,,,,6,,12,18,14,19,11,15,7,0,2,1,1.2,1354.0
158,2026-10-02,,,,,,,,0,0,1287.0,9.5,,,,8.0,16.0,4.0,,,,10.1,0,,,1012.1,1012.7,1012.6,1012.5,,,,,,,68.0,,,,-1,-1,-1,,,,,,,,,,,10,,12,,,24,6,15,2,1,3,1,2.2,1201.0
159,2026-10-02,1.0,1.0,1.0,9.0,8.0,7.0,80.0,0,0,732.0,12.2,17.0,15.9,15.0,20.0,24.0,20.0,0,0,0,5.5,0,0,0,987.6,989.1,988.5,988.4,0,0,,,,,96.0,75.0,92.0,88.0,-1,-1,-1,0,0,0,0.0,-1.0,0,-1.0,1000.0,2000.0,2000.0,2,1,11,20,15,20,10,15,8,1,1,1,1.1,914.0
160,2026-10-02,,,,,,,,0,0,965.0,10.1,15.7,15.0,13.6,0.0,24.0,0.0,,,,5.7,0,,,987.3,988.5,987.9,987.9,,,,,,,94.0,67.0,92.0,84.0,-1,-1,-1,,,,,,,,,,,3,,8,20,14,21,8,14,,0,2,0,0.9,1232.0
161,2026-10-02,,,,,,,,0,0,1043.0,9.3,13.4,13.1,11.9,24.0,16.0,20.0,,,,4.1,0,,,948.8,950.3,950.2,949.8,,,,,,,82.0,58.0,87.0,76.0,-1,-1,-1,,,,,,,,,,,5,,9,20,13,20,9,14,7,1,1,1,1.1,1219.0
162,2026-10-02,,,,,,,,0,0,709.0,14.5,16.8,14.4,15.2,20.0,24.0,16.0,,,,7.1,0,,,,,,,,,,,,,85.0,78.0,94.0,86.0,-1,-1,-1,,,,,,,,,,,2,,15,19,13,19,11,15,9,1,1,1,1.1,938.0
163,2026-10-02,,,,,,,,0,0,805.0,13.0,16.6,15.8,15.1,32.0,24.0,28.0,,,,7.2,0,,,973.3,974.5,973.6,973.8,,,,,,,86.0,78.0,83.0,82.0,-1,-1,-1,,,,,,,,,,,2,,13,19,17,20,13,16,,1,2,1,1.6,757.0
164,2026-10-02,0.0,0.0,0.0,3.0,4.0,3.0,33.0,0,0,1271.0,7.2,8.3,9.1,8.2,20.0,4.0,24.0,0,0,0,4.6,0,0,0,990.3,990.7,991.2,990.7,0,0,,,,,79.0,27.0,59.0,55.0,-1,-1,-1,0,0,0,,-1.0,0,,4000.0,6000.0,6000.0,9,0,6,25,13,25,4,14,3,1,1,1,1.1,1038.0
165,2026-10-02,2.0,1.0,1.0,10.0,6.0,7.0,77.0,0,0,1125.0,11.4,14.4,14.0,13.3,0.0,20.0,8.0,1,0,1,5.8,0,0,0,948.0,948.2,948.1,948.1,0,0,,,,,86.0,65.0,87.0,79.0,-1,-1,-1,0,0,0,,-1.0,0,-1.0,15000.0,10000.0,10000.0,6,0,11,19,14,20,10,15,8,0,2,1,1.2,1330.0
166,2026-10-02,0.0,,,8.0,,,,0,0,1185.0,9.0,11.8,13.6,11.5,0.0,12.0,0.0,1,,,8.0,0,,,956.7,955.4,955.9,956.0,,,,,,,93.0,51.0,85.0,76.0,-1,-1,-1,,,,,-1.0,0,-1.0,5000.0,,,,,7,20,14,21,6,14,,0,1,0,0.4,1608.0
167,2026-10-02,,,,,,,,,,,7.0,7.6,9.9,8.2,,,,,,,,0,,,949.9,948.7,949.3,949.3,,,,,,,88.0,31.0,72.0,64.0,-1,-1,-1,,,,,,,,,,,,,4,21,12,22,3,12,,,,,,
169,2026-10-02,,,,,,,,0,0,1211.0,7.1,7.8,8.1,7.7,16.0,8.0,24.0,,,,5.6,0,,,980.1,981.0,981.5,980.9,,,,,,,42.0,27.0,52.0,40.0,-1,-1,-1,,,,,,,,,,,9,,15,23,14,25,9,17,,2,2,1,2.1,606.0
170,2026-10-02,,,,,,,,0,0,,7.7,8.5,8.8,8.3,0.0,16.0,16.0,,,,7.9,0,,,976.7,977.3,977.8,977.3,,,,,,,83.0,33.0,65.0,60.0,-1,-1,-1,,,,,,,,,,,8,,6,22,12,23,5,14,1,0,2,1,1.2,1108.0
171,2026-10-02,2.0,,,10.0,,,,0,0,941.0,15.5,15.4,16.4,15.8,32.0,28.0,28.0,1,,,8.0,0,0,0,982.7,980.7,980.5,981.3,0,0,,,,,95.0,65.0,80.0,80.0,-1,6,-1,,,,,-1.0,0,-1.0,5000.0,,,2,0,14,20,18,21,14,18,14,1,2,1,1.6,29.0
172,2026-10-02,,,,,,,,0,0,955.0,13.8,15.0,15.4,14.7,16.0,20.0,12.0,,,,11.1,0,,,934.6,932.5,932.9,933.3,,,,,,,100.0,74.0,90.0,88.0,-1,2,-1,,,,,,,,,,,,,12,18,15,19,12,15,12,1,1,1,1.1,144.0
173,2026-10-02,,,,,,,,0,0,1022.0,11.7,13.5,13.3,12.8,8.0,12.0,0.0,,,,8.3,0,,,890.2,888.9,889.0,889.4,,,,,,,95.0,72.0,90.0,86.0,-1,2,-1,,,,,,,,,,,3,,10,17,13,17,10,13,,1,1,0,0.7,214.0
174,2026-10-02,,,,,,,,0,0,945.0,11.7,13.0,13.4,12.7,8.0,4.0,4.0,,,,8.4,0,,,,,,,,,,,,,96.0,79.0,90.0,88.0,,,-1,,,,,,,,,,,2,,10,15,13,16,10,13,,1,2,1,1.6,238.0
175,2026-10-02,,,,,,,,0,0,1087.0,16.0,15.3,14.5,15.3,24.0,12.0,8.0,,,,7.2,0,,,961.6,961.0,961.3,961.3,,,,,,,91.0,61.0,76.0,76.0,0,-1,0,,,,,,,,,,,6,,16,21,17,22,15,18,12,1,2,1,1.6,1558.0
176,2026-10-02,,,,,,,,0,0,663.0,10.6,10.9,10.8,10.8,4.0,4.0,12.0,,,,6.4,0,,,836.2,836.6,836.2,836.3,,,,,,,90.0,91.0,87.0,89.0,,,,,,,,,,,,,,1,,9,10,10,12,9,10,,2,2,1,2.1,2259.0
178,2026-10-02,,,,,,,,,,,11.8,14.3,13.0,13.0,,,,,,,,0,,,920.0,920.2,919.9,920.0,,,,,,,92.0,77.0,91.0,87.0,-1,-1,-1,,,,,,,,,,,,,11,16,12,18,10,14,,,,,,
179,2026-10-02,0.0,1.0,0.0,8.0,10.0,10.0,93.0,0,0,1277.0,8.8,11.7,11.6,10.7,28.0,8.0,4.0,0,0,0,4.7,0,0,0,893.5,893.7,894.0,893.7,0,0,,,,,77.0,63.0,80.0,73.0,-1,-1,-1,,0,0,,-1.0,0,-1.0,29000.0,29000.0,12000.0,9,1,9,16,13,17,8,12,4,1,1,1,1.1,1356.0
180,2026-10-02,,,,,,,,0,0,,8.0,7.0,7.5,7.5,0.0,16.0,28.0,,,,7.1,0,,,994.2,994.7,994.9,994.6,,,,,,,72.0,25.0,42.0,46.0,-1,-1,-1,,,,,,,,,,,9,,9,23,16,24,7,15,5,0,2,2,1.8,1155.0
181,2026-10-02,,,,,,,,0,0,1345.0,15.0,15.6,15.6,15.4,12.0,28.0,28.0,,,,9.1,0,,,964.3,962.1,962.5,963.0,,,,,,,94.0,60.0,75.0,76.0,-1,2,-1,,,,,,,,,,,7,,14,22,18,22,14,18,13,1,1,1,1.1,149.0
182,2026-10-02,,,,,,,,0,0,1126.0,8.3,10.4,9.9,9.5,28.0,12.0,0.0,,,,3.6,0,,,935.8,934.7,935.6,935.4,,,,,,,91.0,50.0,76.0,72.0,-1,-1,-1,,,,,,,,,,,7,,6,18,11,19,5,12,,1,1,0,0.7,1335.0
183,2026-10-02,1.0,1.0,,9.0,2.0,0.0,37.0,0,0,1436.0,7.9,8.9,10.0,8.9,24.0,16.0,20.0,1,1,1,8.2,0,0,0,1005.6,1005.4,1005.6,1005.5,0,0,,,,,86.0,30.0,67.0,61.0,-1,-1,-1,0,0,0,,-1.0,0,-1.0,10000.0,10000.0,3000.0,10,0,6,24,13,25,3,14,2,1,2,1,1.6,1358.0
184,2026-10-02,2.0,2.0,2.0,10.0,10.0,9.0,97.0,,,,,,,,16.0,16.0,20.0,2,2,2,,0,0,1,732.7,733.5,733.6,733.3,0,0,,,,,,,,,,5,,,,,0.0,-1.0,0,-1.0,3000.0,5000.0,7000.0,,0,,,,,,,,1,1,1,1.1,
185,2026-10-02,,,,,,,,0,0,1204.0,9.0,10.9,8.9,9.6,24.0,8.0,24.0,,,,6.9,0,,,875.6,875.4,876.8,875.9,,,,,,,96.0,64.0,88.0,83.0,-1,-1,-1,,,,0.0,,,,,,,8,,6,15,7,16,4,10,3,1,2,1,1.6,1518.0
187,2026-10-02,,,,,,,,0,0,1263.0,8.8,11.2,10.7,10.2,28.0,12.0,28.0,,,,7.1,0,,,957.4,956.6,957.3,957.1,,,,,,,91.0,52.0,78.0,74.0,-1,-1,-1,,,,,,,,,,,9,,7,19,12,19,6,12,2,1,3,2,2.8,1131.0
188,2026-10-02,,,,,,,,0,0,1345.0,8.1,11.9,10.5,10.2,4.0,20.0,4.0,,,,3.6,0,,,977.4,976.5,976.7,976.9,,,,,,,95.0,52.0,86.0,78.0,-1,-1,-1,,,,,,,,,,,10,,5,20,10,20,3,12,1,1,1,1,1.1,1236.0
189,2026-10-02,,,,,,,,0,0,1120.0,9.2,14.4,14.3,12.6,24.0,20.0,20.0,,,,7.5,0,,,993.7,994.6,994.6,994.3,,,,,,,75.0,55.0,76.0,69.0,,,,,,,,,,,,,,6,,10,22,17,22,10,16,4,1,3,2,2.8,1402.0
192,2026-10-02,,,,,,,,0,0,1043.0,11.0,15.4,15.2,13.9,16.0,24.0,12.0,,,,4.7,0,,,984.0,985.4,984.9,984.8,,,,,,,77.0,63.0,86.0,75.0,-1,-1,-1,,,,,,,,,,,4,,12,21,16,21,11,16,9,1,1,2,1.6,1429.0
193,2026-10-02,,,,,,,,0,0,1281.0,8.5,12.8,11.8,11.0,20.0,16.0,12.0,,,,6.7,0,,,919.2,921.1,921.1,920.5,,,,,,,54.0,66.0,75.0,65.0,-1,-1,-1,,,,,,,,,,,8,,14,17,14,19,13,16,10,3,2,2,3.3,955.0
195,2026-10-02,,,,,,,,0,0,1334.0,11.1,13.6,13.1,12.6,0.0,8.0,0.0,,,,7.4,0,,,,,,,,,,,,,98.0,57.0,93.0,83.0,-1,-1,-1,,,,,,,,,,,8,,9,20,12,21,8,14,,0,3,0,1.5,1421.0
196,2026-10-02,,,,,,,,0,0,888.0,9.8,10.2,9.9,10.0,8.0,16.0,16.0,,,,13.1,0,,,787.9,788.4,788.2,788.2,,,,,,,99.0,93.0,96.0,96.0,-1,-1,-1,,,,,,,,,,,1,,7,8,7,9,7,8,,3,2,2,3.3,2317.0
197,2026-10-02,,,,,,,,0,0,1465.0,8.8,7.6,7.6,8.0,12.0,12.0,12.0,,,,10.0,0,,,1007.8,1008.4,1008.6,1008.3,,,,,,,53.0,25.0,35.0,38.0,-1,-1,-1,,,,,,,,,,,10,,15,24,19,25,13,19,7,2,3,3,3.9,1204.0
198,2026-10-02,,,,,,,,0,0,1130.0,12.5,11.0,12.1,11.9,0.0,16.0,4.0,,,,3.1,0,,,978.9,978.1,978.1,978.4,,,,,,,99.0,53.0,90.0,81.0,-1,-1,-1,,,,,,,,,,,8,,10,18,11,19,9,14,7,0,1,1,0.7,737.0
199,2026-10-02,,,,,,,,0,0,1169.0,8.4,9.6,10.8,9.6,28.0,8.0,28.0,,,,4.9,0,,,993.6,994.1,994.5,994.1,,,,,,,84.0,37.0,72.0,64.0,-1,-1,-1,,,,,,,,,,,8,,7,22,13,23,6,14,,1,2,1,1.6,1121.0
200,2026-10-02,,,,,,,,0,0,1297.0,7.8,7.2,9.4,8.1,28.0,12.0,8.0,,,,5.2,0,,,986.5,986.8,986.8,986.7,,,,,,,88.0,28.0,65.0,60.0,-1,-1,-1,,,,,,,,,,,9,,5,22,13,22,4,13,,1,2,1,1.6,1250.0
202,2026-10-02,1.0,1.0,1.0,2.0,2.0,4.0,27.0,0,0,1351.0,7.4,7.3,7.2,7.3,32.0,20.0,20.0,0,0,0,6.6,0,0,0,983.0,983.6,983.6,983.4,0,0,,,,,59.0,28.0,38.0,42.0,-1,-1,-1,,0,0,,-1.0,0,-1.0,30000.0,30000.0,30000.0,8,0,10,22,17,23,9,16,7,2,2,1,2.1,1340.0
203,2026-10-02,,,,,,,,0,0,1153.0,9.3,11.2,10.2,10.2,28.0,16.0,28.0,,,,6.8,0,,,,,,,,,,,,,93.0,56.0,75.0,75.0,-1,-1,-1,,,,,,,,,,,8,,7,18,12,18,6,12,3,1,2,1,1.6,1441.0
204,2026-10-02,2.0,2.0,2.0,5.0,10.0,9.0,80.0,0,0,954.0,12.1,16.5,15.8,14.8,24.0,28.0,4.0,1,0,1,5.8,0,0,0,983.3,984.7,984.3,984.1,0,0,,,,,87.0,69.0,86.0,81.0,-1,-1,-1,,0,0,,-1.0,0,-1.0,15000.0,8000.0,4500.0,2,0,12,20,16,21,12,16,9,1,1,1,1.1,425.0
205,2026-10-02,1.0,2.0,2.0,9.0,10.0,10.0,97.0,0,0,656.0,11.0,12.6,12.0,11.9,20.0,28.0,12.0,1,1,1,6.1,0,0,1,850.3,851.5,851.0,850.9,0,0,,,,,84.0,96.0,99.0,93.0,-1,-1,-1,,0,0,,-1.0,0,-1.0,5000.0,50.0,50.0,1,1,11,11,10,13,10,11,4,1,1,2,1.6,2311.0
206,2026-10-02,,,,,,,,0,0,1036.0,8.8,9.1,9.8,9.2,20.0,4.0,20.0,,,,4.3,0,,,906.0,906.7,906.6,906.4,,,,,,,84.0,57.0,78.0,73.0,-1,-1,-1,,,,,,,,,,,5,,8,14,10,15,7,11,4,2,2,2,2.7,1200.0
210,2026-10-02,,,,,,,,0,0,878.0,13.0,13.4,12.7,13.0,32.0,32.0,0.0,,,,7.1,0,,,867.5,866.9,867.7,867.4,,,,,,,97.0,76.0,92.0,88.0,0,3,0,,,,,,,,,,,3,,11,16,12,16,9,13,,1,2,0,1.2,1350.0
213,2026-10-02,1.0,1.0,0.0,8.0,6.0,3.0,57.0,0,0,1457.0,6.4,6.6,2.9,5.3,4.0,16.0,20.0,3,0,0,12.7,0,0,0,708.9,710.0,709.8,709.6,0,0,,,,,100.0,82.0,42.0,75.0,-1,-1,-1,0,0,0,0.0,-1.0,0,-1.0,200.0,3000.0,30000.0,7,0,1,4,2,4,0,2,,4,2,4,5.4,2341.0
214,2026-10-02,,,,,,,,0,0,787.0,13.7,14.1,13.7,13.8,0.0,28.0,16.0,,,,6.3,0,,,,,,,,,,,,,91.0,73.0,90.0,85.0,,-1,,,,,,,,,,,,3,,13,17,13,19,13,16,10,0,2,1,1.2,1214.0
215,2026-10-02,,,,,,,,0,0,1261.0,7.9,,,,32.0,16.0,28.0,,,,4.0,0,,,997.7,998.1,998.5,998.1,,,,,,,86.0,,,,-1,-1,-1,,,,,,,,,,,8,,6,,,23,4,14,,1,1,1,1.1,1405.0
217,2026-10-02,,,,,,,,0,0,1316.0,8.1,8.1,10.4,8.9,28.0,28.0,28.0,,,,4.7,0,,,972.4,970.4,971.0,971.3,,,,,,,98.0,32.0,73.0,68.0,-1,-1,-1,,,,,,,,,,,10,,4,21,12,22,3,12,-1,1,1,1,1.1,1447.0
218,2026-10-02,,,,,,,,0,0,1396.0,9.1,7.6,9.8,8.8,8.0,16.0,12.0,,,,9.1,0,,,1016.6,1017.0,1016.8,1016.8,,,,,,,66.0,25.0,57.0,49.0,-1,-1,-1,,,,,,,,,,,11,,12,24,15,25,9,17,3,2,3,1,2.8,1208.0
220,2026-10-02,,,,,,,,0,0,916.0,12.8,12.2,14.1,13.0,12.0,24.0,20.0,,,,10.3,0,,,918.7,916.5,917.5,917.6,,,,,,,90.0,57.0,90.0,79.0,,0,,,,,,,,,,,,2,,12,19,14,20,12,16,,1,1,1,1.1,304.0
221,2026-10-02,,,,,,,,0,0,1281.0,8.9,10.0,8.1,9.0,8.0,16.0,8.0,,,,9.6,0,,,1004.6,1005.4,1005.5,1005.2,,,,,,,66.0,35.0,39.0,47.0,-1,-1,-1,,,,,,,,,,,8,,11,23,18,24,11,18,9,3,2,2,3.3,18.0
222,2026-10-02,,,,,,,,0,0,1417.0,8.7,7.8,9.1,8.5,28.0,16.0,32.0,,,,8.6,0,,,1007.8,1008.2,1008.5,1008.2,,,,,,,80.0,26.0,59.0,55.0,-1,-1,-1,,,,,,,,,,,10,,8,24,13,25,6,16,4,1,2,1,1.6,1110.0
500,2026-10-02,,,,,,,,0,0,1150.0,7.8,11.8,10.6,10.1,16.0,28.0,32.0,,,,4.0,0,,,964.1,965.4,965.7,965.1,,,,,,,62.0,47.0,71.0,60.0,-1,-1,-1,,,,,,,,,,,9,,10,21,13,22,9,16,7,1,1,1,1.1,1336.0
726,2026-10-02,,,,,,,,0,0,1334.0,7.3,9.5,10.5,9.1,0.0,8.0,8.0,,,,5.0,0,,,976.3,977.1,977.4,976.9,,,,,,,84.0,38.0,63.0,62.0,-1,-1,-1,,,,,,,,,,,8,,5,21,15,22,4,13,2,0,2,1,1.2,1212.0
901,2026-10-02,,,,,,,,,,,,,,,,,,,,,,0,,,,,,,,,,,,,,,,,,,,,,,,,,,,,,,,,,,,,,,,,,,
905,2026-10-02,,,,,,,,0,0,1291.0,8.1,9.2,8.8,8.7,4.0,12.0,8.0,,,,5.5,0,,,992.0,993.0,993.1,992.7,,,,,,,58.0,35.0,39.0,44.0,-1,-1,-1,,,,,,,,,,,7,,12,22,20,23,12,18,9,3,2,1,2.8,335.0
1401,2026-10-02,,,,,,,,0,0,1077.0,9.2,13.9,13.4,12.2,0.0,24.0,12.0,,,,5.0,0,,,946.5,948.1,947.7,947.4,,,,,,,66.0,68.0,85.0,73.0,-1,-1,-1,,,,,,,,,,,6,,12,18,14,19,11,15,7,0,2,1,1.2,1354.0
1416,2026-10-02,,,,,,,,0,0,996.0,10.5,14.7,14.7,13.3,32.0,16.0,4.0,,,,5.2,0,,,957.7,959.1,958.8,958.5,,,,,,,85.0,66.0,81.0,77.0,-1,-1,-1,,,,,,,,,,,5,,10,19,16,20,9,14,6,1,2,1,1.6,2318.0
1602,2026-10-02,,,,,,,,0,0,978.0,9.1,12.8,12.6,11.5,0.0,16.0,12.0,,,,4.1,0,,,965.9,967.0,967.1,966.7,,,,,,,90.0,53.0,87.0,77.0,-1,-1,-1,,,,,,,,,,,4,,7,21,13,21,6,14,,0,1,1,0.7,1334.0
1730,2026-10-02,,,,,,,,0,0,,7.6,12.4,10.4,10.1,0.0,4.0,12.0,,,,4.9,,,,,,,,,,,,,,99.0,55.0,98.0,84.0,-1,-1,-1,,,,,,,,,,,,,3,20,8,20,0,10,-2,0,2,1,1.2,1332.0
1802,2026-10-02,,,,,,,,0,0,1157.0,8.2,11.3,10.8,10.1,16.0,4.0,16.0,,,,4.6,0,,,962.3,963.5,964.0,963.3,,,,,,,79.0,45.0,68.0,64.0,-1,-1,-1,,,,,,,,,,,7,,8,21,14,22,6,14,4,1,1,1,1.1,1214.0
1906,2026-10-02,99.0,99.0,99.0,8.0,8.0,5.0,70.0,0,0,1263.0,7.7,9.4,9.6,8.9,4.0,8.0,12.0,1,0,0,4.4,0,0,0,958.5,960.0,960.1,959.5,0,0,,,,,68.0,41.0,54.0,54.0,-1,-1,-1,,0,0,,-1.0,0,-1.0,30000.0,40000.0,20000.0,9,0,9,20,16,20,8,14,4,1,2,2,2.1,1316.0
1920,2026-10-02,,,,,,,,0,0,1375.0,7.2,10.5,11.1,9.6,0.0,8.0,4.0,,,,5.7,0,,,970.2,971.0,971.4,970.9,,,,,,,93.0,41.0,86.0,73.0,-1,-1,-1,,,,,,,,,,,8,,3,22,11,22,2,12,1,0,1,1,0.7,1302.0
2116,2026-10-02,,,,,,,,0,0,1261.0,7.9,,,,32.0,16.0,28.0,,,,4.0,0,,,997.7,998.1,998.5,998.1,,,,,,,86.0,,,,-1,-1,-1,,,,,,,,,,,8,,6,,,23,4,14,,1,1,1,1.1,1405.0
2117,2026-10-02,,,,,,,,0,0,1169.0,8.4,9.6,10.8,9.6,28.0,8.0,28.0,,,,4.9,0,,,993.6,994.1,994.5,994.1,,,,,,,84.0,37.0,72.0,64.0,-1,-1,-1,,,,,,,,,,,8,,7,22,13,23,6,14,,1,2,1,1.6,1121.0
2207,2026-10-02,,,,,,,,0,0,1225.0,7.9,9.8,8.5,8.7,24.0,16.0,12.0,,,,7.0,0,,,1000.0,1000.8,1000.9,1000.6,,,,,,,66.0,36.0,42.0,48.0,-1,-1,-1,,,,,,,,,,,8,,10,23,18,23,9,16,4,1,2,1,1.6,29.0
2401,2026-10-02,,,,,,,,0,0,1364.0,8.3,7.9,7.8,8.0,8.0,16.0,12.0,,,,9.7,0,,,1008.1,1008.6,1008.8,1008.5,,,,,,,67.0,27.0,39.0,44.0,,-1,-1,,,,,,,,,,,10,,10,24,18,24,8,16,5,1,2,2,2.1,1058.0
2415,2026-10-02,,,,,,,,0,0,1302.0,7.7,8.3,6.7,7.6,12.0,16.0,12.0,,,,13.7,0,,,975.7,977.0,977.3,976.7,,,,,,,56.0,33.0,32.0,40.0,-1,-1,-1,,,,,,,,,,,9,,12,21,18,22,11,17,10,4,4,4,6.8,308.0
2430,2026-10-02,,,,,,,,0,0,,9.0,7.1,8.6,8.2,0.0,16.0,4.0,,,,9.1,0,,,1007.5,1008.2,1008.4,1008.0,,,,,,,80.0,24.0,54.0,53.0,-1,-1,-1,,,,,,,,,,,10,,9,24,14,24,7,16,5,0,2,1,1.2,1220.0
2503,2026-10-02,,,,,,,,0,0,1501.0,8.4,8.6,8.6,8.5,4.0,12.0,4.0,,,,10.5,0,,,1005.6,1006.3,1006.4,1006.1,,,,,,,61.0,30.0,54.0,48.0,-1,-1,-1,,,,,,,,,,,10,,12,23,14,24,9,17,6,2,3,1,2.8,1219.0
2602,2026-10-02,,,,,,,,0,0,1287.0,9.5,,,,8.0,16.0,4.0,,,,10.1,0,,,1012.1,1012.7,1012.6,1012.5,,,,,,,68.0,,,,-1,-1,-1,,,,,,,,,,,10,,12,,,24,6,15,2,1,3,1,2.2,1201.0
2902,2026-10-02,1.0,1.0,1.0,9.0,8.0,7.0,80.0,0,0,732.0,12.2,17.0,15.9,15.0,20.0,24.0,20.0,0,0,0,5.5,0,0,0,987.6,989.1,988.5,988.4,0,0,,,,,96.0,75.0,92.0,88.0,-1,-1,-1,0,0,0,0.0,-1.0,0,-1.0,1000.0,2000.0,2000.0,2,1,11,20,15,20,10,15,8,1,1,1,1.1,914.0
2910,2026-10-02,,,,,,,,0,0,1001.0,11.9,16.9,16.5,15.1,8.0,20.0,28.0,,,,4.5,0,,,992.4,993.6,993.1,993.0,,,,,,,91.0,69.0,90.0,83.0,-1,-1,-1,,,,,,,,,,,4,,11,21,16,22,11,16,9,1,1,1,1.1,1356.0
3111,2026-10-02,,,,,,,,,,,,,,,,,,,,,,,,,,,,,,,,,,,,,,,,,,,,,,,,,,,,,,,,,,,,,,,,,
3202,2026-10-02,,,,,,,,0,0,920.0,10.7,15.2,15.7,13.9,20.0,24.0,24.0,,,,4.8,0,,,998.2,999.3,998.9,998.8,,,,,,,74.0,64.0,84.0,74.0,-1,-1,-1,,,,,,,,,,,4,,13,20,17,21,12,17,10,1,1,1,1.1,1303.0
3315,2026-10-02,,,,,,,,0,0,1043.0,9.3,13.4,13.1,11.9,24.0,16.0,20.0,,,,4.1,0,,,948.8,950.3,950.2,949.8,,,,,,,82.0,58.0,87.0,76.0,-1,-1,-1,,,,,,,,,,,5,,9,20,13,20,9,14,7,1,1,1,1.1,1219.0
3425,2026-10-02,,,,,,,,0,0,1162.0,8.8,12.8,13.6,11.7,4.0,20.0,4.0,,,,4.8,0,,,964.4,965.9,965.7,965.3,,,,,,,75.0,59.0,85.0,73.0,-1,-1,-1,,,,,,,,,,,,,9,19,14,20,9,14,8,2,2,1,2.1,1434.0
3520,2026-10-02,,,,,,,,0,0,1239.0,9.0,12.7,12.3,11.3,16.0,20.0,16.0,,,,5.8,0,,,918.0,919.7,919.7,919.1,,,,,,,57.0,58.0,80.0,65.0,-1,-1,-1,,,,,,,,,,,8,,14,19,13,19,13,16,11,2,1,1,1.6,2133.0
3702,2026-10-02,,,,,,,,0,0,1281.0,8.5,12.8,11.8,11.0,20.0,16.0,12.0,,,,6.7,0,,,919.2,921.1,921.1,920.5,,,,,,,54.0,66.0,75.0,65.0,-1,-1,-1,,,,,,,,,,,8,,14,17,14,19,13,16,10,3,2,2,3.3,955.0
3805,2026-10-02,,,,,,,,0,0,1214.0,8.7,11.3,12.1,10.7,16.0,32.0,0.0,,,,3.5,0,,,1005.3,1006.0,1006.0,1005.8,,,,,,,74.0,43.0,71.0,63.0,-1,-1,-1,,,,,,,,,,,7,,9,22,15,23,7,15,4,1,1,0,0.7,1106.0
3811,2026-10-02,,,,,,,,0,0,1168.0,8.0,9.9,11.6,9.8,28.0,12.0,28.0,,,,6.2,0,,,1005.2,1005.9,1005.9,1005.7,,,,,,,69.0,39.0,63.0,57.0,-1,-1,-1,,,,,,,,,,,7,,9,21,16,22,8,15,7,2,1,1,1.6,615.0
4026,2026-10-02,,,,,,,,0,0,1281.0,8.9,10.0,8.1,9.0,8.0,16.0,8.0,,,,9.6,0,,,1004.6,1005.4,1005.5,1005.2,,,,,,,66.0,35.0,39.0,47.0,-1,-1,-1,,,,,,,,,,,8,,11,23,18,24,11,18,9,3,2,2,3.3,18.0
4081,2026-10-02,99.0,99.0,99.0,8.0,8.0,4.0,67.0,0,0,1180.0,8.6,10.6,8.0,9.1,20.0,16.0,8.0,0,0,0,9.0,0,0,0,1008.7,1009.1,1009.2,1009.0,0,0,,,,,71.0,35.0,35.0,47.0,-1,-1,-1,,0,0,,-1.0,0,-1.0,50000.0,40000.0,40000.0,6,0,10,24,20,25,8,16,7,2,1,3,2.8,1832.0
4115,2026-10-02,,,,,,,,0,0,1300.0,8.8,9.0,9.1,9.0,4.0,12.0,4.0,,,,8.3,0,,,1007.8,1008.2,1008.5,1008.2,,,,,,,68.0,29.0,60.0,52.0,-1,-1,-1,,,,,,,,,,,9,,11,25,13,25,7,16,4,1,2,1,1.6,1219.0
4126,2026-10-02,,,,,,,,0,0,1417.0,8.7,7.8,9.1,8.5,28.0,16.0,32.0,,,,8.6,0,,,1007.8,1008.2,1008.5,1008.2,,,,,,,80.0,26.0,59.0,55.0,-1,-1,-1,,,,,,,,,,,10,,8,24,13,25,6,16,4,1,2,1,1.6,1110.0
4224,2026-10-02,,,,,,,,0,0,1379.0,8.7,7.2,7.7,7.9,8.0,12.0,8.0,,,,9.8,0,,,1010.3,1011.2,1011.0,1010.8,,,,,,,58.0,24.0,37.0,40.0,-1,-1,-1,,,,,,,,,,,10,,13,24,18,25,11,18,6,2,3,1,2.8,1306.0
4305,2026-10-02,,,,,,,,0,0,1322.0,9.1,7.3,8.5,8.3,12.0,16.0,8.0,,,,9.8,0,,,1012.9,1013.6,1013.4,1013.3,,,,,,,55.0,25.0,49.0,43.0,-1,-1,-1,,,,,,,,,,,11,,15,24,15,24,11,18,,3,4,1,4.1,1301.0
4501,2026-10-02,,,,,,,,0,0,573.0,13.7,16.6,15.8,15.4,20.0,24.0,24.0,,,,6.4,0,,,983.0,984.6,983.8,983.8,,,,,,,90.0,80.0,92.0,87.0,-1,-1,-1,,,,,,,,,,,1,,13,18,15,19,12,15,11,2,2,1,2.1,816.0
4515,2026-10-02,,,,,,,,0,0,,13.6,17.3,14.8,15.2,8.0,20.0,4.0,,,,4.8,0,,,980.2,981.6,980.8,980.9,,,,,,,96.0,86.0,94.0,92.0,,-1,,,,,,,,,,,,,,12,18,14,18,11,15,,1,1,1,1.1,1106.0
4601,2026-10-02,,,,,,,,0,0,709.0,14.5,16.8,14.4,15.2,20.0,24.0,16.0,,,,7.1,0,,,,,,,,,,,,,85.0,78.0,94.0,86.0,-1,-1,-1,,,,,,,,,,,2,,15,19,13,19,11,15,9,1,1,1,1.1,938.0
4611,2026-10-02,,,,,,,,0,0,,13.4,17.2,16.0,15.5,16.0,20.0,0.0,,,,4.6,0,,,975.5,976.9,976.3,976.2,,,,,,,86.0,84.0,91.0,87.0,0,-1,0,,,,0.0,,,,,,,,,14,18,16,19,12,15,10,1,1,0,0.7,855.0
4705,2026-10-02,,,,,,,,0,0,865.0,12.6,17.3,15.5,15.1,20.0,24.0,20.0,,,,5.8,0,,,978.8,980.2,979.7,979.6,,,,,,,92.0,77.0,90.0,86.0,-1,-1,-1,,,,,,,,,,,2,,12,19,15,20,11,16,10,1,1,1,1.1,957.0
4802,2026-10-02,,,,,,,,0,0,,12.5,17.6,16.9,15.7,32.0,28.0,28.0,,,,7.2,0,,,,,,,,,,,,,89.0,75.0,89.0,84.0,,-1,-1,,,,,,,,,,,3,,12,20,17,20,12,16,8,1,2,1,1.6,1217.0
4815,2026-10-02,1.0,1.0,2.0,8.0,7.0,7.0,73.0,0,0,1107.0,13.8,16.1,15.3,15.1,28.0,28.0,32.0,1,0,1,7.9,0,0,0,957.3,958.9,958.2,958.1,0,0,,,,,79.0,76.0,83.0,79.0,-1,-1,-1,0,0,0,,-1.0,0,-1.0,30000.0,15000.0,15000.0,4,0,15,19,16,21,15,18,13,2,2,2,2.7,1055.0
4821,2026-10-02,1.0,1.0,1.0,10.0,9.0,10.0,97.0,0,0,996.0,13.2,16.7,16.2,15.4,24.0,28.0,32.0,1,,,9.4,0,0,0,978.5,979.9,979.3,979.2,0,0,,,,,96.0,72.0,92.0,87.0,-1,-1,-1,,,,,-1.0,0,,7000.0,20000.0,7000.0,3,0,12,20,16,21,10,16,9,1,2,1,1.6,933.0
4905,2026-10-02,,,,,,,,0,0,919.0,12.1,16.4,16.0,14.8,16.0,28.0,16.0,,,,6.1,0,,,992.7,993.8,993.3,993.3,,,,,,,95.0,68.0,89.0,84.0,-1,-1,-1,,,,,,,,,,,1,,11,21,16,21,10,16,7,1,2,1,1.6,1328.0
5000,2026-10-02,,,,,,,,0,0,,11.5,16.3,15.7,14.5,0.0,28.0,0.0,,,,6.2,0,,,992.4,993.6,993.1,993.0,,,,,,,88.0,70.0,84.0,81.0,,-1,-1,,,,,,,,,,,3,,11,20,17,20,11,16,8,0,3,0,1.5,
5012,2026-10-02,2.0,2.0,2.0,5.0,10.0,9.0,80.0,0,0,954.0,12.1,16.5,15.8,14.8,24.0,28.0,4.0,1,0,1,5.8,0,0,0,983.3,984.7,984.3,984.1,0,0,,,,,87.0,69.0,86.0,81.0,-1,-1,-1,,0,0,,-1.0,0,-1.0,15000.0,8000.0,4500.0,2,0,12,20,16,21,12,16,9,1,1,1,1.1,425.0
5116,2026-10-02,,,,,,,,0,0,1043.0,11.0,15.4,15.2,13.9,16.0,24.0,12.0,,,,4.7,0,,,984.0,985.4,984.9,984.8,,,,,,,77.0,63.0,86.0,75.0,-1,-1,-1,,,,,,,,,,,4,,12,21,16,21,11,16,9,1,1,2,1.6,1429.0
5130,2026-10-02,,,,,,,,0,0,985.0,11.7,16.3,15.9,14.6,8.0,24.0,16.0,,,,6.7,0,,,991.8,993.1,992.6,992.5,,,,,,,85.0,67.0,76.0,76.0,-1,-1,-1,,,,,,,,,,,3,,12,21,18,21,12,16,10,1,2,1,1.6,1325.0
5316,2026-10-02,,,,,,,,0,0,1054.0,10.0,15.0,15.0,13.3,24.0,28.0,0.0,,,,5.0,0,,,998.2,999.1,999.0,998.8,,,,,,,84.0,59.0,89.0,77.0,-1,-1,-1,,,,,,,,,,,5,,10,21,15,22,9,15,7,1,2,0,1.2,1142.0
5412,2026-10-02,0.0,0.0,0.0,9.0,8.0,7.0,80.0,0,0,1173.0,9.7,14.5,14.7,13.0,16.0,24.0,16.0,0,0,0,5.9,0,0,0,994.7,995.7,995.6,995.3,0,0,,,,,86.0,55.0,83.0,75.0,-1,-1,-1,0,0,0,,-1.0,0,-1.0,30000.0,30000.0,40000.0,9,1,9,22,16,22,7,15,4,1,2,1,1.6,1240.0
5413,2026-10-02,,,,,,,,0,0,1120.0,9.2,14.4,14.3,12.6,24.0,20.0,20.0,,,,7.5,0,,,993.7,994.6,994.6,994.3,,,,,,,75.0,55.0,76.0,69.0,,,,,,,,,,,,,,6,,10,22,17,22,10,16,4,1,3,2,2.8,1402.0
5421,2026-10-02,,,,,,,,0,0,1225.0,9.8,14.3,15.1,13.1,20.0,24.0,20.0,,,,6.7,0,,,998.9,999.7,999.7,999.4,,,,,,,82.0,53.0,79.0,71.0,0,-1,0,,,,,,,,,,,9,,10,22,17,23,9,16,7,1,2,1,1.6,1228.0
5609,2026-10-02,,,,,,,,0,0,1199.0,8.9,14.5,14.3,12.6,16.0,20.0,20.0,,,,6.7,0,,,997.6,998.4,998.5,998.2,,,,,,,74.0,54.0,78.0,69.0,-1,-1,-1,,,,,,,,,,,7,,10,22,16,22,9,16,8,1,2,1,1.6,1247.0
5625,2026-10-02,,,,,,,,0,0,1156.0,7.5,13.5,13.1,11.4,20.0,32.0,32.0,,,,8.0,0,,,948.6,950.2,950.2,949.7,,,,,,,48.0,61.0,78.0,62.0,-1,-1,-1,,,,,,,,,,,7,,14,19,15,20,13,17,,3,2,1,2.8,455.0
5701,2026-10-02,,,,,,,,,,,,,,,,,,,,,,,,,,,,,,,,,,,,,,,,,,,,,,,,,,,,,,,,,,,,,,,,,
5735,2026-10-02,,,,,,,,0,0,1203.0,7.7,12.6,9.7,10.0,16.0,28.0,12.0,,,,12.6,0,,,974.5,976.0,975.9,975.5,,,,,,,51.0,48.0,46.0,48.0,-1,-1,-1,,,,,,,,,,,8,,13,22,18,23,13,18,8,2,2,2,2.7,1.0
5802,2026-10-02,,,,,,,,0,0,1342.0,8.1,8.8,7.5,8.1,12.0,12.0,12.0,,,,9.0,0,,,976.5,977.7,977.8,977.3,,,,,,,55.0,32.0,38.0,42.0,-1,-1,-1,,,,,,,,,,,9,,13,23,17,23,13,18,,3,2,3,3.9,238.0
5805,2026-10-02,,,,,,,,0,0,1265.0,9.0,8.2,9.9,9.0,0.0,8.0,28.0,,,,6.3,0,,,1002.7,1003.2,1003.6,1003.2,,,,,,,82.0,27.0,62.0,57.0,-1,-1,-1,,,,,,,,,,,8,,8,24,14,25,6,16,,0,1,1,0.7,1137.0
5820,2026-10-02,,,,,,,,0,0,1363.0,7.8,8.0,8.1,8.0,12.0,12.0,20.0,,,,6.9,0,,,995.4,996.0,996.4,995.9,,,,,,,54.0,28.0,45.0,42.0,-1,-1,-1,,,,,,,,,,,9,,13,23,16,24,11,18,9,1,1,1,1.1,1432.0
5882,2026-10-02,,,,,,,,0,0,1343.0,8.5,7.0,7.7,7.7,16.0,16.0,24.0,,,,6.1,0,,,1004.6,1005.1,1005.5,1005.1,,,,,,,68.0,22.0,39.0,43.0,-1,-1,-1,,,,,,,,,,,9,,10,25,17,25,8,17,3,1,1,1,1.1,1632.0
5904,2026-10-02,,,,,,,,0,0,,9.1,8.5,8.3,8.6,8.0,16.0,12.0,,,,9.0,0,,,1005.0,1005.5,1005.8,1005.4,,,,,,,67.0,27.0,42.0,45.0,-1,-1,-1,,,,,,,,,,,8,,12,25,17,25,10,17,5,1,3,2,2.8,1221.0
5917,2026-10-02,,,,,,,,0,0,1436.0,8.5,7.7,7.5,7.9,12.0,12.0,12.0,,,,10.4,0,,,1006.3,1006.8,1007.0,1006.7,,,,,,,61.0,25.0,35.0,40.0,-1,-1,-1,,,,,,,,,,,9,,12,25,19,25,11,18,6,1,3,2,2.8,1054.0
5925,2026-10-02,,,,,,,,0,0,1464.0,8.1,7.4,6.9,7.5,12.0,12.0,12.0,,,,9.4,0,,,1008.7,1009.2,1009.5,1009.1,,,,,,,51.0,23.0,29.0,34.0,-1,-1,-1,,,,,,,,,,,9,,14,25,20,25,14,20,,2,2,2,2.7,1228.0
5935,2026-10-02,,,,,,,,0,0,1299.0,8.4,8.3,8.7,8.5,8.0,12.0,8.0,,,,7.3,0,,,1010.5,1010.9,1011.1,1010.8,,,,,,,61.0,27.0,47.0,45.0,,-1,,,,,,,,,,,,9,,12,25,16,25,10,18,5,1,2,1,1.6,1125.0
5972,2026-10-02,,,,,,,,0,0,1406.0,8.7,7.9,7.9,8.2,12.0,12.0,12.0,,,,9.5,0,,,1011.9,1012.4,1012.5,1012.3,,,,,,,60.0,26.0,43.0,43.0,-1,-1,-1,,,,,,,,,,,9,,13,24,16,25,9,17,3,2,3,1,2.8,1401.0
5990,2026-10-02,,,,,,,,0,0,,8.5,7.5,7.7,7.9,8.0,12.0,16.0,,,,10.3,0,,,1008.3,1008.9,1008.9,1008.7,,,,,,,59.0,25.0,44.0,43.0,-1,-1,-1,,,,,,,,,,,10,,12,24,15,24,9,17,5,2,4,2,4.0,
6102,2026-10-02,,,,,,,,0,0,1323.0,9.2,7.4,8.1,8.2,8.0,16.0,16.0,,,,9.1,0,,,1010.8,1011.2,1011.0,1011.0,,,,,,,68.0,26.0,41.0,45.0,-1,-1,-1,,,,,,,,,,,10,,11,23,17,24,9,16,7,2,3,1,2.8,1157.0
6111,2026-10-02,,,,,,,,0,0,,7.3,7.5,7.5,7.4,12.0,16.0,12.0,,,,8.2,0,,,,,,,,,,,,,39.0,25.0,40.0,35.0,-1,-1,-1,,,,,,,,,,,10,,17,24,17,25,14,19,10,2,2,1,2.1,1319.0
6300,2026-10-02,,,,,,,,0,0,,13.0,16.3,16.2,15.2,16.0,32.0,28.0,,,,7.7,0,,,977.6,978.8,978.0,978.1,,,,,,,84.0,77.0,85.0,82.0,-1,-1,-1,,,,,,,,,,,3,,14,18,17,19,13,16,11,1,3,2,2.8,
6305,2026-10-02,,,,,,,,0,0,710.0,13.0,15.9,16.2,15.0,0.0,32.0,0.0,,,,6.1,0,,,980.4,981.6,980.8,980.9,,,,,,,88.0,76.0,84.0,83.0,-1,-1,-1,,,,,,,,,,,1,,13,18,17,19,12,16,9,0,2,0,0.9,1301.0
6415,2026-10-02,,,,,,,,0,0,,14.4,16.6,16.3,15.8,20.0,24.0,0.0,,,,5.7,0,,,970.4,972.0,971.1,971.2,,,,,,,81.0,85.0,91.0,86.0,0,-1,0,,,,,,,,,,,,,16,17,16,18,15,16,,1,1,0,0.7,1050.0
6430,2026-10-02,,,,,,,,,,,12.6,,,,20.0,,,,,,,0,,,903.1,,,,,,,,,,95.0,,,,,,,,,,,,,,,,,,,11,,,,,,,4,,,,
6512,2026-10-02,,,,,,,,0,0,805.0,13.0,16.6,15.8,15.1,32.0,24.0,28.0,,,,7.2,0,,,973.3,974.5,973.6,973.8,,,,,,,86.0,78.0,83.0,82.0,-1,-1,-1,,,,,,,,,,,2,,13,19,17,20,13,16,,1,2,1,1.6,757.0
6540,2026-10-02,,,,,,,,0,0,,,,,,24.0,24.0,24.0,,,,6.1,0,,,,,,,,,,,,,,,,,-1,-1,-1,,,,,,,,,,,1,,,,,20,14,17,,1,2,1,1.6,1230.0
6611,2026-10-02,1.0,2.0,2.0,9.0,10.0,10.0,97.0,0,0,656.0,11.0,12.6,12.0,11.9,20.0,28.0,12.0,1,1,1,6.1,0,0,1,850.3,851.5,851.0,850.9,0,0,,,,,84.0,96.0,99.0,93.0,-1,-1,-1,,0,0,,-1.0,0,-1.0,5000.0,50.0,50.0,1,1,11,11,10,13,10,11,4,1,1,2,1.6,2311.0
6621,2026-10-02,,,,,,,,0,0,925.0,13.6,16.2,16.0,15.3,24.0,4.0,28.0,,,,4.6,0,,,977.0,978.5,977.9,977.8,,,,,,,84.0,68.0,81.0,78.0,-1,-1,-1,,,,,,,,,,,2,,14,20,17,21,13,17,12,1,1,2,1.6,1820.0
6804,2026-10-02,,,,,,,,0,0,,10.5,16.3,15.3,14.0,12.0,32.0,12.0,,,,9.0,0,,,977.1,978.6,978.1,977.9,,,,,,,63.0,68.0,90.0,74.0,-1,-1,-1,,,,,,,,,,,0,,15,20,15,21,14,18,12,3,1,1,2.2,237.0
7002,2026-10-02,,,,,,,,0,0,1045.0,10.2,,,,8.0,4.0,8.0,,,,5.2,0,,,,,,,,,,,,,84.0,,,,-1,-1,-1,,,,,,,,,,,5,,10,,,23,9,16,8,1,1,1,1.1,1431.0
7013,2026-10-02,,,,,,,,0,0,1061.0,10.4,16.6,14.8,13.9,4.0,16.0,0.0,,,,5.8,0,,,985.1,986.0,986.2,985.8,,,,,,,75.0,64.0,93.0,77.0,-1,-1,-1,,,,,,,,,,,6,,12,22,14,22,11,17,,2,1,0,1.2,627.0
7110,2026-10-02,,,,,,,,0,0,1108.0,9.2,13.8,12.8,11.9,8.0,32.0,8.0,,,,3.7,0,,,958.9,959.1,959.5,959.2,,,,,,,98.0,54.0,96.0,83.0,-1,-1,-1,,,,,,,,,,,6,,6,22,11,22,5,13,3,1,1,1,1.1,1415.0
7221,2026-10-02,,,,,,,,0,0,1213.0,7.6,13.0,12.4,11.0,12.0,32.0,32.0,,,,6.5,0,,,930.7,931.1,931.5,931.1,,,,,,,75.0,60.0,86.0,74.0,-1,-1,-1,,,,,,,,,,,7,,7,19,12,20,7,13,5,2,3,1,2.8,1345.0
7301,2026-10-02,,,,,,,,0,0,,8.3,13.9,12.4,11.5,20.0,32.0,16.0,,,,6.9,,,,950.5,951.0,951.8,951.1,,,,,,,81.0,54.0,86.0,74.0,-1,-1,-1,,,,,,,,,,,,,7,22,12,22,6,14,3,1,2,2,2.1,114.0
7305,2026-10-02,,,,,,,,,,,,,,,,,,,,,,,,,,,,,,,,,,,,,,,,,,,,,,,,,,,,,,,,,,,,,,,,,
7505,2026-10-02,,,,,,,,0,0,,7.0,9.5,9.1,8.5,24.0,4.0,24.0,,,,5.3,0,,,961.5,962.1,962.9,962.2,,,,,,,82.0,34.0,70.0,62.0,-1,-1,-1,,,,,,,,,,,9,,5,23,11,23,3,13,1,1,2,1,1.6,1253.0
7531,2026-10-02,,,,,,,,0,0,1262.0,6.6,7.0,6.9,6.8,0.0,8.0,0.0,,,,7.1,0,,,922.0,923.6,923.6,923.1,,,,,,,41.0,30.0,44.0,38.0,-1,-1,-1,,,,,,,,,,,9,,14,20,14,23,11,17,,0,2,0,0.9,1157.0
7604,2026-10-02,0.0,0.0,0.0,7.0,6.0,6.0,63.0,0,0,1319.0,7.5,7.2,7.1,7.3,28.0,16.0,16.0,0,0,0,7.8,0,0,0,996.4,996.7,997.3,996.8,0,0,,,,,60.0,23.0,34.0,39.0,-1,-1,-1,,0,0,,-1.0,0,-1.0,45000.0,40000.0,25000.0,9,0,10,25,18,26,7,16,4,1,2,2,2.1,221.0
7610,2026-10-02,,,,,,,,0,0,,7.3,9.1,7.6,8.0,20.0,32.0,20.0,,,,4.8,0,,,947.3,948.5,948.7,948.2,,,,,,,58.0,35.0,46.0,46.0,-1,-1,-1,,,,,,,,,,,9,,10,22,15,22,8,15,5,1,1,1,1.1,1320.0
7641,2026-10-02,0.0,0.0,0.0,3.0,4.0,3.0,33.0,0,0,1271.0,7.2,8.3,9.1,8.2,20.0,4.0,24.0,0,0,0,4.6,0,0,0,990.3,990.7,991.2,990.7,0,0,,,,,79.0,27.0,59.0,55.0,-1,-1,-1,0,0,0,,-1.0,0,,4000.0,6000.0,6000.0,9,0,6,25,13,25,4,14,3,1,1,1,1.1,1038.0
7653,2026-10-02,,,,,,,,0,0,,7.8,7.2,8.4,7.8,20.0,12.0,16.0,,,,8.2,0,,,,,,,,,,,,,63.0,22.0,50.0,45.0,-1,-1,-1,,,,,,,,,,,9,,10,26,15,26,8,17,3,2,2,1,2.1,1217.0
7704,2026-10-02,,,,,,,,0,0,1403.0,9.2,7.8,8.7,8.6,4.0,12.0,32.0,,,,10.8,0,,,1008.1,1008.5,1008.8,1008.5,,,,,,,69.0,26.0,48.0,48.0,-1,-1,-1,0,0,0,,,,,,,,10,,11,24,16,25,9,17,8,1,4,1,3.0,1211.0
7710,2026-10-02,,,,,,,,0,0,1465.0,8.8,7.6,7.6,8.0,12.0,12.0,12.0,,,,10.0,0,,,1007.8,1008.4,1008.6,1008.3,,,,,,,53.0,25.0,35.0,38.0,-1,-1,-1,,,,,,,,,,,10,,15,24,19,25,13,19,7,2,3,3,3.9,1204.0
7714,2026-10-02,,,,,,,,0,0,,7.6,7.2,7.4,7.4,12.0,16.0,12.0,,,,10.8,0,,,,,,,,,,,,,41.0,24.0,34.0,33.0,-1,-1,-1,,,,,,,,,,,9,,16,24,19,24,16,20,,3,3,3,4.6,242.0
7890,2026-10-02,,,,,,,,0,0,1257.0,9.1,8.7,10.0,9.3,4.0,16.0,32.0,,,,8.6,0,,,1016.5,1016.7,1016.6,1016.6,,,,,,,71.0,30.0,67.0,56.0,-1,-1,-1,,,,,,,,,,,9,,11,24,13,24,6,15,,1,2,1,1.6,1225.0
7906,2026-10-02,,,,,,,,0,0,,,,,,4.0,16.0,8.0,,,,9.8,0,,,,,,,,,,,,,,,,,,,,,,,,,,,,,,,,,,,,,,,2,3,2,3.3,8.0
7912,2026-10-02,,,,,,,,0,0,,8.9,7.4,8.9,8.4,12.0,16.0,12.0,,,,8.0,0,,,,,,,,,,,,,66.0,25.0,53.0,48.0,,,,,,,,,,,,,,11,,12,24,15,24,8,16,8,2,2,1,2.1,1202.0
7956,2026-10-02,,,,,,,,0,0,1396.0,9.1,7.6,9.8,8.8,8.0,16.0,12.0,,,,9.1,0,,,1016.6,1017.0,1016.8,1016.8,,,,,,,66.0,25.0,57.0,49.0,-1,-1,-1,,,,,,,,,,,11,,12,24,15,25,9,17,3,2,3,1,2.8,1208.0
8301,2026-10-02,,,,,,,,0,0,,12.9,13.3,13.4,13.2,8.0,4.0,8.0,,,,10.9,0,,,914.9,913.8,913.6,914.1,,,,,,,97.0,70.0,86.0,84.0,-1,3,-1,,,,,,,,,,,,,11,17,14,18,11,14,,1,2,2,2.1,100.0
8806,2026-10-02,,,,,,,,0,0,718.0,14.0,14.1,13.7,13.9,28.0,32.0,28.0,,,,7.8,0,,,923.5,923.4,923.2,923.4,,,,,,,91.0,73.0,88.0,84.0,-1,0,-1,,,,,,,,,,,1,,13,17,14,18,12,15,11,2,2,2,2.7,716.0
8807,2026-10-02,,,,,,,,,,,,,,,,,,,,,,0,,,,,,,,,,,,,,,,,,,,,,,,,,,,,,,,,,,,,,,,,,,
9016,2026-10-02,2.0,0.0,2.0,9.0,8.0,9.0,87.0,0,0,1067.0,15.6,15.2,15.4,15.4,32.0,4.0,4.0,0,0,0,8.4,0,0,0,972.2,972.6,972.2,972.3,0,0,,,,,83.0,70.0,80.0,78.0,-1,-1,-1,,0,0,,-1.0,0,-1.0,5000.0,3000.0,3000.0,4,1,17,19,17,20,15,18,13,2,2,2,2.7,1058.0
9019,2026-10-02,,,,,,,,0,0,787.0,13.7,14.1,13.7,13.8,0.0,28.0,16.0,,,,6.3,0,,,,,,,,,,,,,91.0,73.0,90.0,85.0,,-1,,,,,,,,,,,,3,,13,17,13,19,13,16,10,0,2,1,1.2,1214.0
9105,2026-10-02,,,,,,,,0,0,1002.0,12.7,15.4,14.6,14.2,32.0,32.0,4.0,,,,7.9,0,,,,,,,,,,,,,96.0,72.0,85.0,84.0,,-1,,,,,,,,,,,,4,,11,19,15,19,11,15,,1,2,2,2.1,1139.0
9110,2026-10-02,2.0,2.0,2.0,10.0,7.0,10.0,90.0,0,0,712.0,12.6,14.7,14.7,14.0,0.0,32.0,32.0,1,0,0,8.6,0,0,0,961.3,961.9,961.3,961.5,0,0,,,,,95.0,75.0,81.0,84.0,,-1,,,0,0,,-1.0,0,-1.0,1000.0,3000.0,1000.0,2,1,11,17,16,18,10,14,8,0,2,2,1.8,1505.0
9211,2026-10-02,2.0,2.0,2.0,9.0,9.0,9.0,90.0,0,0,765.0,12.5,15.1,14.8,14.1,16.0,32.0,32.0,0,0,0,6.0,0,0,0,957.6,957.8,957.6,957.7,0,0,,,,,85.0,71.0,80.0,79.0,-1,-1,-1,,,,,-1.0,0,-1.0,50000.0,40000.0,15000.0,1,0,13,19,16,19,11,15,8,1,2,1,1.6,1139.0
9215,2026-10-02,,,,,,,,0,0,509.0,11.8,12.3,12.0,12.0,28.0,4.0,4.0,,,,5.0,0,,,850.3,851.0,850.3,850.5,,,,,,,94.0,100.0,100.0,98.0,-1,-1,-1,,,,,,,,,,,0,,10,10,10,13,10,12,,2,2,2,2.7,1239.0
9406,2026-10-02,,,,,,,,0,0,842.0,,,,,8.0,28.0,28.0,,,,10.8,0,,,973.1,973.8,973.3,973.4,,,,,,,,,,,-1,-1,-1,,,,,,,,,,,2,,,,,20,14,17,13,3,2,1,2.8,337.0
9501,2026-10-02,2.0,1.0,1.0,10.0,6.0,7.0,77.0,0,0,1125.0,11.4,14.4,14.0,13.3,0.0,20.0,8.0,1,0,1,5.8,0,0,0,948.0,948.2,948.1,948.1,0,0,,,,,86.0,65.0,87.0,79.0,-1,-1,-1,0,0,0,,-1.0,0,-1.0,15000.0,10000.0,10000.0,6,0,11,19,14,20,10,15,8,0,2,1,1.2,1330.0
9512,2026-10-02,,,,,,,,0,0,,12.4,16.0,16.1,14.8,32.0,24.0,12.0,,,,7.8,0,,,966.4,966.8,966.5,966.6,,,,,,,81.0,69.0,84.0,78.0,-1,-1,-1,,,,,,,,,,,6,,13,20,17,21,13,17,,1,2,1,1.6,1333.0
9609,2026-10-02,,,,,,,,0,0,999.0,11.3,12.9,15.0,13.1,12.0,16.0,4.0,,,,4.1,0,,,967.6,967.5,967.3,967.5,,,,,,,87.0,55.0,84.0,75.0,-1,-1,-1,,,,,,,,,,,4,,11,20,16,21,10,15,,1,1,2,1.6,827.0
9618,2026-10-02,,,,,,,,0,0,995.0,11.4,15.2,15.2,13.9,12.0,28.0,12.0,,,,7.5,0,,,970.3,970.5,970.4,970.4,,,,,,,71.0,62.0,88.0,74.0,-1,-1,-1,,,,,,,,,,,3,,14,21,15,21,13,17,10,1,1,1,1.1,1558.0
9643,2026-10-02,,,,,,,,0,0,,9.6,13.0,14.3,12.3,4.0,16.0,12.0,,,,7.0,0,,,944.1,944.0,944.0,944.0,,,,,,,77.0,60.0,86.0,74.0,0,-1,0,,,,,,,,,,,3,,10,19,15,20,10,15,,1,2,1,1.6,241.0
9700,2026-10-02,0.0,,,2.0,0.0,0.0,7.0,0,0,1034.0,8.7,12.8,13.7,11.7,0.0,24.0,12.0,1,0,0,4.1,0,0,0,938.5,937.8,938.1,938.1,0,0,,,,,92.0,56.0,85.0,78.0,-1,-1,-1,,0,0,,-1.0,0,-1.0,5000.0,20000.0,8000.0,5,1,6,20,14,20,6,13,,0,1,1,0.7,1456.0
9801,2026-10-02,2.0,2.0,2.0,7.0,5.0,7.0,63.0,0,0,1048.0,8.7,11.9,12.9,11.2,24.0,4.0,4.0,1,0,0,4.2,0,0,0,955.7,954.3,954.8,954.9,0,0,,,,,96.0,52.0,77.0,75.0,-1,-1,-1,,0,0,,-1.0,0,-1.0,20000.0,30000.0,20000.0,5,0,6,20,15,21,5,13,5,1,1,1,1.1,1646.0
9811,2026-10-02,,,,,,,,0,0,1046.0,9.2,11.8,12.7,11.2,0.0,24.0,12.0,,,,5.1,0,,,950.7,949.6,950.0,950.1,,,,,,,94.0,52.0,76.0,74.0,-1,-1,-1,,,,,,,,,,,5,,7,20,15,20,6,13,4,0,1,3,1.9,1816.0
9911,2026-10-02,0.0,,,8.0,,,,0,0,1185.0,9.0,11.8,13.6,11.5,0.0,12.0,0.0,1,,,8.0,0,,,956.7,955.4,955.9,956.0,,,,,,,93.0,51.0,85.0,76.0,-1,-1,-1,,,,,-1.0,0,-1.0,5000.0,,,,,7,20,14,21,6,14,,0,1,0,0.4,1608.0
9919,2026-10-02,,,,,,,,0,0,,10.2,14.5,14.5,13.1,8.0,28.0,8.0,,,,5.5,0,,,960.0,960.3,960.5,960.3,,,,,,,86.0,59.0,86.0,77.0,,-1,-1,,,,0.0,,,,,,,3,,10,21,15,21,9,15,7,1,2,1,1.6,1518.0
9925,2026-10-02,,,,,,,,0,0,1278.0,8.7,10.6,10.8,10.0,12.0,12.0,16.0,,,,3.7,0,,,949.5,948.4,949.2,949.0,,,,,,,84.0,45.0,73.0,67.0,-1,-1,-1,,,,,,,,,,,8,,8,20,13,21,6,14,4,1,1,1,1.1,1636.0
10005,2026-10-02,,,,,,,,0,0,1198.0,9.1,12.7,13.3,11.7,12.0,28.0,0.0,,,,6.2,0,,,968.5,967.8,968.5,968.3,,,,,,,77.0,46.0,80.0,68.0,-1,-1,-1,,,,,,,,,,,8,,10,23,15,23,9,16,,1,1,0,0.7,224.0
10111,2026-10-02,,,,,,,,0,0,1167.0,7.1,9.3,7.8,8.1,12.0,12.0,8.0,,,,5.5,0,,,893.3,893.8,894.0,893.7,,,,,,,68.0,48.0,60.0,59.0,-1,-1,-1,,,,,,,,,,,8,,8,17,11,18,7,12,,2,2,1,2.1,1250.0
10200,2026-10-02,0.0,,1.0,2.0,0.0,2.0,13.0,0,0,1319.0,7.4,7.1,9.0,7.8,0.0,20.0,32.0,1,0,0,5.3,0,0,0,942.1,941.2,941.6,941.6,0,0,,,,,88.0,32.0,62.0,61.0,-1,-1,-1,,,,,-1.0,0,-1.0,3000.0,7000.0,5000.0,10,0,5,19,13,20,4,12,0,0,1,1,0.7,1716.0
10401,2026-10-02,,,,,,,,,,,7.0,7.6,9.9,8.2,,,,,,,,0,,,949.9,948.7,949.3,949.3,,,,,,,88.0,31.0,72.0,64.0,-1,-1,-1,,,,,,,,,,,,,4,21,12,22,3,12,,,,,,
10412,2026-10-02,,,,,,,,0,0,1392.0,7.9,7.5,6.8,7.4,28.0,16.0,16.0,,,,7.2,0,,,856.9,858.5,858.4,857.9,,,,,,,58.0,47.0,52.0,52.0,-1,-1,-1,,,,,,,,,,,8,,12,14,11,16,8,12,,2,2,2,2.7,1339.0
10415,2026-10-02,,,,,,,,0,0,1317.0,6.9,8.0,8.5,7.8,20.0,20.0,20.0,,,,10.0,0,,,917.0,917.7,917.9,917.5,,,,,,,78.0,38.0,66.0,61.0,-1,-1,-1,0,0,0,,,,,,,,8,,5,18,11,19,5,12,4,4,2,2,4.0,359.0
10500,2026-10-02,,,,,,,,0,0,1320.0,5.9,7.8,7.4,7.0,20.0,16.0,28.0,,,,11.0,0,,,916.7,918.2,918.2,917.7,,,,,,,39.0,41.0,56.0,45.0,-1,-1,-1,,,,,,,,,,,8,,13,17,11,17,11,14,8,3,3,1,3.4,439.0
10510,2026-10-02,0.0,,,8.0,,,,0,0,1251.0,8.4,8.3,10.3,9.0,24.0,8.0,24.0,0,,,7.4,0,0,0,973.0,972.9,973.7,973.2,0,0,,,,,75.0,29.0,68.0,57.0,-1,-1,-1,0,0,0,,-1.0,0,-1.0,20000.0,,,8,1,9,23,13,24,8,16,6,1,2,1,1.6,115.0
10531,2026-10-02,,,,,,,,0,0,1211.0,7.1,7.8,8.1,7.7,16.0,8.0,24.0,,,,5.6,0,,,980.1,981.0,981.5,980.9,,,,,,,42.0,27.0,52.0,40.0,-1,-1,-1,,,,,,,,,,,9,,15,23,14,25,9,17,,2,2,1,2.1,606.0
10607,2026-10-02,,,,,,,,0,0,,7.7,8.5,8.8,8.3,0.0,16.0,16.0,,,,7.9,0,,,976.7,977.3,977.8,977.3,,,,,,,83.0,33.0,65.0,60.0,-1,-1,-1,,,,,,,,,,,8,,6,22,12,23,5,14,1,0,2,1,1.2,1108.0
10710,2026-10-02,,,,,,,,0,0,1410.0,8.7,6.6,7.4,7.6,8.0,16.0,12.0,,,,10.0,0,,,995.9,996.7,997.0,996.5,,,,,,,57.0,21.0,37.0,38.0,-1,-1,-1,,,,,,,,,,,9,,13,25,18,26,13,19,,1,3,2,2.8,1131.0
10720,2026-10-02,,,,,,,,0,0,1451.0,7.3,6.7,7.1,7.0,20.0,16.0,20.0,,,,10.3,0,,,,,,,,,,,,,38.0,25.0,41.0,35.0,-1,-1,-1,,,,,,,,,,,9,,17,22,15,23,15,19,13,2,3,2,3.3,1212.0
11102,2026-10-02,2.0,2.0,2.0,9.0,8.0,10.0,90.0,,,,,,,,,,,1,0,0,,0,0,0,,,,,0,0,,,,,,,,,-1,2,-1,0,1,0,,-1.0,0,-1.0,15000.0,18000.0,15000.0,,0,,,,,,,,,,,,
11104,2026-10-02,,,,,,,,0,0,816.0,15.8,15.5,16.3,15.9,12.0,28.0,28.0,,,,10.6,0,,,979.3,977.3,977.3,978.0,,,,,,,96.0,66.0,78.0,80.0,,2,-1,,,,,,,,,,,1,,15,20,18,21,14,18,14,1,3,1,2.2,36.0
11106,2026-10-02,2.0,2.0,2.0,10.0,10.0,10.0,100.0,0,0,1022.0,12.4,14.1,14.1,13.5,0.0,32.0,0.0,1,0,0,7.6,0,0,0,937.6,935.9,936.0,936.5,0,0,,,,,86.0,66.0,79.0,77.0,-1,7,-1,,1,0,,-1.0,0,,30000.0,30000.0,30000.0,2,0,13,19,16,19,12,16,12,0,2,0,0.9,1404.0
11114,2026-10-02,2.0,,,10.0,,,,0,0,941.0,15.5,15.4,16.4,15.8,32.0,28.0,28.0,1,,,8.0,0,0,0,982.7,980.7,980.5,981.3,0,0,,,,,95.0,65.0,80.0,80.0,-1,6,-1,,,,,-1.0,0,-1.0,5000.0,,,2,0,14,20,18,21,14,18,14,1,2,1,1.6,29.0
11115,2026-10-02,2.0,2.0,2.0,9.0,6.0,10.0,83.0,0,0,1097.0,15.2,15.7,15.8,15.6,8.0,32.0,32.0,1,0,0,10.0,0,0,0,979.6,977.5,977.5,978.2,0,0,,,,,93.0,64.0,76.0,78.0,,2,,,,,,-1.0,0,-1.0,20000.0,20000.0,15000.0,4,0,14,21,18,22,14,18,14,1,2,1,1.6,123.0
11116,2026-10-02,,,,,,,,0,0,,10.8,13.5,12.4,12.2,4.0,24.0,24.0,,,,8.6,0,,,,,,,,,,,,,96.0,98.0,98.0,97.0,-1,,-1,,,,,,,,,,,,,9,12,11,13,8,10,,1,1,1,1.1,151.0
11135,2026-10-02,,,,,,,,0,0,1264.0,13.8,14.6,14.2,14.2,16.0,28.0,4.0,,,,6.9,0,,,948.4,946.7,946.6,947.2,,,,,,,95.0,69.0,79.0,81.0,-1,,-1,,,,,,,,,,,5,,13,18,16,19,12,16,12,1,2,1,1.6,9.0
11146,2026-10-02,,,,,,,,0,0,873.0,15.5,,,,16.0,32.0,32.0,,,,12.8,0,,,983.7,982.0,981.6,982.4,,,,,,,97.0,,,,-1,3,-1,,,,,,,,,,,1,,14,,,21,14,17,,1,3,3,3.4,3.0
11200,2026-10-02,,,,,,,,,,,,,,,,,,,,,,0,,,,,,,,,,,,,,,,,,,,,,,,,,,,,,,,,,,,,,,,,,,
11203,2026-10-02,,,,,,,,0,0,955.0,13.8,15.0,15.4,14.7,16.0,20.0,12.0,,,,11.1,0,,,934.6,932.5,932.9,933.3,,,,,,,100.0,74.0,90.0,88.0,-1,2,-1,,,,,,,,,,,,,12,18,15,19,12,15,12,1,1,1,1.1,144.0
11301,2026-10-02,,,,,,,,0,0,1022.0,11.7,13.5,13.3,12.8,8.0,12.0,0.0,,,,8.3,0,,,890.2,888.9,889.0,889.4,,,,,,,95.0,72.0,90.0,86.0,-1,2,-1,,,,,,,,,,,3,,10,17,13,17,10,13,,1,1,0,0.7,214.0
11305,2026-10-02,,,,,,,,0,0,1112.0,11.0,12.9,12.7,12.2,16.0,16.0,16.0,,,,7.0,0,,,866.4,865.3,865.5,865.7,,,,,,,97.0,81.0,96.0,91.0,-1,,-1,,,,,,,,,,,4,,9,14,11,17,9,13,8,1,1,1,1.1,229.0
11306,2026-10-02,2.0,1.0,,10.0,6.0,,,,,,,,,,,,,2,0,,,0,0,0,,,,,0,0,,,,,,,,,,1,,,1,,,-1.0,0,-1.0,15000.0,20000.0,,,0,,,,,,,,,,,,
11311,2026-10-02,,,,,,,,0,0,945.0,11.7,13.0,13.4,12.7,8.0,4.0,4.0,,,,8.4,0,,,,,,,,,,,,,96.0,79.0,90.0,88.0,,,-1,,,,,,,,,,,2,,10,15,13,16,10,13,,1,2,1,1.6,238.0
11401,2026-10-02,,,,,,,,,,,,,,,,,,,,,,0,,,,,,,,,,,,,,,,,,,,,,,,,,,,,,,,,,,,,,,,,,,
11402,2026-10-02,,,,,,,,0,0,1030.0,12.5,13.0,13.3,12.9,4.0,8.0,4.0,,,,8.0,0,,,906.6,904.8,905.6,905.7,,,,,,,90.0,68.0,85.0,81.0,-1,4,-1,,,,,,,,,,,,,12,17,14,18,12,15,11,2,3,2,3.3,1330.0
11410,2026-10-02,,,,,,,,0,0,802.0,11.7,13.6,13.5,12.9,24.0,28.0,24.0,,,,9.1,0,,,906.3,904.7,904.5,905.2,,,,,,,95.0,80.0,91.0,89.0,-1,6,-1,,,,,,,,,,,1,,10,15,13,16,10,13,9,1,1,1,1.1,303.0
11505,2026-10-02,,,,,,,,0,0,1072.0,13.6,14.2,14.7,14.2,12.0,32.0,32.0,,,,13.6,0,,,934.3,933.1,932.7,933.4,,,,,,,100.0,78.0,89.0,89.0,-1,8,-1,,,,,,,,,,,3,,12,16,15,18,11,15,9,1,3,2,2.8,320.0
11506,2026-10-02,2.0,2.0,1.0,10.0,9.0,7.0,,,,,,,,,,,,1,1,0,,0,,0,,,,,,,,,,,,,,,,4,0,,1,1,,-1.0,0,-1.0,4000.0,20000.0,8000.0,,,,,,,,,,,,,,
11602,2026-10-02,,,,,,,,,,,,,,,,,,,,,,0,,,,,,,,,,,,,,,,,,,,,,,,,,,,,,,,,,,,,,,,,,,
11603,2026-10-02,,,,,,,,0,0,963.0,12.5,13.8,13.3,13.2,12.0,32.0,4.0,,,,7.2,0,,,918.9,918.0,918.0,918.3,,,,,,,91.0,73.0,86.0,83.0,-1,10,-1,,,,,,,,,,,2,,12,17,14,18,12,15,11,1,2,2,2.1,1528.0
11706,2026-10-02,0.0,0.0,0.0,5.0,5.0,5.0,50.0,0,0,670.0,12.3,13.0,12.1,12.5,4.0,4.0,4.0,0,0,0,6.2,0,0,0,896.3,896.2,896.2,896.2,0,0,,,,,89.0,76.0,87.0,84.0,,,,,0,0,0.0,-1.0,0,-1.0,15000.0,15000.0,15000.0,2,0,12,15,12,16,11,13,8,2,2,1,2.1,630.0
11800,2026-10-02,2.0,2.0,2.0,10.0,5.0,3.0,60.0,,,,,,,,,,,1,0,0,,0,0,0,,,,,0,0,,,,,,,,,0,0,0,1,1,1,,-1.0,0,-1.0,5000.0,10000.0,10000.0,,0,,,,,,,,,,,,
11803,2026-10-02,2.0,1.0,1.0,10.0,7.0,7.0,80.0,0,0,1084.0,15.6,15.2,14.7,15.2,24.0,8.0,8.0,1,0,0,9.0,0,0,0,958.9,958.2,958.6,958.6,0,0,,,,,85.0,58.0,74.0,72.0,-1,-1,-1,0,1,0,,-1.0,0,-1.0,3000.0,8000.0,4000.0,6,0,16,22,17,22,16,19,13,1,2,2,2.1,1634.0
11804,2026-10-02,,,,,,,,0,0,1087.0,16.0,15.3,14.5,15.3,24.0,12.0,8.0,,,,7.2,0,,,961.6,961.0,961.3,961.3,,,,,,,91.0,61.0,76.0,76.0,0,-1,0,,,,,,,,,,,6,,16,21,17,22,15,18,12,1,2,1,1.6,1558.0
11901,2026-10-02,,,,,,,,0,0,1215.0,14.9,15.1,14.9,15.0,8.0,8.0,4.0,,,,10.7,0,,,967.7,967.4,967.6,967.6,,,,,,,81.0,64.0,76.0,74.0,-1,-1,-1,,,,,,,,,,,6,,16,20,17,23,15,19,,3,4,3,5.3,1400.0
12015,2026-10-02,,,,,,,,0,0,1163.0,13.4,13.8,13.8,13.7,8.0,4.0,8.0,,,,6.1,0,,,924.1,924.0,924.2,924.1,,,,,,,87.0,64.0,87.0,79.0,,-1,,,,,,,,,,,,6,,14,19,14,20,13,16,,1,2,1,1.6,1041.0
12016,2026-10-02,,,,,,,,,,,,,,,,,,,,,,,,,,,,,,,,,,,,,,,,,,,,,,,,,,,,,,,,,,,,,,,,,
12203,2026-10-02,,,,,,,,0,0,898.0,13.1,14.5,13.5,13.7,12.0,28.0,16.0,,,,6.6,0,,,941.5,941.4,941.3,941.4,,,,,,,90.0,67.0,87.0,81.0,-1,-1,-1,,,,,,,,,,,2,,13,19,14,19,12,16,10,1,2,1,1.6,1228.0
12215,2026-10-02,,,,,,,,0,0,663.0,10.6,10.9,10.8,10.8,4.0,4.0,12.0,,,,6.4,0,,,836.2,836.6,836.2,836.3,,,,,,,90.0,91.0,87.0,89.0,,,,,,,,,,,,,,1,,9,10,10,12,9,10,,2,2,1,2.1,2259.0
12216,2026-10-02,,,,,,,,,,,,,,,,,,,,,,0,,,,,,,,,,,,,,,,,-1,-1,-1,,,,,,,,,,,,,,,,,,,,,,,,
12231,2026-10-02,,,,,,,,0,0,1334.0,11.1,13.6,13.1,12.6,0.0,8.0,0.0,,,,7.4,0,,,,,,,,,,,,,98.0,57.0,93.0,83.0,-1,-1,-1,,,,,,,,,,,8,,9,20,12,21,8,14,,0,3,0,1.5,1421.0
12302,2026-10-02,,,,,,,,0,0,944.0,11.4,13.8,12.5,12.6,0.0,24.0,0.0,,,,7.5,0,,,918.1,917.7,917.9,917.9,,,,,,,93.0,71.0,89.0,84.0,-1,-1,-1,,,,,,,,,,,2,,10,17,12,19,10,14,8,0,2,0,0.9,1344.0
12311,2026-10-02,,,,,,,,0,0,1312.0,10.8,10.8,9.9,10.5,28.0,8.0,8.0,,,,7.9,0,,,817.0,817.6,817.3,817.3,,,,,,,94.0,80.0,85.0,86.0,-1,-1,-1,,,,,,,,,,,5,,9,12,9,13,9,11,,1,1,4,3.0,1849.0
12323,2026-10-02,,,,,,,,0,0,,11.2,13.4,13.3,12.6,24.0,8.0,8.0,,,,6.6,0,,,943.2,942.0,942.3,942.5,,,,,,,95.0,59.0,87.0,80.0,-1,-1,-1,,,,,,,,,,,6,,9,20,13,20,8,14,,1,2,1,1.6,1525.0
12351,2026-10-02,,,,,,,,,,,11.8,14.3,13.0,13.0,,,,,,,,0,,,920.0,920.2,919.9,920.0,,,,,,,92.0,77.0,91.0,87.0,-1,-1,-1,,,,,,,,,,,,,11,16,12,18,10,14,,,,,,
12352,2026-10-02,1.0,1.0,0.0,8.0,8.0,2.0,60.0,,,,,,,,,,,1,0,1,,0,0,0,,,,,0,0,,,,,,,,,-1,-1,-1,0,0,0,,-1.0,0,-1.0,5000.0,10000.0,15000.0,,0,,,,,,,,,,,,
12504,2026-10-02,,,,,,,,0,0,1227.0,11.0,14.7,14.5,13.4,0.0,32.0,28.0,,,,9.6,0,,,967.3,965.4,966.0,966.2,,,,,,,90.0,64.0,84.0,79.0,-1,-1,-1,,,,,,,,,,,8,,10,20,15,21,9,15,9,0,4,1,2.6,1319.0
12506,2026-10-02,,,,,,,,,,,,,,,,,,,,,,,,,,,,,,,,,,,,,,,,,,,,,,,,,,,,,,,,,,,,,,,,,
12513,2026-10-02,,,,,,,,0,0,,10.8,13.6,13.8,12.7,4.0,8.0,24.0,,,,5.4,0,,,944.1,942.9,943.4,943.5,,,,,,,84.0,56.0,84.0,75.0,,-1,-1,,,,,,,,,,,8,,11,21,15,21,10,15,7,1,1,1,1.1,1416.0
12530,2026-10-02,1.0,0.0,0.0,8.0,8.0,1.0,,0,0,,11.3,15.3,14.7,13.8,0.0,28.0,12.0,1,0,0,4.9,0,0,0,955.6,954.1,954.6,954.8,0,0,,,,,94.0,66.0,89.0,83.0,-1,-1,-1,,0,0,,-1.0,0,-1.0,18000.0,20000.0,20000.0,,1,10,20,15,20,9,15,7,0,1,1,0.7,1412.0
12616,2026-10-02,,,,,,,,0,0,1306.0,8.9,12.9,12.2,11.3,0.0,8.0,4.0,,,,7.6,0,,,934.8,933.5,934.1,934.1,,,,,,,97.0,55.0,81.0,78.0,-1,-1,-1,,,,,,,,,,,10,,6,20,13,21,5,13,5,0,2,1,1.2,1508.0
12711,2026-10-02,0.0,1.0,0.0,8.0,10.0,10.0,93.0,0,0,1277.0,8.8,11.7,11.6,10.7,28.0,8.0,4.0,0,0,0,4.7,0,0,0,893.5,893.7,894.0,893.7,0,0,,,,,77.0,63.0,80.0,73.0,-1,-1,-1,,0,0,,-1.0,0,-1.0,29000.0,29000.0,12000.0,9,1,9,16,13,17,8,12,4,1,1,1,1.1,1356.0
12720,2026-10-02,,,,,,,,0,0,1110.0,,,,,4.0,8.0,24.0,,,,7.6,0,,,,,,,,,,,,,,,,,,,,,,,,,,,,,,4,,,,,,,,,2,1,2,2.1,1633.0
12721,2026-10-02,,,,,,,,,,,6.6,8.2,5.7,6.8,,,,,,,,0,,,,,,,,,,,,,88.0,86.0,63.0,79.0,-1,-1,-1,,,,0.0,,,,,,,,,3,6,6,7,2,5,,,,,,
12811,2026-10-02,,,,,,,,0,0,1120.0,8.5,12.0,12.8,11.1,0.0,8.0,24.0,,,,4.1,0,,,942.1,941.2,941.5,941.6,,,,,,,87.0,56.0,81.0,75.0,-1,-1,-1,,,,,,,,,,,5,,7,19,14,20,6,13,4,0,1,1,0.7,1513.0
13116,2026-10-02,,,,,,,,0,0,1367.0,8.4,10.1,9.5,9.3,28.0,8.0,24.0,,,,5.4,0,,,931.1,930.8,931.0,931.0,,,,,,,90.0,45.0,68.0,68.0,-1,-1,-1,,,,,,,,,,,9,,6,19,12,20,3,11,2,1,1,2,1.6,1815.0
13120,2026-10-02,,,,,,,,0,0,1276.0,7.5,9.0,9.8,8.8,28.0,12.0,24.0,,,,6.7,0,,,945.5,944.2,945.1,944.9,,,,,,,92.0,40.0,75.0,69.0,-1,-1,-1,,,,,,,,,,,8,,4,20,11,20,3,12,2,1,3,1,2.2,1411.0
13302,2026-10-02,,,,,,,,,,,,,,,,,,,,,,,,,,,,,,,,,,,,,,,,,,,,,,,,,,,,,,,,,,,,,,,,,
13308,2026-10-02,,,,,,,,,,,,,,,4.0,16.0,4.0,,,,,0,,,982.5,981.5,982.1,982.0,,,,,,,,,,,,,,,,,,,,,,,,,,,,,,,,,1,1,1,1.1,
13312,2026-10-02,,,,,,,,0,0,1412.0,7.9,8.0,9.2,8.4,16.0,8.0,0.0,,,,5.7,0,,,969.0,966.9,967.5,967.8,,,,,,,83.0,30.0,57.0,57.0,-1,-1,-1,,,,,,,,,,,9,,6,22,14,23,6,14,2,1,2,0,1.2,1329.0
13401,2026-10-02,,,,,,,,0,0,1316.0,8.1,8.1,10.4,8.9,28.0,28.0,28.0,,,,4.7,0,,,972.4,970.4,971.0,971.3,,,,,,,98.0,32.0,73.0,68.0,-1,-1,-1,,,,,,,,,,,10,,4,21,12,22,3,12,-1,1,1,1,1.1,1447.0
13515,2026-10-02,,,,,,,,0,0,1292.0,6.9,7.6,7.1,7.2,0.0,16.0,20.0,,,,5.2,0,,,912.5,913.3,913.4,913.1,,,,,,,59.0,38.0,51.0,49.0,-1,-1,-1,,,,,,,,,,,9,,9,18,12,19,8,13,2,0,2,1,1.2,1310.0
13605,2026-10-02,,,,,,,,0,0,1337.0,7.3,6.5,9.5,7.8,16.0,20.0,0.0,,,,6.0,0,,,991.5,991.8,991.9,991.7,,,,,,,80.0,24.0,65.0,56.0,-1,-1,-1,,,,,,,,,,,9,,6,23,13,23,4,14,3,1,2,0,1.2,1328.0
13606,2026-10-02,,,,,,,,0,0,1325.0,7.1,7.8,7.6,7.5,24.0,12.0,24.0,,,,8.0,0,,,950.3,951.0,951.2,950.8,,,,,,,48.0,34.0,48.0,43.0,-1,-1,-1,,,,,,,,,,,9,,13,20,14,20,9,14,2,2,3,1,2.8,1148.0
13640,2026-10-02,,,,,,,,0,0,1304.0,7.8,7.6,9.1,8.2,28.0,16.0,28.0,,,,6.1,0,,,978.5,979.0,979.2,978.9,,,,,,,55.0,29.0,69.0,51.0,,,,,,,,,,,,,,8,,12,22,11,22,7,15,3,2,2,1,2.1,1147.0
13702,2026-10-02,,,,,,,,0,0,,6.7,6.3,7.0,6.7,24.0,20.0,24.0,,,,7.6,0,,,956.9,957.9,957.9,957.6,,,,,,,42.0,26.0,39.0,36.0,-1,-1,-1,,,,,,,,,,,,,14,21,16,21,13,17,,1,2,1,1.6,1222.0
13707,2026-10-02,,,,,,,,0,0,,7.9,7.8,8.5,8.1,32.0,16.0,32.0,,,,8.0,0,,,,,,,,,,,,,77.0,29.0,59.0,55.0,-1,-1,-1,0,0,0,,,,,,,,8,,7,22,13,23,6,14,2,1,3,1,2.2,1138.0
13811,2026-10-02,,,,,,,,0,0,,8.0,7.0,7.5,7.5,0.0,16.0,28.0,,,,7.1,0,,,994.2,994.7,994.9,994.6,,,,,,,72.0,25.0,42.0,46.0,-1,-1,-1,,,,,,,,,,,9,,9,23,16,24,7,15,5,0,2,2,1.8,1155.0
13907,2026-10-02,,,,,,,,0,0,1309.0,8.2,7.9,7.9,8.0,0.0,16.0,24.0,,,,6.9,0,,,1006.8,1007.1,1007.1,1007.0,,,,,,,77.0,26.0,48.0,50.0,-1,-1,-1,,,,,,,,,,,10,,8,24,15,24,4,14,2,0,2,1,1.2,1207.0
14103,2026-10-02,,,,,,,,0,0,1345.0,15.0,15.6,15.6,15.4,12.0,28.0,28.0,,,,9.1,0,,,964.3,962.1,962.5,963.0,,,,,,,94.0,60.0,75.0,76.0,-1,2,-1,,,,,,,,,,,7,,14,22,18,22,14,18,13,1,1,1,1.1,149.0
14105,2026-10-02,,,,,,,,,,,,,,,,,,,,,,0,,,,,,,,,,,,,,,,,,,,,,,,,,,,,,,,,,,,,,,,,,,
14115,2026-10-02,,,,,,,,0,0,1354.0,12.6,13.0,14.0,13.2,20.0,4.0,0.0,,,,8.1,0,,,913.1,911.3,911.8,912.1,,,,,,,94.0,63.0,85.0,81.0,-1,3,-1,,,,,,,,,,,6,,11,18,15,18,11,15,,1,2,0,1.2,138.0
14301,2026-10-02,,,,,,,,,,,,,,,,,,,,,,,,,,,,,,,,,,,,,,,,,,,,,,,,,,,,,,,,,,,,,,,,,
14302,2026-10-02,,,,,,,,0,0,841.0,11.3,12.8,12.8,12.3,20.0,4.0,20.0,,,,7.8,0,,,883.7,883.0,883.5,883.4,,,,,,,83.0,65.0,85.0,78.0,-1,3,-1,,,,,,,,,,,,,12,17,13,17,11,14,10,2,2,1,2.1,306.0
14305,2026-10-02,,,,,,,,0,0,878.0,9.1,11.1,10.9,10.4,24.0,8.0,8.0,,,,13.1,0,,,803.6,803.6,803.8,803.7,,,,,,,95.0,95.0,100.0,97.0,-1,2,-1,,,,0.0,,,,,,,,,6,9,8,10,5,8,,2,3,3,3.9,328.0
14308,2026-10-02,,,,,,,,0,0,,7.6,9.6,8.9,8.7,4.0,12.0,16.0,,,,7.4,0,,,,,,,,,,,,,100.0,96.0,100.0,99.0,,,,,,,,,,,,,,,,3,7,5,8,2,5,,1,2,2,2.1,333.0
14310,2026-10-02,,0.0,1.0,0.0,2.0,10.0,40.0,,,,,,,,,,,0,0,0,,0,0,0,,,,,0,0,,,,,,,,,,-1,-1,,0,0,,-1.0,0,-1.0,10000.0,15000.0,500.0,,0,,,,,,,,,,,,
14311,2026-10-02,,,,,,,,0,0,826.0,12.2,12.7,14.2,13.0,4.0,16.0,20.0,,,,8.2,0,,,893.0,891.5,892.0,892.2,,,,,,,96.0,72.0,93.0,87.0,-1,6,-1,,,,,,,,,,,,,11,16,13,16,10,13,,1,1,1,1.1,225.0
14403,2026-10-02,,,,,,,,0,0,1032.0,14.8,14.2,14.9,14.6,16.0,32.0,0.0,,,,7.2,0,,,937.0,936.2,936.5,936.6,,,,,,,94.0,58.0,79.0,77.0,0,9,0,,,,,,,,,,,4,,14,21,17,21,14,17,14,1,2,0,1.2,1412.0
14513,2026-10-02,,,,,,,,0,0,799.0,14.6,14.5,14.1,14.4,32.0,8.0,32.0,,,,5.4,0,,,940.8,940.1,940.3,940.4,,,,,,,91.0,66.0,79.0,79.0,0,8,0,,,,,,,,,,,2,,14,19,16,21,14,18,,1,1,1,1.1,805.0
14521,2026-10-02,2.0,0.0,,10.0,3.0,,,0,0,1088.0,14.6,13.5,14.1,14.1,4.0,4.0,20.0,2,0,0,9.5,0,0,0,,,,,0,0,,,,,93.0,60.0,79.0,77.0,-1,,-1,,1,1,,-1.0,0,-1.0,5000.0,25000.0,3000.0,4,0,14,19,16,21,14,17,13,1,2,1,1.6,1616.0
14602,2026-10-02,,,,,,,,,,,,,,,,,,,,,,0,,,,,,,,,,,,,,,,,,,,,,,,,,,,,,,,,,,,,,,,,,,
14603,2026-10-02,,,,,,,,0,0,828.0,16.7,15.8,15.7,16.1,20.0,8.0,4.0,,,,5.0,0,,,953.2,952.6,952.7,952.8,,,,,,,98.0,73.0,82.0,84.0,1,6,1,,,,,,,,,,,3,,15,19,17,21,14,18,12,1,1,1,1.1,1539.0
14621,2026-10-02,,,,,,,,,,,,,,,,,,,,,,0,,,,,,,,,,,,,,,,,,,,,,,,,,,,,,,,,,,,,,,,,,,
14622,2026-10-02,,,,,,,,0,0,878.0,13.0,13.4,12.7,13.0,32.0,32.0,0.0,,,,7.1,0,,,867.5,866.9,867.7,867.4,,,,,,,97.0,76.0,92.0,88.0,0,3,0,,,,,,,,,,,3,,11,16,12,16,9,13,,1,2,0,1.2,1350.0
14631,2026-10-02,2.0,1.0,1.0,10.0,4.0,9.0,77.0,0,0,928.0,15.1,14.1,13.9,14.4,24.0,28.0,12.0,2,,,4.9,0,0,0,911.6,911.5,911.5,911.5,0,0,,,,,97.0,67.0,87.0,84.0,,2,,,1,0,,-1.0,0,,3000.0,10000.0,10000.0,3,0,14,18,14,19,13,16,10,1,2,1,1.6,1412.0
14701,2026-10-02,,,,,,,,0,0,907.0,13.5,15.1,13.6,14.1,0.0,8.0,20.0,,,,6.2,0,,,,,,,,,,,,,90.0,68.0,84.0,81.0,-1,-1,-1,,,,0.0,,,,,,,4,,13,19,14,19,13,16,11,0,2,1,1.2,1443.0
14802,2026-10-02,,,,,,,,0,0,1089.0,10.3,11.9,11.2,11.1,12.0,28.0,8.0,,,,6.1,0,,,872.4,871.8,872.6,872.3,,,,,,,84.0,65.0,86.0,78.0,-1,-1,-1,,,,0.0,,,,,,,5,,10,16,11,17,9,13,,1,2,1,1.6,1519.0
14812,2026-10-02,,,,,,,,0,0,888.0,9.8,10.2,9.9,10.0,8.0,16.0,16.0,,,,13.1,0,,,787.9,788.4,788.2,788.2,,,,,,,99.0,93.0,96.0,96.0,-1,-1,-1,,,,,,,,,,,1,,7,8,7,9,7,8,,3,2,2,3.3,2317.0
14822,2026-10-02,,,,,,,,0,0,,13.5,14.9,12.8,13.7,0.0,8.0,16.0,,,,4.6,0,,,923.8,923.5,923.5,923.6,,,,,,,83.0,70.0,84.0,79.0,-1,-1,-1,,,,,,,,,,,,,14,19,13,19,13,16,12,0,2,1,1.2,1254.0
14825,2026-10-02,,,,,,,,0,0,1117.0,10.5,11.9,10.2,10.9,8.0,12.0,8.0,,,,5.9,0,,,866.4,865.9,866.7,866.3,,,,,,,90.0,61.0,90.0,80.0,-1,-1,-1,,,,0.0,,,,,,,6,,9,17,9,18,7,13,,1,1,1,1.1,1525.0
14833,2026-10-02,,,,,,,,0,0,1164.0,11.1,13.1,12.3,12.2,12.0,28.0,12.0,,,,9.6,0,,,912.5,911.6,912.5,912.2,,,,,,,80.0,63.0,83.0,75.0,-1,-1,-1,,,,,,,,,,,5,,12,18,13,19,11,15,10,1,3,1,2.2,1524.0
14834,2026-10-02,2.0,,,10.0,,,,,,,,,,,,,,0,,,,0,,,,,,,,,,,,,,,,,,,,,,,,-1.0,0,-1.0,20000.0,,,,,,,,,,,,,,,,
14912,2026-10-02,,,,,,,,0,0,,11.9,12.4,11.4,11.9,20.0,4.0,20.0,,,,5.5,0,,,,,,,,,,,,,92.0,72.0,91.0,85.0,-1,-1,-1,,,,,,,,,,,3,,11,15,10,17,9,13,,1,2,1,1.6,1305.0
15001,2026-10-02,2.0,1.0,0.0,8.0,4.0,2.0,47.0,,,,,,,,,,,1,1,1,,0,0,0,,,,,0,0,,,,,,,,,,-1,-1,,0,0,,-1.0,0,-1.0,15000.0,20000.0,20000.0,,0,,,,,,,,,,,,
15002,2026-10-02,,,,,,,,0,0,1227.0,14.4,15.6,13.8,14.6,0.0,8.0,24.0,,,,6.4,0,,,955.5,954.5,955.4,955.1,,,,,,,90.0,61.0,85.0,79.0,,-1,,,,,,,,,,,,7,,14,22,14,22,13,18,12,0,2,1,1.2,1430.0
15105,2026-10-02,,,,,,,,0,0,1099.0,12.0,12.6,12.4,12.3,24.0,8.0,24.0,,,,5.3,0,,,914.8,914.2,914.5,914.5,,,,,,,91.0,56.0,86.0,78.0,-1,-1,-1,,,,,,,,,,,5,,11,19,13,20,10,15,10,1,1,1,1.1,1355.0
15210,2026-10-02,0.0,0.0,0.0,8.0,6.0,7.0,70.0,0,0,1318.0,10.2,10.9,9.8,10.3,0.0,16.0,0.0,0,0,0,5.1,0,0,0,895.8,895.3,896.6,895.9,0,0,,,,,93.0,59.0,75.0,76.0,-1,-1,-1,,,,,-1.0,0,-1.0,10000.0,40000.0,10000.0,,1,8,16,11,19,8,14,6,0,2,0,0.9,1222.0
15300,2026-10-02,,,,,,,,,,,,,,,,,,,,,,,,,,,,,,,,,,,,,,,,,,,,,,,,,,,,,,,,,,,,,,,,,
15321,2026-10-02,2.0,0.0,0.0,9.0,9.0,1.0,63.0,0,0,1160.0,8.7,,5.8,,32.0,24.0,16.0,1,1,1,14.7,0,0,0,781.9,782.4,782.4,782.2,0,0,,,,,93.0,64.0,58.0,72.0,-1,-1,-1,,0,0,,-1.0,0,-1.0,800.0,9000.0,22000.0,4,0,6,,7,11,6,8,,1,1,5,3.8,2140.0
15344,2026-10-02,,,,,,,,0,0,1258.0,9.1,11.1,9.2,9.8,0.0,16.0,0.0,,,,4.6,0,,,879.0,878.7,879.9,879.2,,,,,,,90.0,63.0,82.0,78.0,-1,-1,-1,,,,0.0,,,,,,,6,,7,16,9,17,7,12,4,0,1,0,0.4,1421.0
15402,2026-10-02,1.0,1.0,1.0,6.0,6.0,4.0,53.0,0,0,960.0,8.9,12.3,11.2,10.8,0.0,4.0,0.0,1,0,0,5.8,0,0,0,922.4,921.2,922.1,921.9,0,0,,,,,88.0,52.0,82.0,74.0,,-1,,,,,,-1.0,0,-1.0,20000.0,20000.0,20000.0,4,1,7,20,12,21,6,13,3,0,2,0,0.9,1514.0
15411,2026-10-02,1.0,1.0,0.0,8.0,6.0,3.0,57.0,0,0,1457.0,6.4,6.6,2.9,5.3,4.0,16.0,20.0,3,0,0,12.7,0,0,0,708.9,710.0,709.8,709.6,0,0,,,,,100.0,82.0,42.0,75.0,-1,-1,-1,0,0,0,0.0,-1.0,0,-1.0,200.0,3000.0,30000.0,7,0,1,4,2,4,0,2,,4,2,4,5.4,2341.0
15430,2026-10-02,,,,,,,,0,0,1135.0,8.4,10.0,8.1,8.8,8.0,24.0,8.0,,,,4.2,0,,,850.3,850.5,850.8,850.5,,,,,,,70.0,57.0,68.0,65.0,-1,-1,-1,,,,,,,,,,,5,,10,15,10,16,9,13,,1,2,1,1.6,2202.0
15501,2026-10-02,,,,,,,,0,0,1160.0,9.6,12.1,10.7,10.8,16.0,32.0,16.0,,,,3.8,0,,,906.2,905.5,905.9,905.9,,,,,,,88.0,59.0,76.0,74.0,-1,-1,-1,,,,,,,,,,,6,,8,18,12,18,7,13,,1,2,2,2.1,513.0
15506,2026-10-02,,,,,,,,,,,,,,,,,,,,,,,,,,,,,,,,,,,,,,,,,,,,,,,,,,,,,,,,,,,,,,,,,
15509,2026-10-02,,,,,,,,0,0,,10.5,13.4,11.9,11.9,0.0,32.0,20.0,,,,5.5,0,,,,,,,,,,,,,95.0,62.0,82.0,80.0,-1,-1,-1,,,,,,,,,,,5,,8,19,13,19,7,13,4,0,2,1,1.2,1346.0
15610,2026-10-02,,,,,,,,0,0,1182.0,7.8,9.5,8.7,8.7,32.0,12.0,12.0,,,,8.1,0,,,838.0,838.7,839.0,838.6,,,,,,,73.0,57.0,73.0,68.0,-1,-1,-1,,,,,,,,,,,8,,8,15,10,15,6,10,,1,2,2,2.1,2344.0
15640,2026-10-02,,,,,,,,0,0,1184.0,7.6,9.9,9.1,8.9,28.0,24.0,12.0,,,,6.7,0,,,,,,,,,,,,,73.0,77.0,86.0,79.0,-1,-1,-1,,,,0.0,,,,,,,6,,8,11,8,12,5,8,,2,2,1,2.1,1232.0
15702,2026-10-02,,,,,,,,0,0,1100.0,8.9,11.9,10.6,10.5,28.0,12.0,24.0,,,,6.0,0,,,911.5,910.3,911.3,911.0,,,,,,,100.0,61.0,82.0,81.0,-1,-1,-1,,,,,,,,,,,5,,5,17,11,19,3,11,,1,1,2,1.6,1739.0
15712,2026-10-02,2.0,0.0,0.0,10.0,8.0,6.0,80.0,0,0,1155.0,7.5,11.0,10.3,9.6,28.0,20.0,8.0,0,0,0,6.3,0,0,1,915.1,913.6,914.5,914.4,0,0,,,,,92.0,52.0,74.0,73.0,-1,-1,-1,0,0,0,,-1.0,0,-1.0,300.0,30000.0,15000.0,6,1,4,19,12,19,3,11,2,1,1,1,1.1,1646.0
15715,2026-10-02,,,,,,,,0,0,1182.0,8.5,,8.4,,28.0,28.0,12.0,,,,5.2,0,,,849.2,850.0,850.3,849.8,,,,,,,95.0,,73.0,,,-1,,,,,,,,,,,,,,5,14,9,,,,1,1,2,2,2.1,1204.0
15721,2026-10-02,,,,,,,,0,0,1224.0,8.1,10.8,10.2,9.7,4.0,16.0,32.0,,,,5.3,0,,,900.7,900.0,900.7,900.5,,,,,,,99.0,53.0,82.0,78.0,-1,-1,-1,,,,,,,,,,,6,,4,18,10,19,3,11,2,1,1,1,1.1,1535.0
15901,2026-10-02,,,,,,,,0,0,1126.0,8.3,10.4,9.9,9.5,28.0,12.0,0.0,,,,3.6,0,,,935.8,934.7,935.6,935.4,,,,,,,91.0,50.0,76.0,72.0,-1,-1,-1,,,,,,,,,,,7,,6,18,11,19,5,12,,1,1,0,0.7,1335.0
15912,2026-10-02,,,,,,,,0,0,1186.0,8.1,9.7,8.1,8.6,16.0,12.0,4.0,,,,5.5,0,,,885.5,885.8,886.3,885.9,,,,,,,90.0,54.0,58.0,67.0,-1,-1,-1,,,,0.0,,,,,,,8,,6,16,12,16,5,11,,1,2,1,1.6,1435.0
15920,2026-10-02,,,,,,,,0,0,1173.0,8.1,11.9,10.4,10.1,24.0,12.0,24.0,,,,6.1,0,,,938.1,936.5,937.7,937.4,,,,,,,91.0,53.0,78.0,74.0,-1,-1,-1,,,,,,,,,,,8,,5,19,11,20,5,12,,1,2,1,1.6,1602.0
16015,2026-10-02,,,,,,,,0,0,1216.0,7.6,10.9,10.3,9.6,28.0,16.0,32.0,,,,8.7,0,,,931.6,930.9,931.6,931.4,,,,,,,94.0,55.0,83.0,77.0,-1,-1,-1,,,,,,,,,,,9,,4,17,10,18,4,11,,1,3,1,2.2,1358.0
16101,2026-10-02,1.0,0.0,0.0,9.0,9.0,9.0,90.0,0,0,1370.0,8.0,9.3,9.5,8.9,0.0,4.0,24.0,1,0,0,3.6,0,0,0,953.3,952.0,952.4,952.6,0,0,,,,,94.0,39.0,69.0,67.0,-1,-1,-1,0,0,0,,-1.0,0,-1.0,10000.0,25000.0,15000.0,9,0,5,20,12,22,3,12,-1,0,1,1,0.7,1439.0
16308,2026-10-02,,,,,,,,0,0,1408.0,8.4,8.5,9.8,8.9,0.0,8.0,8.0,,,,4.2,0,,,,,,,,,,,,,79.0,36.0,67.0,61.0,-1,-1,-1,,,,,,,,,,,9,,8,20,13,21,6,14,3,0,2,1,1.2,1234.0
16400,2026-10-02,,,,,,,,,,,8.0,7.2,8.7,8.0,16.0,12.0,0.0,,,,,0,,,988.2,988.4,988.3,988.3,,,,,,,93.0,28.0,57.0,59.0,-1,-1,-1,,,,,,,,,,,9,,5,22,13,22,4,13,0,1,2,0,1.2,
16411,2026-10-02,,,,,,,,0,0,1544.0,7.8,9.4,8.2,8.5,28.0,12.0,28.0,,,,5.2,0,,,946.0,947.0,947.1,946.7,,,,,,,61.0,41.0,64.0,55.0,-1,-1,-1,,,,,,,,,,,9,,11,20,11,21,8,14,6,2,1,3,2.8,1252.0
16412,2026-10-02,,,,,,,,,,,,,,,,,,,,,,0,,,,,,,,,,,,,,,,,,,,,,,,,,,,,,,,,,,,,,,,,,,
16413,2026-10-02,,,,,,,,0,0,1376.0,8.5,7.7,8.9,8.4,16.0,12.0,32.0,,,,4.6,0,,,989.5,989.7,989.8,989.7,,,,,,,85.0,28.0,55.0,56.0,-1,-1,-1,,,,,,,,,,,9,,7,23,14,23,6,14,3,1,1,1,1.1,1302.0
16414,2026-10-02,1.0,,,8.0,,,,,,,8.4,6.9,9.7,8.3,,,,1,,,,0,0,0,987.8,988.1,988.2,988.0,0,0,,,,,73.0,26.0,60.0,53.0,-1,-1,-1,,,,,-1.0,0,-1.0,60000.0,,,,1,9,22,14,22,7,15,5,,,,,
16421,2026-10-02,,,,,,,,0,0,1390.0,6.2,8.4,6.8,7.1,16.0,12.0,32.0,,,,7.1,0,,,869.2,870.5,870.4,870.0,,,,,,,56.0,58.0,57.0,57.0,-1,-1,-1,,,,,,,,,,,9,,9,13,10,13,8,11,,2,2,1,2.1,1306.0
16501,2026-10-02,,,,,,,,0,0,1297.0,7.8,7.2,9.4,8.1,28.0,12.0,8.0,,,,5.2,0,,,986.5,986.8,986.8,986.7,,,,,,,88.0,28.0,65.0,60.0,-1,-1,-1,,,,,,,,,,,9,,5,22,13,22,4,13,,1,2,1,1.6,1250.0
16511,2026-10-02,,,,,,,,0,0,1464.0,7.7,7.4,,,28.0,16.0,16.0,,,,5.5,0,,,968.7,969.7,969.6,969.3,,,,,,,50.0,31.0,38.0,40.0,-1,-1,-1,,,,,,,,,,,9,,13,20,,21,12,17,8,1,1,1,1.1,1154.0
16601,2026-10-02,,,,,,,,0,0,1269.0,8.2,7.4,8.8,8.1,20.0,16.0,24.0,,,,6.4,0,,,999.0,999.0,999.1,999.0,,,,,,,90.0,27.0,61.0,59.0,-1,-1,-1,,,,,,,,,,,8,,6,23,13,24,4,14,-1,1,2,1,1.6,1246.0
16702,2026-10-02,1.0,1.0,,9.0,2.0,0.0,37.0,0,0,1436.0,7.9,8.9,10.0,8.9,24.0,16.0,20.0,1,1,1,8.2,0,0,0,1005.6,1005.4,1005.6,1005.5,0,0,,,,,86.0,30.0,67.0,61.0,-1,-1,-1,0,0,0,,-1.0,0,-1.0,10000.0,10000.0,3000.0,10,0,6,24,13,25,3,14,2,1,2,1,1.6,1358.0
16711,2026-10-02,1.0,1.0,1.0,2.0,2.0,4.0,27.0,0,0,1351.0,7.4,7.3,7.2,7.3,32.0,20.0,20.0,0,0,0,6.6,0,0,0,983.0,983.6,983.6,983.4,0,0,,,,,59.0,28.0,38.0,42.0,-1,-1,-1,,0,0,,-1.0,0,-1.0,30000.0,30000.0,30000.0,8,0,10,22,17,23,9,16,7,2,2,1,2.1,1340.0
16800,2026-10-02,,,,,,,,,,,7.7,7.5,8.7,8.0,0.0,20.0,0.0,,,,,0,,,,,,,,,,,,,86.0,26.0,63.0,58.0,-1,-1,-1,,,,,,,,,,,9,,5,24,12,24,3,14,0,0,2,0,0.9,
16906,2026-10-02,,,,,,,,0,0,916.0,12.8,12.2,14.1,13.0,12.0,24.0,20.0,,,,10.3,0,,,918.7,916.5,917.5,917.6,,,,,,,90.0,57.0,90.0,79.0,,0,,,,,,,,,,,,2,,12,19,14,20,12,16,,1,1,1,1.1,304.0
17002,2026-10-02,,,,,,,,0,0,722.0,10.2,11.8,11.8,11.3,20.0,4.0,12.0,,,,12.7,0,,,855.4,854.6,855.3,855.1,,,,,,,88.0,68.0,87.0,81.0,-1,4,-1,,,,,,,,,,,1,,9,15,12,16,9,12,8,3,3,1,3.4,327.0
17003,2026-10-02,2.0,1.0,1.0,10.0,7.0,8.0,83.0,,,,,,,,,,,2,1,1,,0,0,0,,,,,0,0,,,,,,,,,,5,-1,,1,0,,-1.0,0,-1.0,5000.0,10000.0,5000.0,,0,,,,,,,,,,,,
17005,2026-10-02,,,,,,,,0,0,959.0,8.5,,10.0,,32.0,24.0,16.0,,,,5.1,0,,,782.3,782.4,782.7,782.5,,,,,,,90.0,83.0,94.0,89.0,0,6,0,,,,,,,,,,,3,,6,,8,12,6,9,,1,1,1,1.1,452.0
17102,2026-10-02,,,,,,,,0,0,664.0,12.5,13.1,11.3,12.3,0.0,24.0,12.0,,,,7.5,0,,,879.1,878.7,879.2,879.0,,,,,,,94.0,74.0,87.0,85.0,0,0,0,,,,,,,,,,,3,,11,16,11,17,11,14,11,0,1,2,1.2,29.0
17301,2026-10-02,2.0,1.0,,10.0,5.0,,,0,0,810.0,10.0,10.7,10.4,10.4,0.0,32.0,16.0,1,0,0,6.1,0,0,0,818.4,818.1,818.9,818.5,0,0,,,,,91.0,61.0,92.0,81.0,,0,,,,,0.0,-1.0,0,-1.0,500.0,70000.0,,3,0,8,16,9,16,8,12,,0,1,1,0.7,1502.0
17315,2026-10-02,2.0,2.0,2.0,10.0,10.0,9.0,97.0,,,,,,,,16.0,16.0,20.0,2,2,2,,0,0,1,732.7,733.5,733.6,733.3,0,0,,,,,,,,,,5,,,,,0.0,-1.0,0,-1.0,3000.0,5000.0,7000.0,,0,,,,,,,,1,1,1,1.1,
17320,2026-10-02,,,,,,,,0,0,,6.4,6.3,7.0,6.6,8.0,16.0,16.0,,,,5.0,0,,,681.9,682.7,682.7,682.4,,,,,,,100.0,77.0,100.0,92.0,,,,,,,,,,,,,,2,,1,4,2,5,0,2,,1,2,1,1.6,1312.0
17701,2026-10-02,,,,,,,,0,0,1204.0,9.0,10.9,8.9,9.6,24.0,8.0,24.0,,,,6.9,0,,,875.6,875.4,876.8,875.9,,,,,,,96.0,64.0,88.0,83.0,-1,-1,-1,,,,0.0,,,,,,,8,,6,15,7,16,4,10,3,1,2,1,1.6,1518.0
17901,2026-10-02,,,,,,,,0,0,1262.0,10.0,12.3,11.4,11.2,0.0,8.0,8.0,,,,8.4,0,,,954.2,952.6,953.7,953.5,,,,,,,94.0,53.0,71.0,73.0,-1,-1,-1,,,,0.0,,,,,,,9,,8,20,14,21,7,14,4,0,1,1,0.7,1716.0
18001,2026-10-02,,,,,,,,0,0,1121.0,9.4,12.1,10.4,10.6,0.0,20.0,4.0,,,,6.0,0,,,908.6,908.4,909.5,908.8,,,,,,,88.0,62.0,76.0,75.0,-1,-1,-1,,,,,,,,,,,6,,8,17,12,17,7,12,7,0,2,1,1.2,1402.0
18111,2026-10-02,,,,,,,,0,0,1089.0,9.1,10.6,10.1,9.9,24.0,12.0,24.0,,,,4.7,0,,,894.6,895.2,895.7,895.2,,,,,,,97.0,63.0,89.0,83.0,-1,-1,-1,,,,,,,,,,,6,,6,15,9,15,5,10,2,1,1,1,1.1,1055.0
18122,2026-10-02,,,,,,,,0,0,1217.0,9.4,11.4,10.9,10.6,24.0,12.0,0.0,,,,5.1,0,,,951.8,951.1,951.9,951.6,,,,,,,93.0,55.0,77.0,75.0,,,,,,,,,,,,,,9,,7,18,12,19,7,13,3,1,2,0,1.2,1411.0
18210,2026-10-02,0.0,0.0,1.0,2.0,3.0,1.0,20.0,0,0,1217.0,10.4,10.5,11.3,10.7,4.0,16.0,32.0,1,0,0,3.7,0,0,0,,,,,0,0,,,,,94.0,51.0,83.0,76.0,-1,-1,-1,,,,,-1.0,0,-1.0,60000.0,60000.0,60000.0,9,1,9,18,12,19,8,13,6,1,1,2,1.6,1545.0
18225,2026-10-02,,,,,,,,0,0,1061.0,10.1,12.1,11.6,11.3,0.0,16.0,0.0,,,,4.7,0,,,968.8,967.8,968.5,968.4,,,,,,,100.0,56.0,86.0,81.0,-1,-1,-1,,,,,,,,,,,5,,7,19,12,19,6,13,4,0,1,0,0.4,1443.0
18231,2026-10-02,,,,,,,,0,0,1221.0,8.9,11.0,11.5,10.5,32.0,20.0,20.0,,,,6.7,0,,,945.8,945.1,945.9,945.6,,,,,,,95.0,54.0,88.0,79.0,-1,-1,-1,,,,,,,,,,,8,,6,18,11,18,6,12,3,1,2,1,1.6,1242.0
18402,2026-10-02,,,,,,,,0,0,1111.0,7.3,9.2,6.3,7.6,32.0,16.0,32.0,,,,6.1,0,,,870.1,870.9,871.2,870.7,,,,,,,96.0,63.0,73.0,77.0,-1,-1,-1,,,,,,,,,,,6,,3,13,5,13,2,8,1,1,2,1,1.6,1253.0
18502,2026-10-02,,,,,,,,0,0,1258.0,7.3,7.7,10.1,8.4,24.0,8.0,20.0,,,,3.7,0,,,949.5,948.6,949.5,949.2,,,,,,,98.0,35.0,92.0,75.0,-1,-1,-1,,,,,,,,,,,9,,3,19,8,19,2,11,1,1,1,1,1.1,1533.0
18601,2026-10-02,,,,,,,,0,0,1263.0,8.8,11.2,10.7,10.2,28.0,12.0,28.0,,,,7.1,0,,,957.4,956.6,957.3,957.1,,,,,,,91.0,52.0,78.0,74.0,-1,-1,-1,,,,,,,,,,,9,,7,19,12,19,6,12,2,1,3,2,2.8,1131.0
18622,2026-10-02,,,,,,,,0,0,1380.0,9.4,10.5,12.0,10.6,4.0,16.0,32.0,,,,4.3,0,,,977.9,976.9,977.1,977.3,,,,,,,97.0,46.0,82.0,75.0,-1,-1,-1,,,,,,,,,,,9,,7,20,13,21,6,14,3,1,1,1,1.1,1418.0
18705,2026-10-02,,,,,,,,0,0,1293.0,8.2,9.8,10.9,9.6,0.0,16.0,32.0,,,,4.0,0,,,984.6,983.5,983.8,984.0,,,,,,,98.0,40.0,86.0,75.0,-1,-1,-1,,,,,,,,,,,9,,4,21,11,22,4,13,2,0,1,1,0.7,1352.0
18805,2026-10-02,,,,,,,,0,0,1498.0,7.3,9.2,8.5,8.3,4.0,20.0,8.0,,,,5.0,0,,,909.6,910.4,910.4,910.1,,,,,,,67.0,49.0,66.0,61.0,-1,-1,-1,,,,0.0,,,,,,,10,,8,17,11,18,8,13,6,1,1,2,1.6,1135.0
18906,2026-10-02,,,,,,,,0,0,1473.0,8.6,8.1,10.9,9.2,0.0,8.0,24.0,,,,4.5,0,,,989.6,989.6,989.7,989.6,,,,,,,93.0,33.0,77.0,68.0,-1,-1,-1,,,,,,,,,,,10,,6,21,12,23,5,14,2,0,1,1,0.7,1338.0
19021,2026-10-02,,,,,,,,0,0,1447.0,8.7,8.2,10.3,9.1,28.0,12.0,20.0,,,,5.6,0,,,999.8,999.6,999.7,999.7,,,,,,,89.0,31.0,71.0,64.0,-1,-1,-1,,,,,,,,,,,9,,7,22,13,23,5,14,2,1,2,1,1.6,1331.0
19204,2026-10-02,,,,,,,,0,0,1378.0,8.0,7.5,9.4,8.3,28.0,20.0,28.0,,,,5.1,0,,,999.1,999.3,999.3,999.2,,,,,,,83.0,28.0,67.0,59.0,-1,-1,-1,,,,,,,,,,,9,,7,22,12,23,5,14,,1,2,1,1.6,1309.0
19205,2026-10-02,,,,,,,,0,0,1389.0,8.4,7.6,9.5,8.5,24.0,16.0,32.0,,,,5.6,0,,,992.9,993.2,993.2,993.1,,,,,,,82.0,29.0,60.0,57.0,-1,-1,-1,,,,,,,,,,,9,,7,22,14,22,6,14,4,1,2,1,1.6,1226.0
19505,2026-10-02,,,,,,,,0,0,1434.0,8.7,11.0,8.8,9.5,20.0,8.0,12.0,,,,8.6,0,,,907.6,906.7,908.1,907.5,,,,,,,88.0,56.0,66.0,70.0,-1,-1,-1,,,,0.0,,,,,,,9,,7,17,11,18,6,12,5,1,3,1,2.2,1320.0
19700,2026-10-02,,,,,,,,0,0,,9.3,12.1,11.4,10.9,0.0,8.0,32.0,,,,3.2,0,,,958.8,957.8,958.5,958.4,,,,,,,94.0,58.0,81.0,78.0,-1,-1,-1,,,,0.0,,,,,,,8,,7,18,12,20,7,13,4,0,1,1,0.7,1242.0
19711,2026-10-02,,,,,,,,0,0,1347.0,9.4,9.6,8.8,9.3,24.0,12.0,28.0,,,,6.1,0,,,,,,,,,,,,,88.0,54.0,71.0,71.0,-1,-1,-1,,,,,,,,,,,10,,8,16,10,17,8,12,,2,2,1,2.1,1429.0
19720,2026-10-02,1.0,1.0,,4.0,3.0,,,0,0,1241.0,9.8,11.9,10.5,10.7,0.0,12.0,28.0,0,0,,4.4,0,0,0,949.0,948.8,949.5,949.1,0,0,,,,,97.0,58.0,86.0,80.0,,-1,-1,,,,,-1.0,0,-1.0,25000.0,35000.0,,8,1,7,18,10,19,6,13,4,0,1,1,0.7,1358.0
19821,2026-10-02,,,,,,,,0,0,1270.0,11.0,12.0,11.2,11.4,4.0,24.0,8.0,,,,5.0,0,,,921.6,921.6,922.2,921.8,,,,,,,100.0,58.0,84.0,81.0,-1,-1,-1,,,,,,,,,,,8,,8,18,11,19,8,14,7,1,2,1,1.6,1340.0
19911,2026-10-02,,,,,,,,0,0,1203.0,9.9,12.0,10.5,10.8,12.0,12.0,28.0,,,,6.7,0,,,966.4,965.5,966.2,966.0,,,,,,,100.0,56.0,84.0,80.0,-1,-1,-1,,,,,,,,,,,9,,7,19,10,19,6,12,5,1,2,1,1.6,1439.0
20002,2026-10-02,,,,,,,,0,0,1105.0,8.8,9.1,8.0,8.6,24.0,12.0,0.0,,,,6.2,0,,,926.0,926.3,926.5,926.3,,,,,,,96.0,50.0,77.0,74.0,-1,-1,-1,,,,,,,,,,,7,,6,16,8,16,5,11,2,1,2,0,1.2,1305.0
20011,2026-10-02,,,,,,,,0,0,1153.0,9.3,11.2,10.2,10.2,28.0,16.0,28.0,,,,6.8,0,,,,,,,,,,,,,93.0,56.0,75.0,75.0,-1,-1,-1,,,,,,,,,,,8,,7,18,12,18,6,12,3,1,2,1,1.6,1441.0
20020,2026-10-02,,,,,,,,,,,,,,,,,,,,,,0,,,,,,,,,,,,,,,,,,,,,,,,,,,,,,,,,,,,,,,,,,,
20021,2026-10-02,,,,,,,,0,0,1275.0,4.5,1.2,1.2,2.3,4.0,8.0,4.0,,,,10.1,0,,,796.9,798.1,798.2,797.7,,,,,,,46.0,11.0,12.0,23.0,-1,-1,-1,,,,0.0,,,,,,,8,,7,8,7,8,5,7,,4,5,3,6.9,1039.0
20101,2026-10-02,1.0,1.0,,8.0,9.0,,,0,0,1345.0,7.3,9.1,4.5,7.0,4.0,8.0,12.0,0,0,,6.8,0,0,0,859.9,860.9,860.9,860.6,0,0,,,,,74.0,67.0,44.0,62.0,-1,-1,-1,,,,0.0,-1.0,0,-1.0,40000.0,80000.0,,7,1,7,12,7,13,6,9,2,1,2,2,2.1,1624.0
20105,2026-10-02,,,,,,,,0,0,1135.0,8.1,11.0,7.0,8.7,4.0,20.0,8.0,,,,6.5,0,,,928.7,928.8,929.1,928.9,,,,,,,77.0,66.0,59.0,67.0,-1,-1,-1,,,,,,,,,,,7,,8,15,10,15,7,11,5,2,2,3,3.3,1858.0
20123,2026-10-02,1.0,1.0,1.0,3.0,4.0,3.0,33.0,0,0,1166.0,10.2,11.8,12.3,11.4,16.0,12.0,16.0,1,0,0,4.7,0,0,0,974.2,973.3,973.5,973.7,0,0,,,,,98.0,56.0,83.0,79.0,-1,-1,-1,,,,,-1.0,0,-1.0,10000.0,20000.0,20000.0,6,0,8,18,13,19,7,13,5,1,2,1,1.6,1454.0
20202,2026-10-02,,,,,,,,0,0,1306.0,9.6,12.1,11.2,11.0,0.0,24.0,16.0,,,,4.0,0,,,978.1,977.3,977.5,977.6,,,,,,,97.0,53.0,75.0,75.0,,-1,,,,,,,,,,,,8,,7,20,13,21,5,13,4,0,1,1,0.7,1834.0
20209,2026-10-02,,,,,,,,0,0,1347.0,9.2,8.7,11.9,9.9,8.0,8.0,24.0,,,,4.1,0,,,,,,,,,,,,,86.0,39.0,74.0,66.0,-1,-1,-1,,,,,,,,,,,10,,8,19,14,20,7,14,5,1,1,1,1.1,1407.0
20212,2026-10-02,0.0,0.0,,8.0,9.0,,,0,0,1373.0,9.2,9.4,11.9,10.2,28.0,12.0,28.0,1,0,,4.4,0,0,0,979.2,978.4,978.4,978.7,0,0,,,,,92.0,42.0,81.0,72.0,-1,-1,-1,,,,0.0,-1.0,0,-1.0,6000.0,50000.0,,10,1,7,19,13,20,6,13,3,1,1,1,1.1,1336.0
20220,2026-10-02,,,,,,,,0,0,1130.0,12.5,11.0,12.1,11.9,0.0,16.0,4.0,,,,3.1,0,,,978.9,978.1,978.1,978.4,,,,,,,99.0,53.0,90.0,81.0,-1,-1,-1,,,,,,,,,,,8,,10,18,11,19,9,14,7,0,1,1,0.7,737.0
20270,2026-10-02,,,,,,,,0,0,1116.0,8.6,10.5,11.1,10.1,4.0,20.0,28.0,,,,3.3,0,,,968.1,967.6,967.8,967.8,,,,,,,88.0,48.0,78.0,71.0,-1,-1,-1,,,,,,,,,,,9,,7,19,12,19,6,13,5,1,1,1,1.1,1105.0
20411,2026-10-02,,,,,,,,0,0,1345.0,8.1,11.9,10.5,10.2,4.0,20.0,4.0,,,,3.6,0,,,977.4,976.5,976.7,976.9,,,,,,,95.0,52.0,86.0,78.0,-1,-1,-1,,,,,,,,,,,10,,5,20,10,20,3,12,1,1,1,1,1.1,1236.0
20412,2026-10-02,,,,,,,,0,0,1392.0,7.9,9.6,9.0,8.8,16.0,8.0,16.0,,,,5.9,0,,,970.5,969.7,970.1,970.1,,,,,,,91.0,41.0,81.0,71.0,-1,-1,-1,,,,,,,,,,,10,,5,20,9,21,4,12,0,1,2,1,1.6,1306.0
20903,2026-10-02,,,,,,,,0,0,1362.0,8.7,7.8,9.7,8.7,24.0,12.0,8.0,,,,5.9,0,,,1006.7,1006.7,1006.5,1006.6,,,,,,,85.0,27.0,65.0,59.0,-1,-1,-1,,,,,,,,,,,9,,7,24,13,24,7,16,,2,1,1,1.6,911.0
21101,2026-10-02,,,,,,,,0,0,1036.0,8.8,9.1,9.8,9.2,20.0,4.0,20.0,,,,4.3,0,,,906.0,906.7,906.6,906.4,,,,,,,84.0,57.0,78.0,73.0,-1,-1,-1,,,,,,,,,,,5,,8,14,10,15,7,11,4,2,2,2,2.7,1200.0
21300,2026-10-02,0.0,0.0,0.0,5.0,5.0,4.0,47.0,0,0,1384.0,7.7,11.1,10.6,9.8,12.0,24.0,12.0,1,0,1,7.0,0,0,0,959.6,958.7,959.6,959.3,0,0,,,,,94.0,53.0,84.0,77.0,-1,-1,-1,,,,,-1.0,0,-1.0,20000.0,20000.0,25000.0,9,1,4,18,10,20,4,12,2,1,1,1,1.1,1346.0
1,2026-10-03,1.0,,0.0,5.0,0.0,1.0,20.0,0,0,1556.0,8.1,8.1,8.3,8.2,0.0,20.0,32.0,1,0,0,5.8,0,0,0,942.3,939.9,940.3,940.8,0,0,,,,,91.0,35.0,61.0,62.0,-1,-1,-1,,,,,-1.0,0,-1.0,2000.0,7000.0,6000.0,10,0,5,20,12,21,4,12,-1,0,2,1,1.2,1516.0
2,2026-10-03,0.0,0.0,0.0,1.0,1.0,1.0,10.0,0,0,1491.0,7.9,9.5,9.6,9.0,20.0,4.0,0.0,1,0,1,7.5,0,0,1,955.7,952.1,953.2,953.7,0,0,,,,,97.0,35.0,68.0,67.0,-1,-1,-1,,0,0,,-1.0,0,-1.0,30000.0,50000.0,30000.0,9,0,4,22,12,23,2,13,1,1,3,0,1.9,1340.0
3,2026-10-03,99.0,99.0,99.0,8.0,8.0,5.0,70.0,0,0,1482.0,7.9,8.1,7.7,7.9,4.0,8.0,8.0,1,0,0,8.4,0,0,0,959.6,958.8,958.4,958.9,0,0,,,,,77.0,36.0,46.0,53.0,-1,-1,-1,,0,0,,-1.0,0,-1.0,40000.0,40000.0,40000.0,11,1,7,19,15,20,7,13,1,1,2,2,2.1,1140.0
4,2026-10-03,,,,,,,,0,0,1410.0,12.0,,,,20.0,12.0,24.0,,,,4.2,0,,,999.2,997.8,997.3,998.1,,,,,,,100.0,,,,-1,-1,-1,,,,,,,,,,,9,,10,,,23,8,15,7,1,1,1,1.1,1025.0
5,2026-10-03,,,,,,,,0,0,,9.5,8.7,11.7,10.0,4.0,20.0,12.0,,,,5.8,0,,,944.0,942.1,942.7,942.9,,,,,,,92.0,36.0,76.0,68.0,0,-1,0,,,,,,,,,,,10,,8,21,14,22,6,14,,1,1,1,1.1,1400.0
6,2026-10-03,,,,,,,,0,0,1606.0,8.1,10.2,8.6,9.0,24.0,12.0,0.0,,,,5.2,0,,,926.7,925.3,925.2,925.7,,,,,,,98.0,55.0,87.0,80.0,-1,-1,-1,,,,,,,,,,,10,,4,16,7,17,3,10,0,1,2,0,1.2,1209.0
7,2026-10-03,,,,,,,,0,0,1475.0,7.3,8.0,9.0,8.1,12.0,32.0,16.0,,,,4.1,0,,,906.0,904.1,904.9,905.0,,,,,,,92.0,39.0,73.0,68.0,-1,-1,-1,,,,,,,,,,,7,,4,18,10,19,3,11,,1,1,2,1.6,1730.0
8,2026-10-03,,,,,,,,0,0,1565.0,7.3,7.0,9.1,7.8,32.0,16.0,28.0,,,,6.8,0,,,1000.1,998.4,997.9,998.8,,,,,,,85.0,26.0,67.0,59.0,-1,-1,-1,,,,,,,,,,,10,,5,22,12,23,4,14,,1,2,1,1.6,1152.0
9,2026-10-03,,,,,,,,0,0,1445.0,10.2,11.5,13.7,11.8,4.0,16.0,4.0,,,,4.2,0,,,967.7,965.5,966.2,966.5,,,,,,,91.0,44.0,84.0,73.0,-1,-1,-1,,,,,,,,,,,8,,9,22,14,23,8,15,,1,1,2,1.6,923.0
10,2026-10-03,,,,,,,,0,0,1478.0,7.5,9.3,10.3,9.0,0.0,24.0,0.0,,,,5.3,0,,,938.4,935.9,936.8,937.0,,,,,,,96.0,37.0,72.0,68.0,-1,-1,-1,,,,,,,,,,,11,,4,21,12,22,3,12,,0,1,0,0.4,1535.0
11,2026-10-03,,,,,,,,0,0,1572.0,8.9,8.2,9.4,8.8,24.0,16.0,12.0,,,,6.2,0,,,1007.6,1005.8,1005.3,1006.2,,,,,,,88.0,29.0,63.0,60.0,-1,-1,-1,,,,,,,,,,,11,,7,23,13,24,5,14,,2,2,1,2.1,1136.0
13,2026-10-03,,,,,,,,0,0,1727.0,6.4,6.4,6.8,6.5,24.0,16.0,16.0,,,,9.0,0,,,957.8,957.0,956.5,957.1,,,,,,,40.0,27.0,41.0,36.0,-1,-1,-1,,,,,,,,,,,11,,14,20,15,21,13,17,,1,2,1,1.6,1036.0
14,2026-10-03,,,,,,,,0,0,1447.0,10.4,11.7,12.3,11.5,12.0,32.0,12.0,,,,9.1,0,,,967.6,963.6,964.9,965.4,,,,,,,99.0,44.0,74.0,72.0,-1,-1,-1,,,,,,,,,,,8,,8,22,15,22,7,15,8,1,2,2,2.1,1525.0
15,2026-10-03,,,,,,,,,,1316.0,15.9,16.5,13.2,15.2,8.0,28.0,8.0,,,,,0,,,977.4,976.8,976.3,976.8,,,,,,,93.0,67.0,75.0,78.0,-1,,-1,,,,,,,,,,,8,,15,21,16,,,,11,1,1,2,1.6,
16,2026-10-03,,,,,,,,0,0,1479.0,8.0,9.3,10.1,9.1,0.0,12.0,12.0,,,,5.9,0,,,873.0,870.9,871.6,871.8,,,,,,,83.0,42.0,70.0,65.0,-1,-1,-1,,,,0.0,,,,,,,8,,6,19,12,20,6,13,,0,1,2,1.2,1315.0
17,2026-10-03,,,,,,,,0,0,1441.0,7.7,7.7,9.0,8.1,24.0,8.0,20.0,,,,7.9,0,,,,,,,,,,,,,93.0,29.0,65.0,62.0,-1,-1,-1,,,,,,,,,,,10,,4,22,12,23,3,13,,1,2,1,1.6,1448.0
18,2026-10-03,,,,,,,,0,0,1576.0,8.3,8.0,7.3,7.9,8.0,16.0,12.0,,,,9.6,0,,,1012.0,1010.0,1009.6,1010.5,,,,,,,64.0,27.0,35.0,42.0,-1,-1,-1,,,,,,,,,,,11,,11,24,18,25,8,17,6,2,3,2,3.3,1329.0
19,2026-10-03,,,,,,,,0,0,,7.7,10.6,10.2,9.5,0.0,8.0,32.0,,,,4.6,0,,,959.9,956.4,957.0,957.8,,,,,,,94.0,47.0,78.0,73.0,-1,-1,-1,,,,0.0,,,,,,,11,,4,19,11,21,4,12,1,0,1,1,0.7,1308.0
20,2026-10-03,,,,,,,,0,0,1436.0,11.5,14.6,14.2,13.4,0.0,32.0,4.0,,,,6.7,0,,,917.6,916.2,916.9,916.9,,,,,,,93.0,59.0,79.0,77.0,-1,-1,-1,,,,,,,,,,,8,,10,21,16,22,9,15,7,0,2,1,1.2,1322.0
21,2026-10-03,,,,0.0,0.0,0.0,0.0,0,0,1501.0,7.1,10.3,10.7,9.4,8.0,24.0,12.0,1,0,0,7.5,0,0,0,960.4,957.8,958.1,958.8,0,0,,,,,95.0,48.0,85.0,76.0,-1,-1,-1,,,,,-1.0,0,-1.0,15000.0,40000.0,30000.0,9,1,3,19,10,20,3,11,0,1,2,1,1.6,1330.0
22,2026-10-03,,,,,,,,0,0,1502.0,8.6,7.3,7.7,7.9,32.0,16.0,4.0,,,,10.7,0,,,1009.7,1007.5,1007.4,1008.2,,,,,,,75.0,24.0,46.0,48.0,-1,-1,-1,0,0,0,,,,,,,,11,,9,24,15,25,8,16,7,1,3,1,2.2,1455.0
23,2026-10-03,,,,,,,,0,0,1400.0,12.1,14.8,14.7,13.9,4.0,16.0,24.0,,,,4.3,0,,,992.6,991.6,991.1,991.8,,,,,,,100.0,63.0,73.0,79.0,-1,-1,-1,,,,,,,,,,,8,,10,20,18,21,9,15,7,1,1,1,1.1,1111.0
24,2026-10-03,2.0,,,8.0,,,,0,0,1287.0,14.5,16.0,13.3,14.6,0.0,32.0,12.0,0,,,6.7,0,0,0,977.8,976.5,976.5,976.9,0,0,,,,,95.0,59.0,69.0,74.0,-1,-1,-1,,,,,-1.0,0,-1.0,20000.0,,,8,0,13,23,17,23,13,18,11,0,2,1,1.2,1301.0
25,2026-10-03,,,,0.0,0.0,0.0,0.0,0,0,1587.0,7.3,7.0,7.0,7.1,32.0,16.0,24.0,0,0,0,7.4,0,0,0,913.2,912.3,912.1,912.5,0,0,,,,,60.0,33.0,53.0,49.0,-1,-1,-1,,,,,-1.0,0,-1.0,25000.0,50000.0,20000.0,10,0,10,18,11,19,7,13,2,1,2,1,1.6,1147.0
26,2026-10-03,,,,,,,,0,0,1552.0,8.7,10.2,10.6,9.8,12.0,16.0,12.0,,,,5.0,0,,,966.6,965.6,965.6,965.9,,,,,,,96.0,42.0,84.0,74.0,-1,-1,-1,,,,,,,,,,,10,,6,21,11,22,5,14,,1,1,1,1.1,1445.0
27,2026-10-03,,,,,,,,0,0,,12.5,12.8,13.5,12.9,32.0,4.0,12.0,,,,3.2,0,,,,,,,,,,,,,100.0,56.0,76.0,77.0,-1,,-1,,,,,,,,,,,7,,10,20,16,21,10,15,,1,1,1,1.1,1304.0
28,2026-10-03,,,,,,,,0,0,1314.0,9.9,11.1,12.0,11.0,12.0,20.0,20.0,,,,12.2,0,,,855.1,853.6,854.5,854.4,,,,,,,91.0,59.0,84.0,78.0,-1,-1,-1,,,,,,,,,,,7,,8,17,12,18,8,13,9,1,4,3,4.1,1554.0
30,2026-10-03,,,,,,,,,,,8.3,7.7,9.4,8.5,,,,,,,,0,,,988.8,987.0,986.8,987.5,,,,,,,83.0,29.0,60.0,57.0,-1,-1,-1,,,,,,,,,,,,,7,22,14,23,6,15,4,,,,,
31,2026-10-03,,,,,,,,0,0,1512.0,8.4,7.2,7.6,7.7,28.0,12.0,12.0,,,,9.5,0,,,1013.4,1011.3,1011.0,1011.9,,,,,,,77.0,24.0,40.0,47.0,-1,-1,-1,,,,,,,,,,,11,,8,24,17,24,5,15,0,1,3,1,2.2,1352.0
32,2026-10-03,,,,,,,,0,0,1531.0,9.1,6.6,7.5,7.7,20.0,12.0,24.0,,,,9.2,0,,,1006.2,1003.8,1003.7,1004.6,,,,,,,77.0,22.0,43.0,47.0,-1,-1,-1,,,,,,,,,,,11,,10,24,15,25,5,15,0,1,3,2,2.8,1406.0
36,2026-10-03,,,,,,,,0,0,1619.0,6.5,6.4,6.7,6.5,16.0,12.0,4.0,,,,10.5,0,,,922.6,922.0,921.8,922.1,,,,,,,41.0,27.0,46.0,38.0,-1,-1,-1,,,,,,,,,,,11,,14,20,13,22,11,16,,3,4,1,4.1,1400.0
37,2026-10-03,,,,,,,,0,0,1536.0,8.3,8.6,7.7,8.2,24.0,12.0,12.0,,,,10.8,0,,,1001.4,999.7,999.1,1000.1,,,,,,,74.0,31.0,38.0,48.0,-1,-1,-1,,,,,,,,,,,11,,9,23,18,23,6,15,3,1,3,1,2.2,1207.0
38,2026-10-03,,,,,,,,0,0,1502.0,12.6,13.3,14.3,13.4,16.0,16.0,32.0,,,,7.7,0,,,940.7,937.5,938.6,938.9,,,,,,,98.0,44.0,71.0,71.0,-1,-1,-1,,,,,,,,,,,9,,11,24,18,25,11,18,,1,1,1,1.1,1605.0
39,2026-10-03,0.0,0.0,0.0,3.0,2.0,6.0,37.0,0,0,1445.0,12.1,13.5,15.2,13.6,4.0,8.0,32.0,1,0,0,7.1,0,0,0,959.1,956.3,957.1,957.5,0,0,,,,,95.0,46.0,75.0,72.0,,-1,-1,0,0,0,,-1.0,0,-1.0,8000.0,11000.0,5000.0,10,1,11,24,18,24,10,17,7,1,2,1,1.6,1622.0
40,2026-10-03,,,,,,,,0,0,1508.0,7.6,9.8,10.3,9.2,12.0,20.0,12.0,,,,6.6,0,,,950.7,947.5,948.4,948.9,,,,,,,92.0,38.0,71.0,67.0,-1,-1,-1,,,,,,,,,,,10,,4,22,13,23,4,13,2,1,1,3,2.2,1810.0
42,2026-10-03,,,,,,,,0,0,1456.0,13.1,14.8,15.0,14.3,20.0,8.0,4.0,,,,10.5,0,,,968.1,965.3,966.0,966.5,,,,,,,93.0,55.0,69.0,72.0,-1,-1,-1,,,,,,,,,,,9,,12,22,19,23,12,17,,1,3,3,3.4,1428.0
43,2026-10-03,,,,,,,,0,0,1463.0,6.6,9.7,8.9,8.4,0.0,20.0,0.0,,,,4.8,0,,,879.3,877.9,878.8,878.7,,,,,,,78.0,52.0,81.0,70.0,-1,-1,-1,,,,0.0,,,,,,,7,,5,17,8,17,4,10,0,0,2,0,0.9,1255.0
44,2026-10-03,,,,,,,,0,0,1478.0,6.8,8.5,9.2,8.2,0.0,12.0,24.0,,,,7.3,0,,,946.0,942.9,943.6,944.2,,,,,,,92.0,38.0,76.0,69.0,-1,-1,-1,,,,,,,,,,,9,,3,19,10,20,2,11,0,0,3,1,1.9,1223.0
46,2026-10-03,,,,,,,,0,0,1505.0,9.5,8.4,8.9,8.9,16.0,0.0,28.0,,,,4.6,0,,,1006.6,1004.5,1004.1,1005.1,,,,,,,87.0,30.0,65.0,61.0,-1,-1,-1,,,,,,,,,,,11,,8,23,12,24,5,15,2,1,0,1,0.7,946.0
47,2026-10-03,,,,,,,,0,0,1484.0,10.1,10.2,11.9,10.7,20.0,12.0,24.0,,,,3.3,0,,,914.8,913.1,913.5,913.8,,,,,,,90.0,45.0,82.0,72.0,-1,-1,-1,,,,,,,,,,,8,,9,20,13,21,9,15,8,1,1,1,1.1,1427.0
48,2026-10-03,1.0,0.0,0.0,10.0,2.0,1.0,43.0,0,0,1573.0,8.5,10.6,11.0,10.0,28.0,16.0,28.0,1,0,0,4.7,0,0,1,980.2,977.4,976.8,978.1,0,0,,,,,96.0,47.0,77.0,73.0,-1,-1,-1,,,,0.0,-1.0,0,-1.0,300.0,50000.0,40000.0,9,1,5,20,12,21,5,13,2,1,2,1,1.6,1241.0
49,2026-10-03,,,,,,,,,,,7.7,6.8,8.3,7.6,,16.0,0.0,,,,,0,,,,,,,,,,,,,92.0,24.0,59.0,58.0,-1,-1,-1,,,,,,,,,,,10,,4,23,12,24,2,13,-2,,2,0,,
50,2026-10-03,,,,,,,,0,0,1312.0,11.6,12.6,14.4,12.9,12.0,4.0,24.0,,,,7.1,0,,,936.9,933.6,934.8,935.1,,,,,,,83.0,43.0,74.0,67.0,-1,-1,-1,,,,,,,,,,,7,,12,24,17,24,12,18,11,3,1,2,2.8,632.0
51,2026-10-03,99.0,99.0,,8.0,4.0,0.0,40.0,0,0,1528.0,9.3,7.9,7.4,8.2,24.0,12.0,4.0,0,0,0,11.8,0,0,0,1009.7,1007.8,1007.3,1008.3,0,0,,,,,74.0,27.0,36.0,46.0,-1,-1,-1,,0,0,,-1.0,0,-1.0,60000.0,60000.0,30000.0,11,0,10,24,18,24,7,16,5,1,4,2,3.5,1243.0
52,2026-10-03,,,,,,,,0,0,1497.0,8.5,8.6,8.9,8.7,28.0,12.0,24.0,,,,6.7,0,,,1006.4,1004.4,1004.0,1004.9,,,,,,,77.0,30.0,55.0,54.0,-1,-1,-1,,,,,,,,,,,9,,9,23,14,24,8,16,7,3,1,1,2.2,525.0
53,2026-10-03,,,,,,,,0,0,1610.0,,7.8,7.6,,28.0,16.0,16.0,,,,6.4,0,,,969.7,968.6,968.2,968.8,,,,,,,48.0,31.0,41.0,40.0,-1,-1,-1,,,,,,,,,,,11,,,21,16,,,,8,1,1,1,1.1,1034.0
54,2026-10-03,,,,,,,,0,0,1575.0,9.4,7.5,9.6,8.8,28.0,12.0,24.0,,,,6.4,0,,,1000.7,998.5,998.1,999.1,,,,,,,93.0,28.0,71.0,64.0,-1,-1,-1,,,,,,,,,,,11,,7,22,12,23,4,14,1,1,2,1,1.6,1318.0
55,2026-10-03,,,,,,,,0,0,1527.0,8.1,10.2,10.6,9.6,8.0,12.0,24.0,,,,8.1,0,,,955.2,951.6,952.6,953.1,,,,,,,95.0,42.0,75.0,71.0,-1,-1,-1,,,,0.0,,,,,,,10,,5,21,12,21,4,13,1,1,2,1,1.6,1521.0
56,2026-10-03,,,,,,,,0,0,1296.0,12.2,11.5,13.0,12.2,16.0,16.0,28.0,,,,4.9,0,,,999.1,997.8,997.6,998.2,,,,,,,94.0,48.0,78.0,73.0,-1,-1,-1,,,,,,,,,,,8,,11,21,15,22,10,16,8,1,1,1,1.1,1028.0
57,2026-10-03,,,,,,,,0,0,1340.0,7.8,8.2,8.5,8.2,0.0,12.0,12.0,,,,6.5,0,,,965.4,964.3,964.0,964.6,,,,,,,83.0,32.0,59.0,58.0,-1,-1,-1,,,,,,,,,,,10,,6,22,13,22,6,14,4,0,1,1,0.7,1054.0
58,2026-10-03,,,,0.0,0.0,0.0,0.0,0,0,1518.0,7.7,8.0,7.6,7.8,24.0,16.0,16.0,0,0,0,9.5,0,0,0,1007.8,1006.2,1005.8,1006.6,0,0,,,,,74.0,27.0,39.0,47.0,-1,-1,-1,0,0,0,,-1.0,0,-1.0,7000.0,16000.0,8000.0,10,0,8,24,17,24,3,14,1,1,2,2,2.1,1222.0
59,2026-10-03,,,,,,,,0,0,1554.0,7.7,8.0,8.7,8.1,12.0,16.0,0.0,,,,9.2,0,,,930.7,929.5,929.8,930.0,,,,,,,90.0,34.0,68.0,64.0,-1,-1,-1,,,,,,,,,,,10,,5,20,11,21,4,12,2,2,3,0,2.4,1050.0
60,2026-10-03,,,,,,,,0,0,1367.0,14.5,14.9,14.5,14.6,12.0,24.0,0.0,,,,4.7,0,,,970.3,969.7,969.7,969.9,,,,,,,97.0,61.0,83.0,80.0,-1,-1,-1,,,,,,,,,,,,,13,21,15,21,13,17,,1,1,0,0.7,1335.0
61,2026-10-03,,,,,,,,0,0,1363.0,11.0,13.6,13.4,12.7,0.0,0.0,24.0,,,,4.6,0,,,955.7,953.3,954.2,954.4,,,,,,,94.0,50.0,80.0,75.0,-1,-1,-1,,,,0.0,,,,,,,8,,9,23,15,23,9,16,4,0,0,1,0.4,1620.0
62,2026-10-03,,,,0.0,0.0,0.0,0.0,0,0,1629.0,8.2,10.3,10.4,9.6,32.0,16.0,32.0,1,0,0,4.2,0,0,0,,,,,0,0,,,,,90.0,45.0,75.0,70.0,-1,-1,-1,,,,,-1.0,0,-1.0,60000.0,60000.0,60000.0,10,1,6,20,12,21,5,13,3,1,1,2,1.6,1257.0
63,2026-10-03,,,,,,,,0,0,1630.0,6.9,6.8,6.9,6.9,20.0,16.0,24.0,,,,12.7,0,,,917.6,917.0,916.8,917.1,,,,,,,47.0,35.0,48.0,43.0,-1,-1,-1,,,,,,,,,,,10,,13,17,12,18,11,14,6,3,3,3,4.6,753.0
64,2026-10-03,,,,,,,,0,0,1555.0,6.9,7.7,8.3,7.6,28.0,20.0,28.0,,,,7.8,0,,,932.4,929.9,930.2,930.8,,,,,,,95.0,35.0,71.0,67.0,-1,-1,-1,,,,,,,,,,,10,,3,19,9,19,2,11,,1,3,1,2.2,1427.0
65,2026-10-03,,,,,,,,0,0,1417.0,8.0,8.5,7.8,8.1,24.0,16.0,12.0,,,,8.1,0,,,1017.8,1015.6,1015.2,1016.2,,,,,,,79.0,29.0,44.0,51.0,-1,-1,-1,,,,,,,,,,,,,7,24,16,24,6,15,,1,2,1,1.6,1348.0
66,2026-10-03,0.0,0.0,0.0,1.0,4.0,1.0,20.0,0,0,1138.0,7.0,7.6,7.8,7.5,16.0,4.0,16.0,1,0,0,7.7,0,0,0,818.2,817.4,818.1,817.9,0,0,,,,,72.0,41.0,71.0,61.0,-1,-1,-1,,,,0.0,-1.0,0,-1.0,100000.0,100000.0,5000.0,5,1,7,16,8,17,6,12,,1,2,1,1.6,1200.0
67,2026-10-03,,,,,,,,0,0,1452.0,7.6,7.7,7.2,7.5,12.0,12.0,12.0,,,,15.0,0,,,977.0,976.0,975.6,976.2,,,,,,,56.0,33.0,37.0,42.0,-1,-1,-1,,,,,,,,,,,11,,12,20,17,21,11,16,9,4,5,4,7.6,1131.0
68,2026-10-03,,,,,,,,0,0,1575.0,7.0,7.0,7.8,7.3,8.0,12.0,8.0,,,,9.0,0,,,837.9,837.7,837.8,837.8,,,,,,,86.0,41.0,69.0,65.0,-1,-1,-1,,,,,,,,,,,10,,4,15,9,16,4,10,,3,3,2,3.9,111.0
69,2026-10-03,,,,,,,,0,0,1532.0,8.0,9.5,10.0,9.2,24.0,12.0,28.0,,,,5.4,0,,,952.7,949.9,950.5,951.0,,,,,,,93.0,43.0,78.0,71.0,,,,,,,,,,,,,,10,,5,19,11,20,4,12,0,1,2,1,1.6,1229.0
70,2026-10-03,,,,,,,,0,0,1597.0,8.8,7.1,8.4,8.1,0.0,12.0,8.0,,,,10.3,0,,,1007.0,1005.5,1004.8,1005.8,,,,,,,72.0,25.0,54.0,50.0,-1,-1,-1,,,,,,,,,,,11,,10,23,14,23,6,15,4,0,3,2,2.4,1248.0
71,2026-10-03,,,,,,,,0,0,1651.0,7.5,8.4,8.5,8.1,8.0,20.0,8.0,,,,5.5,0,,,910.2,909.5,909.1,909.6,,,,,,,69.0,43.0,65.0,59.0,-1,-1,-1,,,,0.0,,,,,,,11,,8,17,11,18,7,12,6,2,2,1,2.1,1226.0
72,2026-10-03,,,,,,,,0,0,,6.3,7.5,7.9,7.2,24.0,12.0,24.0,,,,8.9,0,,,962.4,960.4,960.9,961.2,,,,,,,89.0,26.0,66.0,60.0,-1,-1,-1,,,,,,,,,,,9,,2,23,10,24,2,13,0,1,2,1,1.6,1140.0
73,2026-10-03,,,,,,,,0,0,1626.0,6.9,9.7,9.5,8.7,20.0,12.0,0.0,,,,3.4,0,,,934.8,931.9,933.1,933.3,,,,,,,99.0,38.0,85.0,74.0,-1,-1,-1,,,,,,,,,,,11,,2,22,9,22,1,12,1,1,1,0,0.7,1130.0
75,2026-10-03,,,,,,,,0,0,1081.0,14.9,15.0,14.7,14.9,8.0,24.0,32.0,,,,4.9,0,,,983.2,982.3,982.2,982.6,,,,,,,100.0,56.0,85.0,80.0,-1,-1,-1,,,,,,,,,,,6,,13,22,15,23,13,18,12,1,1,1,1.1,1509.0
76,2026-10-03,,,,,,,,0,0,1173.0,14.4,15.0,15.0,14.8,16.0,28.0,8.0,,,,9.4,0,,,932.5,931.3,931.8,931.9,,,,,,,96.0,66.0,84.0,82.0,,-1,-1,,,,,,,,,,,5,,13,20,16,20,13,16,12,1,3,1,2.2,1410.0
77,2026-10-03,0.0,0.0,0.0,1.0,1.0,1.0,,0,0,1488.0,10.6,11.2,11.9,11.2,4.0,16.0,8.0,0,0,0,6.7,0,,0,958.0,957.5,957.3,957.6,,,,,,,81.0,46.0,68.0,65.0,-1,-1,-1,,,,,,0,-1.0,10000.0,10000.0,10000.0,11,,11,21,15,21,9,15,6,2,2,1,2.1,102.0
78,2026-10-03,,0.0,,0.0,1.0,0.0,3.0,0,0,1206.0,6.7,10.1,9.5,8.8,16.0,32.0,16.0,1,0,0,5.0,0,0,0,922.6,920.0,921.3,921.3,0,0,,,,,88.0,43.0,82.0,71.0,,-1,,,,,,-1.0,0,-1.0,25000.0,25000.0,20000.0,6,1,3,20,9,21,3,12,-1,1,2,1,1.6,1300.0
80,2026-10-03,,,,,,,,0,0,1535.0,8.7,7.4,8.8,8.3,0.0,24.0,24.0,,,,7.2,0,,,973.6,971.6,972.0,972.4,,,,,,,92.0,26.0,67.0,62.0,-1,-1,-1,0,0,0,,,,,,,,11,,6,23,11,24,4,14,2,0,2,1,1.2,928.0
81,2026-10-03,,,,,,,,0,0,1528.0,8.2,7.5,7.7,7.8,4.0,12.0,4.0,,,,10.3,0,,,993.3,991.8,991.3,992.1,,,,,,,59.0,28.0,38.0,42.0,-1,-1,-1,,,,,,,,,,,11,,12,22,18,23,11,17,9,3,3,2,3.9,1154.0
82,2026-10-03,0.0,0.0,0.0,1.0,2.0,1.0,13.0,0,0,1604.0,2.3,,7.0,,16.0,16.0,20.0,0,0,0,13.3,0,0,0,781.6,781.9,781.9,781.8,0,0,,,,,23.0,42.0,67.0,44.0,-1,-1,-1,0,0,0,,-1.0,0,-1.0,50000.0,50000.0,45000.0,8,0,7,,8,13,5,9,,3,2,1,2.8,0.0
83,2026-10-03,,,,,,,,0,0,1513.0,9.2,11.6,11.8,10.9,24.0,12.0,8.0,,,,5.9,0,,,918.1,916.2,916.9,917.1,,,,,,,82.0,60.0,85.0,76.0,-1,-1,-1,,,,,,,,,,,8,,9,17,12,18,9,13,7,1,1,1,1.1,1620.0
85,2026-10-03,,,,,,,,0,0,1698.0,4.7,8.8,9.3,7.6,16.0,28.0,32.0,,,,5.6,0,,,816.4,816.8,816.8,816.7,,,,,,,33.0,54.0,74.0,54.0,-1,-1,-1,,,,,,,,,,,11,,12,14,10,15,7,11,,2,1,1,1.6,8.0
86,2026-10-03,,,,,,,,0,0,1613.0,6.5,6.2,6.3,6.3,16.0,16.0,16.0,,,,8.7,0,,,869.7,869.6,869.2,869.5,,,,,,,57.0,44.0,55.0,52.0,-1,-1,-1,,,,,,,,,,,9,,9,12,9,13,8,10,,3,2,2,3.3,933.0
87,2026-10-03,,,,,,,,0,0,1385.0,12.2,12.8,12.8,12.6,16.0,4.0,32.0,,,,7.4,0,,,895.7,894.3,895.2,895.1,,,,,,,92.0,55.0,81.0,76.0,-1,-1,-1,,,,0.0,,,,,,,9,,11,20,14,20,9,14,7,1,2,1,1.6,1548.0
88,2026-10-03,,,,,,,,0,0,1581.0,7.6,6.9,6.7,7.1,20.0,20.0,20.0,,,,9.8,0,,,917.5,916.5,916.4,916.8,,,,,,,93.0,33.0,48.0,58.0,-1,-1,-1,0,0,0,,,,,,,,10,,4,18,12,19,4,11,3,4,3,3,5.3,853.0
89,2026-10-03,,,,,,,,0,0,1580.0,6.4,8.6,9.1,8.0,0.0,12.0,4.0,,,,5.6,0,,,971.4,969.9,969.9,970.4,,,,,,,96.0,36.0,84.0,72.0,-1,-1,-1,,,,,,,,,,,10,,1,20,8,21,1,11,0,0,1,1,0.7,1142.0
90,2026-10-03,,,,,,,,0,0,1418.0,8.2,10.2,11.0,9.8,0.0,12.0,32.0,,,,3.5,0,,,985.5,982.5,982.4,983.5,,,,,,,100.0,40.0,86.0,75.0,-1,-1,-1,,,,,,,,,,,9,,4,21,11,22,4,13,3,0,1,1,0.7,1308.0
91,2026-10-03,,,,,,,,0,0,1534.0,8.0,10.3,8.5,8.9,0.0,16.0,12.0,,,,3.9,0,,,971.4,968.8,968.5,969.6,,,,,,,90.0,46.0,78.0,71.0,-1,-1,-1,,,,,,,,,,,11,,5,19,8,20,3,12,-1,0,1,1,0.7,1112.0
92,2026-10-03,,,,,,,,0,0,1333.0,8.3,7.8,9.1,8.4,0.0,12.0,24.0,,,,10.8,0,,,912.2,909.1,910.0,910.4,,,,,,,100.0,37.0,84.0,74.0,-1,-1,-1,,,,,,,,,,,,,4,18,8,19,2,11,,0,2,2,1.8,1646.0
93,2026-10-03,,,,,,,,0,0,1561.0,9.9,10.1,9.9,10.0,8.0,4.0,4.0,,,,5.3,0,,,998.6,996.7,996.3,997.2,,,,,,,92.0,38.0,59.0,63.0,-1,-1,-1,,,,,,,,,,,11,,8,22,15,23,8,15,7,1,2,1,1.6,1536.0
94,2026-10-03,,,,,,,,0,0,1760.0,8.1,7.4,7.8,7.8,28.0,16.0,28.0,,,,6.2,0,,,946.9,946.0,945.8,946.2,,,,,,,64.0,30.0,60.0,51.0,-1,-1,-1,,,,,,,,,,,11,,10,21,11,21,8,14,5,2,1,2,2.1,1149.0
95,2026-10-03,,,,,,,,0,0,1539.0,8.6,10.8,11.1,10.2,32.0,20.0,32.0,,,,5.7,0,,,978.7,975.8,975.7,976.7,,,,,,,99.0,45.0,79.0,74.0,-1,-1,-1,,,,,,,,,,,10,,5,21,12,21,4,13,1,1,2,1,1.6,1400.0
97,2026-10-03,,,,,,,,0,0,1600.0,7.0,8.1,7.4,7.5,16.0,12.0,8.0,,,,7.3,0,,,885.9,884.8,884.8,885.2,,,,,,,82.0,43.0,53.0,59.0,-1,-1,-1,,,,0.0,,,,,,,10,,5,17,12,17,3,10,,1,3,2,2.8,1457.0
98,2026-10-03,2.0,,,10.0,0.0,0.0,33.0,0,0,1468.0,8.1,9.9,9.3,9.1,32.0,16.0,32.0,0,0,0,5.9,0,0,1,915.7,912.3,913.3,913.8,0,0,,,,,97.0,42.0,73.0,71.0,-1,-1,-1,0,0,0,,-1.0,0,-1.0,200.0,50000.0,15000.0,7,1,4,20,11,20,3,12,0,1,1,1,1.1,1610.0
100,2026-10-03,0.0,0.0,0.0,1.0,1.0,1.0,10.0,0,0,1541.0,9.2,11.0,11.9,10.7,16.0,12.0,4.0,1,0,0,4.7,0,0,0,975.1,972.1,972.1,973.1,0,0,,,,,97.0,49.0,82.0,76.0,-1,-1,-1,,,,,-1.0,0,-1.0,10000.0,25000.0,5000.0,10,0,6,19,13,21,5,13,3,1,2,1,1.6,1325.0
101,2026-10-03,,,,,,,,0,0,1337.0,11.8,14.6,13.1,13.2,12.0,16.0,0.0,,,,4.9,0,,,985.9,984.5,984.6,985.0,,,,,,,97.0,58.0,92.0,82.0,-1,-1,-1,,,,,,,,,,,8,,10,21,12,22,10,16,,1,1,0,0.7,255.0
102,2026-10-03,,,,,,,,0,0,1669.0,9.6,10.4,10.0,10.0,4.0,24.0,4.0,,,,4.5,0,,,922.5,920.3,920.9,921.2,,,,,,,100.0,45.0,77.0,74.0,-1,-1,-1,,,,,,,,,,,,,6,20,11,21,6,13,4,1,1,1,1.1,1232.0
103,2026-10-03,,,,,,,,0,0,1596.0,6.7,8.4,9.5,8.2,24.0,8.0,20.0,,,,4.8,0,,,950.2,947.6,948.0,948.6,,,,,,,99.0,37.0,92.0,76.0,-1,-1,-1,,,,,,,,,,,10,,1,20,7,20,1,10,0,1,2,1,1.6,1353.0
104,2026-10-03,,,,,,,,0,0,1451.0,,,,,0.0,32.0,8.0,,,,5.0,0,,,,,,,,,,,,,,,,,-1,-1,-1,,,,,,,,,,,,,,,,,,,8,0,1,1,0.7,1341.0
105,2026-10-03,,,,,,,,0,0,1615.0,9.3,8.1,6.9,8.1,12.0,12.0,12.0,,,,12.8,0,,,1006.5,1004.4,1004.0,1005.0,,,,,,,79.0,27.0,33.0,46.0,-1,-1,-1,,,,,,,,,,,11,,9,24,18,24,8,16,3,1,4,3,4.1,1229.0
106,2026-10-03,,,,,,,,0,0,1503.0,8.6,8.2,8.6,8.5,0.0,12.0,28.0,,,,10.8,0,,,1004.1,1002.0,1001.8,1002.6,,,,,,,91.0,28.0,58.0,59.0,-1,-1,-1,,,,,,,,,,,11,,6,24,13,24,4,14,,0,2,1,1.2,1240.0
107,2026-10-03,,,,,,,,0,0,1609.0,8.6,7.3,6.9,7.6,16.0,12.0,12.0,,,,12.1,0,,,1007.7,1005.5,1005.3,1006.2,,,,,,,70.0,24.0,34.0,43.0,-1,-1,-1,,,,,,,,,,,11,,10,24,18,25,8,16,4,2,4,3,4.7,1122.0
108,2026-10-03,,,,,,,,0,0,,9.6,12.4,13.5,11.8,12.0,24.0,8.0,,,,5.8,0,,,960.2,958.2,959.1,959.2,,,,,,,100.0,47.0,88.0,78.0,-1,,-1,,,,,,,,,,,,,6,22,13,22,6,14,7,1,1,1,1.1,1559.0
109,2026-10-03,,,,,,,,0,0,,12.4,14.8,14.5,13.9,28.0,20.0,0.0,,,,6.8,0,,,966.5,964.7,965.3,965.5,,,,,,,91.0,55.0,82.0,76.0,-1,-1,-1,,,,,,,,,,,10,,12,22,16,22,11,17,,1,1,0,0.7,1401.0
111,2026-10-03,2.0,1.0,2.0,10.0,8.0,8.0,87.0,0,0,1109.0,14.8,13.9,13.5,14.1,8.0,8.0,4.0,1,0,1,6.8,0,0,0,957.6,957.1,957.0,957.2,0,0,,,,,100.0,68.0,72.0,80.0,-1,-1,-1,0,0,0,,-1.0,0,-1.0,300.0,6000.0,15000.0,5,0,13,18,17,19,13,16,12,1,2,1,1.6,1230.0
112,2026-10-03,0.0,0.0,0.0,6.0,4.0,4.0,47.0,0,0,1508.0,7.6,6.6,6.9,7.0,12.0,16.0,16.0,0,0,0,11.9,0,0,0,997.7,995.4,995.5,996.2,0,0,,,,,76.0,22.0,34.0,44.0,-1,-1,-1,,0,0,,-1.0,0,-1.0,45000.0,45000.0,30000.0,11,1,7,24,18,25,4,14,1,1,4,2,3.5,1236.0
113,2026-10-03,,,,,,,,0,0,,9.7,10.9,11.1,10.6,12.0,8.0,12.0,,,,4.3,0,,,943.3,940.5,941.5,941.8,,,,,,,90.0,46.0,81.0,72.0,-1,-1,-1,,,,,,,,,,,,,8,20,12,21,7,14,,2,1,1,1.6,1326.0
115,2026-10-03,0.0,0.0,0.0,4.0,2.0,2.0,27.0,0,0,1543.0,7.1,7.7,8.0,7.6,24.0,20.0,24.0,1,0,0,4.2,0,0,1,953.8,950.7,951.0,951.8,0,0,,,,,94.0,31.0,59.0,61.0,-1,-1,-1,0,0,0,,-1.0,0,-1.0,500.0,30000.0,20000.0,11,0,3,21,12,22,2,12,-2,1,1,1,1.1,1444.0
116,2026-10-03,,,,,,,,0,0,1630.0,8.9,8.6,10.4,9.3,0.0,12.0,24.0,,,,5.3,0,,,990.3,988.4,988.1,988.9,,,,,,,92.0,33.0,78.0,68.0,-1,-1,-1,,,,,,,,,,,11,,7,22,11,23,5,14,2,0,2,1,1.2,1338.0
118,2026-10-03,,,,,,,,0,0,1552.0,10.2,12.1,13.4,11.9,0.0,24.0,12.0,,,,4.8,0,,,941.4,939.7,940.2,940.4,,,,,,,93.0,48.0,81.0,74.0,-1,-1,-1,,,,,,,,,,,9,,8,21,15,22,8,15,6,0,2,2,1.8,1533.0
119,2026-10-03,,,,,,,,0,0,1152.0,11.5,12.8,12.8,12.4,20.0,16.0,20.0,,,,6.6,0,,,883.4,881.6,882.4,882.5,,,,,,,83.0,59.0,76.0,73.0,-1,-1,-1,,,,,,,,,,,4,,12,19,15,20,12,16,11,1,1,2,1.6,1623.0
120,2026-10-03,,,,,,,,0,0,1373.0,9.7,10.7,10.5,10.3,8.0,4.0,16.0,,,,5.9,0,,,979.1,976.3,975.9,977.1,,,,,,,100.0,44.0,67.0,70.0,-1,-1,-1,,,,0.0,,,,,,,,,7,21,14,21,6,14,4,1,1,1,1.1,1733.0
121,2026-10-03,,,,,,,,0,0,1577.0,9.3,,10.0,,12.0,12.0,12.0,,,,8.4,0,,,879.6,877.0,878.1,878.2,,,,,,,79.0,42.0,68.0,63.0,-1,-1,-1,,,,,,,,,,,9,,9,,13,21,8,14,5,3,3,2,3.9,1448.0
122,2026-10-03,0.0,0.0,,2.0,2.0,,,0,0,1802.0,8.0,9.6,5.9,7.8,8.0,8.0,8.0,0,0,,6.2,0,0,0,860.4,860.1,859.9,860.1,0,0,,,,,85.0,63.0,52.0,67.0,-1,-1,-1,,,,0.0,-1.0,0,-1.0,40000.0,80000.0,,11,1,6,13,9,15,5,10,0,2,2,2,2.7,1133.0
124,2026-10-03,,,,,,,,0,0,1577.0,7.8,7.1,8.4,7.8,28.0,12.0,24.0,,,,5.4,0,,,931.6,929.6,929.7,930.3,,,,,,,90.0,30.0,63.0,61.0,-1,-1,-1,,,,,,,,,,,11,,5,20,11,21,1,11,0,1,1,2,1.6,1827.0
126,2026-10-03,,,,,,,,0,0,1407.0,11.3,13.4,14.7,13.1,24.0,4.0,4.0,,,,8.3,0,,,953.4,950.0,951.0,951.5,,,,,,,97.0,47.0,71.0,72.0,-1,-1,-1,,,,,,,,,,,9,,9,23,18,24,9,16,6,1,2,2,2.1,1543.0
127,2026-10-03,,,,,,,,0,0,1362.0,10.8,12.1,13.2,12.0,16.0,4.0,16.0,,,,3.7,0,,,923.5,921.9,922.4,922.6,,,,,,,85.0,52.0,81.0,73.0,-1,-1,-1,,,,,,,,,,,9,,11,20,14,21,10,15,9,1,2,1,1.6,1234.0
129,2026-10-03,2.0,,2.0,3.0,0.0,4.0,23.0,0,0,1456.0,11.7,14.8,14.2,13.6,0.0,32.0,4.0,0,0,0,6.2,0,0,0,957.5,955.4,956.4,956.4,0,0,,,,,95.0,56.0,89.0,80.0,-1,-1,-1,,,,,-1.0,0,-1.0,40000.0,60000.0,15000.0,9,1,10,22,14,22,10,16,7,0,2,1,1.2,1549.0
130,2026-10-03,,,,,,,,0,0,1618.0,6.2,8.8,8.6,7.9,24.0,8.0,8.0,,,,6.4,0,,,908.6,905.9,907.0,907.2,,,,,,,85.0,43.0,63.0,64.0,-1,-1,-1,,,,0.0,,,,,,,11,,3,18,12,18,2,10,1,1,2,1,1.6,1339.0
131,2026-10-03,,,,,,,,0,0,,12.2,15.0,15.4,14.2,12.0,28.0,16.0,,,,7.2,0,,,977.3,976.4,976.5,976.7,,,,,,,85.0,62.0,87.0,78.0,-1,-1,-1,,,,,,,,,,,10,,12,21,16,22,12,17,11,3,2,1,2.8,
132,2026-10-03,,,,,,,,0,0,1469.0,10.3,12.7,13.8,12.3,8.0,28.0,12.0,,,,5.7,0,,,970.7,968.7,969.2,969.5,,,,,,,97.0,49.0,88.0,78.0,-1,-1,-1,,,,,,,,,,,9,,8,22,14,22,7,15,4,1,2,1,1.6,1518.0
133,2026-10-03,,,,,,,,0,0,1329.0,13.7,10.9,9.3,11.3,0.0,32.0,4.0,,,,6.1,0,,,935.9,935.3,935.3,935.5,,,,,,,89.0,42.0,48.0,60.0,-1,-1,-1,,,,,,,,,,,8,,13,22,17,22,13,18,12,0,1,1,0.7,1731.0
134,2026-10-03,,,,,,,,0,0,1510.0,8.1,7.7,7.5,7.8,4.0,12.0,8.0,,,,9.8,0,,,1011.9,1010.1,1009.7,1010.6,,,,,,,66.0,26.0,39.0,44.0,-1,-1,-1,,,,,,,,,,,11,,10,24,17,24,6,15,3,1,2,1,1.6,1323.0
136,2026-10-03,,,,,,,,0,0,1229.0,9.8,11.6,12.5,11.3,12.0,32.0,12.0,,,,4.7,0,,,911.6,909.3,910.2,910.4,,,,,,,97.0,46.0,72.0,72.0,-1,-1,-1,,,,,,,,,,,6,,7,21,15,22,7,14,4,1,1,1,1.1,1256.0
137,2026-10-03,,,,,,,,0,0,1432.0,7.8,9.7,8.9,8.8,4.0,20.0,8.0,,,,4.5,0,,,909.3,907.4,908.4,908.4,,,,,,,82.0,47.0,69.0,66.0,-1,-1,-1,,,,,,,,,,,7,,6,18,11,19,6,12,5,1,2,1,1.6,1445.0
138,2026-10-03,0.0,1.0,,1.0,2.0,,,0,0,1254.0,10.0,11.4,13.3,11.6,20.0,4.0,8.0,0,0,0,9.4,0,0,0,,,,,0,0,,,,,94.0,38.0,61.0,64.0,-1,-1,-1,0,0,0,,-1.0,0,-1.0,5000.0,25000.0,5000.0,7,1,8,24,19,24,8,16,3,1,2,2,2.1,1657.0
139,2026-10-03,,,,,,,,0,0,1401.0,9.2,11.2,11.3,10.6,12.0,28.0,12.0,,,,7.2,0,,,912.4,910.2,911.4,911.3,,,,,,,80.0,49.0,76.0,68.0,-1,-1,-1,,,,,,,,,,,8,,9,20,13,20,8,14,5,2,3,1,2.8,1449.0
140,2026-10-03,,,,,,,,0,0,,7.5,8.4,7.8,7.9,32.0,16.0,32.0,,,,9.0,0,,,,,,,,,,,,,77.0,31.0,58.0,55.0,-1,-1,-1,0,0,0,,,,,,,,10,,7,23,11,23,6,14,3,2,2,1,2.1,1102.0
141,2026-10-03,,,,,,,,0,0,1133.0,15.1,15.0,14.3,14.8,0.0,24.0,20.0,,,,3.8,0,,,979.0,978.4,978.1,978.5,,,,,,,99.0,64.0,87.0,83.0,-1,-1,-1,,,,,,,,,,,,,13,20,15,21,10,16,10,0,1,1,0.7,1348.0
142,2026-10-03,0.0,0.0,0.0,8.0,3.0,4.0,50.0,0,0,1416.0,14.4,15.2,15.6,15.1,20.0,4.0,32.0,0,0,0,7.9,0,0,0,971.9,970.2,970.8,971.0,0,0,,,,,86.0,59.0,78.0,74.0,-1,-1,-1,,0,0,,-1.0,0,-1.0,3000.0,25000.0,8000.0,8,1,15,22,18,22,14,18,12,2,2,2,2.7,1452.0
144,2026-10-03,,,,,,,,0,0,,13.1,16.2,13.8,14.4,12.0,28.0,12.0,,,,6.4,0,,,977.7,976.9,976.8,977.1,,,,,,,90.0,76.0,91.0,86.0,-1,-1,-1,,,,,,,,,,,6,,13,19,13,20,12,16,10,2,2,1,2.1,2316.0
145,2026-10-03,,,,,,,,0,0,1388.0,12.6,14.6,15.0,14.1,0.0,32.0,12.0,,,,5.4,0,,,980.3,979.2,979.3,979.6,,,,,,,94.0,57.0,88.0,80.0,-1,-1,-1,,,,,,,,,,,8,,11,22,15,22,11,17,7,0,2,1,1.2,1158.0
146,2026-10-03,,,,,,,,0,0,989.0,10.7,14.4,14.3,13.1,24.0,0.0,32.0,,,,5.9,0,,,905.6,904.1,904.7,904.8,,,,,,,93.0,70.0,84.0,82.0,-1,-1,-1,,,,,,,,,,,4,,9,18,15,20,9,14,9,1,0,1,0.7,1207.0
147,2026-10-03,,,,,,,,0,0,1608.0,7.1,9.7,9.7,8.8,0.0,8.0,28.0,,,,3.8,0,,,942.0,939.2,940.1,940.4,,,,,,,89.0,40.0,69.0,66.0,-1,-1,-1,,,,,,,,,,,10,,4,21,12,21,3,12,1,0,1,1,0.7,1643.0
148,2026-10-03,,,,,,,,0,0,1511.0,8.8,9.2,8.8,8.9,16.0,8.0,16.0,,,,5.9,0,,,963.7,962.4,962.3,962.8,,,,,,,92.0,38.0,62.0,64.0,-1,-1,-1,,,,,,,,,,,11,,6,21,12,22,5,14,2,1,1,1,1.1,941.0
149,2026-10-03,,,,,,,,0,0,1260.0,6.5,9.3,8.3,8.0,24.0,16.0,24.0,,,,5.0,0,,,895.4,894.2,894.6,894.7,,,,,,,85.0,53.0,80.0,73.0,-1,-1,-1,,,,,,,,,,,6,,3,16,8,16,3,9,-1,1,1,1,1.1,1226.0
150,2026-10-03,,,,,,,,0,0,1161.0,8.4,10.7,11.0,10.0,0.0,20.0,28.0,,,,3.7,0,,,970.0,966.6,967.0,967.9,,,,,,,100.0,48.0,90.0,79.0,-1,-1,-1,,,,,,,,,,,,,4,19,10,20,3,12,0,0,1,1,0.7,1153.0
151,2026-10-03,,,,,,,,0,0,1437.0,13.5,14.3,13.3,13.7,12.0,32.0,32.0,,,,7.7,0,,,922.6,921.5,922.3,922.1,,,,,,,90.0,59.0,87.0,79.0,-1,-1,-1,,,,,,,,,,,7,,13,21,13,21,13,17,13,2,3,1,2.8,1400.0
152,2026-10-03,,,,,,,,0,0,1554.0,8.4,7.6,8.4,8.1,0.0,12.0,12.0,,,,10.1,0,,,1009.6,1007.8,1007.3,1008.2,,,,,,,76.0,26.0,44.0,49.0,,,-1,,,,,,,,,,,11,,9,24,17,24,7,15,4,0,3,2,2.4,1207.0
153,2026-10-03,,,,,,,,0,0,1282.0,7.9,7.3,7.8,7.7,12.0,16.0,12.0,,,,8.5,0,,,893.5,892.7,892.6,892.9,,,,,,,83.0,38.0,62.0,61.0,-1,-1,-1,,,,,,,,,,,8,,6,17,10,17,5,11,,2,3,1,2.8,1155.0
154,2026-10-03,,,,,,,,0,0,1527.0,8.1,7.0,8.6,7.9,0.0,12.0,16.0,,,,7.4,0,,,1000.0,998.2,997.7,998.6,,,,,,,91.0,25.0,56.0,57.0,-1,-1,-1,,,,,,,,,,,11,,5,23,13,23,3,13,-2,0,2,1,1.2,1159.0
155,2026-10-03,0.0,0.0,0.0,1.0,1.0,1.0,10.0,0,0,1428.0,9.9,9.7,11.4,10.3,16.0,32.0,16.0,0,0,0,4.0,0,0,0,995.7,994.2,993.7,994.5,0,0,,,,,94.0,38.0,76.0,69.0,-1,-1,-1,0,0,0,,-1.0,0,-1.0,40000.0,40000.0,40000.0,11,1,8,21,13,23,7,15,3,1,1,2,1.6,1203.0
156,2026-10-03,2.0,0.0,0.0,8.0,1.0,1.0,,0,0,,9.7,11.5,12.2,11.1,0.0,0.0,12.0,1,0,0,3.7,0,0,1,955.9,952.4,953.5,953.9,0,0,,,,,100.0,53.0,76.0,76.0,-1,-1,-1,,0,0,,-1.0,0,-1.0,200.0,50000.0,20000.0,,1,7,19,14,21,6,14,4,0,0,2,0.9,1830.0
157,2026-10-03,,,,,,,,0,0,1492.0,10.1,11.7,12.1,11.3,16.0,24.0,20.0,,,,5.0,0,,,946.8,946.3,946.3,946.5,,,,,,,80.0,51.0,81.0,71.0,-1,-1,-1,,,,,,,,,,,11,,10,20,13,21,8,15,4,1,2,1,1.6,1235.0
158,2026-10-03,,,,,,,,0,0,1494.0,,,,,32.0,16.0,12.0,,,,9.9,0,,,1013.6,1011.9,1011.2,1012.2,,,,,,,,,,,-1,-1,-1,,,,,,,,,,,11,,,,,,,,-1,1,3,1,2.2,1244.0
159,2026-10-03,1.0,0.0,0.0,10.0,4.0,3.0,57.0,0,0,1181.0,14.2,15.6,13.9,14.6,32.0,0.0,20.0,0,0,0,3.6,0,0,1,988.0,987.3,986.8,987.4,0,0,,,,,100.0,67.0,87.0,85.0,-1,-1,-1,0,0,0,,-1.0,0,-1.0,500.0,4000.0,3000.0,7,1,12,20,14,21,10,15,7,1,0,1,0.7,1444.0
160,2026-10-03,,,,,,,,0,0,1304.0,,13.7,12.7,,12.0,12.0,0.0,,,,4.5,0,,,987.9,986.8,986.5,987.1,,,,,,,100.0,57.0,88.0,82.0,-1,-1,-1,,,,,,,,,,,8,,,21,13,21,5,13,,1,1,0,0.7,1141.0
161,2026-10-03,,,,,,,,0,0,1512.0,10.0,9.8,9.8,9.9,24.0,12.0,20.0,,,,5.3,0,,,949.3,948.8,948.7,948.9,,,,,,,81.0,43.0,78.0,67.0,-1,-1,-1,,,,,,,,,,,10,,10,20,10,20,9,15,7,2,2,1,2.1,206.0
162,2026-10-03,,,,,,,,0,0,1235.0,14.4,15.1,13.9,14.5,0.0,28.0,16.0,,,,5.4,0,,,,,,,,,,,,,100.0,65.0,91.0,85.0,-1,-1,-1,,,,,,,,,,,6,,12,20,13,21,11,16,9,0,1,1,0.7,1400.0
163,2026-10-03,,,,,,,,0,0,1389.0,13.8,14.9,15.1,14.6,12.0,28.0,28.0,,,,6.4,0,,,973.2,972.1,972.4,972.6,,,,,,,86.0,57.0,77.0,73.0,-1,-1,-1,,,,,,,,,,,10,,14,22,17,22,14,18,,2,1,1,1.6,1320.0
164,2026-10-03,0.0,0.0,,3.0,2.0,0.0,17.0,,,1578.0,6.9,7.1,7.9,7.3,,12.0,8.0,0,0,0,,0,0,0,991.5,989.1,989.2,989.9,0,0,,,,,91.0,23.0,48.0,54.0,-1,-1,-1,,0,0,,-1.0,0,-1.0,4000.0,6000.0,6000.0,10,1,3,25,14,25,2,14,2,,1,1,,
165,2026-10-03,2.0,,0.0,10.0,0.0,3.0,43.0,0,0,1408.0,11.0,11.8,13.2,12.0,32.0,16.0,8.0,1,0,1,4.4,0,0,1,948.0,946.3,946.9,947.1,0,0,,,,,91.0,47.0,81.0,73.0,-1,-1,-1,0,0,0,,-1.0,0,-1.0,800.0,15000.0,15000.0,,0,10,21,14,22,10,16,10,1,2,1,1.6,1422.0
166,2026-10-03,,,,,,,,0,0,,9.3,9.5,10.9,9.9,28.0,12.0,4.0,,,,7.0,0,,,956.6,953.4,954.2,954.7,,,,,,,100.0,35.0,74.0,70.0,-1,-1,-1,,,,,,,,,,,9,,6,22,13,24,5,15,,1,1,1,1.1,1633.0
167,2026-10-03,,,,,,,,,,,7.1,7.6,8.3,7.7,,,,,,,,0,,,950.3,947.6,948.0,948.6,,,,,,,93.0,31.0,66.0,63.0,-1,-1,-1,,,,,,,,,,,,,3,21,10,22,3,12,,,,,,
169,2026-10-03,,,,,,,,0,0,1540.0,8.0,6.6,7.5,7.4,0.0,16.0,24.0,,,,8.3,0,,,981.4,979.5,979.6,980.2,,,,,,,77.0,21.0,52.0,50.0,-1,-1,-1,,,,,,,,,,,11,,8,25,13,26,5,15,,0,2,1,1.2,1414.0
170,2026-10-03,,,,,,,,0,0,1468.0,7.0,7.5,8.0,7.5,0.0,16.0,16.0,,,,10.9,0,,,977.7,976.2,976.2,976.7,,,,,,,95.0,29.0,59.0,61.0,-1,-1,-1,,,,,,,,,,,9,,3,22,12,,,,-1,0,2,1,1.2,1147.0
171,2026-10-03,,,,,,,,0,0,1384.0,15.0,15.5,15.1,15.2,28.0,28.0,0.0,,,,4.6,0,,,980.9,980.0,979.6,980.2,,,,,,,98.0,58.0,84.0,80.0,,-1,-1,,,,,,,,,,,8,,13,22,16,22,13,18,11,1,1,0,0.7,1155.0
172,2026-10-03,,,,,,,,0,0,1068.0,12.9,14.7,13.3,13.6,12.0,20.0,12.0,,,,7.1,0,,,933.1,932.2,932.5,932.6,,,,,,,95.0,67.0,82.0,81.0,,-1,-1,,,,,,,,,,,5,,12,19,14,20,10,15,8,1,2,1,1.6,1319.0
173,2026-10-03,,,,,,,,0,0,942.0,10.5,13.4,11.3,11.7,8.0,8.0,8.0,,,,4.8,0,,,889.0,888.7,888.9,888.9,,,,,,,92.0,72.0,80.0,81.0,-1,-1,-1,,,,,,,,,,,4,,9,16,12,18,8,13,,1,2,1,1.6,106.0
174,2026-10-03,,,,,,,,,,1142.0,11.8,13.0,10.6,11.8,20.0,4.0,32.0,,,,,0,,,,,,,,,,,,,94.0,66.0,75.0,78.0,-1,,-1,,,,,,,,,,,,,10,17,12,19,10,14,,1,3,1,2.2,
175,2026-10-03,,,,,,,,0,0,,11.5,13.2,14.9,13.2,16.0,8.0,12.0,,,,6.4,0,,,961.9,959.0,959.8,960.2,,,,,,,94.0,49.0,78.0,74.0,-1,-1,-1,,,,,,,,,,,10,,10,22,17,23,10,16,7,1,2,1,1.6,1534.0
176,2026-10-03,,,,,,,,0,0,1622.0,5.9,10.5,10.7,9.0,24.0,4.0,32.0,,,,3.2,0,,,835.3,835.7,835.6,835.5,,,,,,,43.0,64.0,83.0,63.0,,,,,,,,,,,,,,11,,12,15,11,16,9,12,,1,1,1,1.1,2314.0
178,2026-10-03,,,,,,,,,,,10.8,13.1,13.1,12.3,,,,,,,,0,,,919.6,918.4,918.8,918.9,,,,,,,90.0,57.0,87.0,78.0,-1,-1,-1,,,,,,,,,,,,,10,20,13,20,10,15,,,,,,
179,2026-10-03,,,,0.0,0.0,0.0,0.0,0,0,1712.0,7.0,9.0,8.9,8.3,28.0,8.0,28.0,0,0,0,4.1,0,0,0,893.2,892.1,892.5,892.6,0,0,,,,,67.0,45.0,69.0,60.0,-1,-1,-1,0,0,0,,-1.0,0,-1.0,29000.0,29000.0,12000.0,10,1,8,18,11,18,6,12,1,1,2,1,1.6,1232.0
180,2026-10-03,,,,,,,,0,0,,7.8,7.0,7.5,7.4,0.0,16.0,24.0,,,,8.9,0,,,995.2,993.8,993.6,994.2,,,,,,,73.0,25.0,45.0,48.0,-1,-1,-1,,,,,,,,,,,11,,8,23,15,23,6,15,3,0,2,2,1.8,1323.0
181,2026-10-03,,,,,,,,0,0,1219.0,13.3,16.1,14.5,14.6,12.0,28.0,12.0,,,,6.4,0,,,962.7,961.3,961.8,961.9,,,,,,,91.0,58.0,76.0,75.0,-1,-1,-1,,,,,,,,,,,7,,13,23,17,24,12,18,10,1,1,1,1.1,1426.0
182,2026-10-03,,,,,,,,0,0,1514.0,7.2,7.0,8.6,7.6,16.0,12.0,28.0,,,,4.6,0,,,936.6,933.5,934.3,934.8,,,,,,,91.0,31.0,66.0,63.0,-1,-1,-1,,,,,,,,,,,10,,4,20,11,20,4,12,,1,1,1,1.1,1820.0
183,2026-10-03,,,,0.0,,,,0,0,1511.0,7.9,7.3,9.0,8.1,24.0,16.0,20.0,1,,,8.5,0,0,0,1006.5,1004.7,1004.3,1005.2,0,0,,,,,88.0,26.0,66.0,60.0,-1,-1,-1,,0,,,-1.0,0,-1.0,80000.0,,,11,0,5,23,12,24,2,13,1,1,3,1,2.2,1225.0
184,2026-10-03,,2.0,,0.0,5.0,,,0,0,1487.0,,,,,24.0,12.0,16.0,2,1,,4.5,0,0,0,733.0,733.2,733.2,733.1,0,0,,,,,,,,,-1,-1,-1,,,,0.0,-1.0,0,-1.0,53000.0,33000.0,,,0,,,,,,,,1,1,1,1.1,1231.0
185,2026-10-03,,,,,,,,0,0,1495.0,6.2,8.0,8.1,7.4,24.0,8.0,24.0,,,,6.0,0,,,876.5,874.7,875.7,875.6,,,,,,,96.0,47.0,84.0,76.0,-1,-1,-1,,,,0.0,,,,,,,10,,1,15,6,16,0,8,-1,1,2,1,1.6,1207.0
187,2026-10-03,,,,,,,,0,0,1513.0,7.8,8.5,9.6,8.6,28.0,12.0,28.0,,,,6.5,0,,,958.2,955.7,955.9,956.6,,,,,,,95.0,38.0,78.0,70.0,-1,-1,-1,,,,,,,,,,,9,,4,19,10,20,4,12,0,1,3,2,2.8,1333.0
188,2026-10-03,,,,,,,,0,0,1388.0,7.6,10.5,11.2,9.8,4.0,20.0,4.0,,,,3.5,0,,,978.2,975.7,975.3,976.4,,,,,,,98.0,47.0,88.0,78.0,-1,-1,-1,,,,,,,,,,,7,,3,19,11,21,2,12,0,1,1,1,1.1,1320.0
189,2026-10-03,,,,,,,,0,0,1409.0,10.7,9.5,10.2,10.1,24.0,12.0,24.0,,,,4.7,0,,,994.7,993.1,992.6,993.5,,,,,,,91.0,34.0,55.0,60.0,,,,,,,,,,,,,,11,,9,23,16,24,9,16,3,1,1,2,1.6,1032.0
192,2026-10-03,,,,,,,,0,0,1175.0,14.1,14.9,14.4,14.5,4.0,20.0,12.0,,,,3.9,0,,,984.6,983.8,983.4,983.9,,,,,,,98.0,68.0,87.0,84.0,-1,-1,-1,,,,,,,,,,,6,,12,19,15,21,10,16,8,1,1,2,1.6,1840.0
193,2026-10-03,,,,,,,,0,0,1602.0,7.5,8.6,7.0,7.7,8.0,8.0,8.0,,,,6.4,0,,,919.7,919.8,919.2,919.6,,,,,,,59.0,43.0,45.0,49.0,-1,-1,-1,,,,,,,,,,,11,,11,18,14,18,10,14,7,3,2,3,3.9,204.0
195,2026-10-03,,,,,,,,0,0,1469.0,11.2,12.5,11.0,11.6,8.0,12.0,0.0,,,,4.5,0,,,,,,,,,,,,,98.0,57.0,87.0,81.0,-1,-1,-1,,,,,,,,,,,9,,9,19,11,20,7,14,,1,2,0,1.2,1207.0
196,2026-10-03,,,,,,,,0,0,1656.0,6.6,,10.0,,16.0,12.0,4.0,,,,12.5,0,,,787.7,788.0,787.8,787.8,,,,,,,65.0,62.0,93.0,73.0,-1,-1,-1,,,,,,,,,,,10,,7,,8,13,6,10,,3,2,2,3.3,14.0
197,2026-10-03,,,,,,,,0,0,1582.0,8.7,7.3,6.8,7.6,24.0,12.0,12.0,,,,10.6,0,,,1009.3,1007.3,1007.0,1007.9,,,,,,,82.0,24.0,33.0,46.0,-1,-1,-1,,,,,,,,,,,11,,8,24,18,25,5,15,-3,1,3,3,3.4,1159.0
198,2026-10-03,,,,,,,,0,0,1563.0,10.7,10.7,11.3,10.9,28.0,12.0,4.0,,,,5.1,0,,,979.9,977.0,976.6,977.8,,,,,,,100.0,48.0,85.0,78.0,-1,-1,-1,,,,,,,,,,,10,,8,19,11,20,6,13,5,1,2,1,1.6,1335.0
199,2026-10-03,,,,,,,,0,0,1409.0,8.3,8.2,8.2,8.2,28.0,12.0,28.0,,,,7.8,0,,,994.7,993.0,992.7,993.5,,,,,,,89.0,30.0,59.0,59.0,-1,-1,-1,,,,,,,,,,,11,,6,23,12,23,2,13,,1,3,1,2.2,1131.0
200,2026-10-03,,,,,,,,0,0,1496.0,8.1,6.8,9.0,8.0,0.0,16.0,8.0,,,,6.8,0,,,987.4,985.7,985.5,986.2,,,,,,,90.0,26.0,65.0,60.0,-1,-1,-1,,,,,,,,,,,10,,5,22,12,23,4,13,,0,2,1,1.2,1123.0
202,2026-10-03,,,,,,,,0,0,1580.0,7.7,7.1,7.5,7.4,32.0,20.0,16.0,,,,8.8,0,,,983.8,982.6,982.2,982.9,,,,,,,61.0,27.0,39.0,42.0,-1,-1,-1,,,,,,,,,,,11,,11,22,17,23,9,16,7,2,2,2,2.7,1347.0
203,2026-10-03,,,,,,,,0,0,1587.0,7.7,10.4,10.4,9.5,28.0,16.0,32.0,,,,7.7,0,,,,,,,,,,,,,94.0,45.0,79.0,73.0,-1,-1,-1,,,,,,,,,,,10,,4,20,11,20,4,12,0,1,3,1,2.2,1421.0
204,2026-10-03,2.0,2.0,2.0,10.0,3.0,2.0,50.0,,,,14.4,14.5,13.7,14.2,4.0,16.0,20.0,1,0,1,,0,0,1,984.0,983.2,982.9,983.4,0,0,,,,,99.0,64.0,78.0,80.0,-1,-1,-1,,0,0,,-1.0,0,-1.0,100.0,4000.0,3000.0,,0,13,20,16,21,12,16,8,1,1,2,1.6,
205,2026-10-03,0.0,0.0,0.0,2.0,1.0,2.0,17.0,0,0,1631.0,3.9,11.4,10.7,8.7,20.0,24.0,16.0,1,1,1,6.2,0,0,0,849.7,850.0,849.9,849.9,0,0,,,,,29.0,75.0,85.0,63.0,-1,-1,-1,,0,0,,-1.0,0,-1.0,120000.0,70000.0,70000.0,11,0,12,13,10,15,9,12,0,1,1,2,1.6,2315.0
206,2026-10-03,,,,0.0,0.0,0.0,0.0,0,0,1214.0,7.4,9.4,8.1,8.3,20.0,4.0,20.0,1,0,0,6.6,0,0,0,906.5,905.7,905.4,905.9,0,0,,,,,75.0,53.0,60.0,63.0,-1,-1,-1,,,,0.0,-1.0,0,-1.0,30000.0,70000.0,70000.0,5,1,7,16,11,16,6,11,3,1,1,2,1.6,1930.0
210,2026-10-03,,,,,,,,0,0,1016.0,8.4,11.7,10.4,10.2,0.0,32.0,0.0,,,,7.6,0,,,867.5,865.5,866.8,866.6,,,,,,,98.0,60.0,93.0,84.0,-1,-1,-1,,,,,,,,,,,5,,5,17,9,19,4,11,,0,2,0,0.9,1320.0
213,2026-10-03,0.0,0.0,0.0,1.0,1.0,1.0,10.0,0,0,1834.0,3.0,4.5,4.7,4.1,16.0,20.0,8.0,5,5,5,11.2,0,0,0,709.2,709.8,709.6,709.5,0,0,,,,,44.0,54.0,67.0,55.0,-1,-1,-1,0,0,0,0.0,-1.0,1,-1.0,80000.0,80000.0,80000.0,11,0,2,5,2,6,2,4,,3,2,1,2.8,2.0
214,2026-10-03,,,,,,,,0,0,1285.0,13.1,13.0,14.0,13.4,0.0,16.0,16.0,,,,4.8,0,,,,,,,,,,,,,90.0,52.0,85.0,76.0,-1,-1,-1,,,,0.0,,,,,,,8,,13,21,15,22,11,16,6,0,1,1,0.7,1516.0
215,2026-10-03,,,,,,,,0,0,1607.0,,,,,32.0,8.0,28.0,,,,9.8,0,,,998.9,996.8,996.5,997.4,,,,,,,,,,,-1,-1,-1,,,,,,,,,,,11,,,,,,,,,1,3,1,2.2,1055.0
217,2026-10-03,,,,,,,,0,0,1519.0,8.1,6.1,9.4,7.9,4.0,24.0,4.0,,,,6.7,0,,,972.9,969.1,969.7,970.6,,,,,,,100.0,23.0,70.0,64.0,-1,-1,-1,,,,,,,,,,,10,,4,22,11,23,2,13,-1,1,2,1,1.6,1349.0
218,2026-10-03,,,,,,,,0,0,1558.0,9.0,7.5,7.5,8.0,4.0,16.0,12.0,,,,11.2,0,,,1017.8,1016.0,1015.5,1016.4,,,,,,,83.0,25.0,44.0,51.0,-1,-1,-1,,,,,,,,,,,11,,8,24,15,25,6,16,1,2,4,2,4.0,1248.0
220,2026-10-03,,,,,,,,0,0,1150.0,10.9,11.8,14.0,12.2,12.0,32.0,12.0,,,,5.9,0,,,917.6,916.3,916.9,916.9,,,,,,,94.0,52.0,79.0,75.0,-1,-1,-1,,,,,,,,,,,6,,9,20,16,20,9,15,,1,2,1,1.6,1353.0
221,2026-10-03,,,,,,,,0,0,1577.0,8.8,8.6,8.0,8.5,8.0,12.0,8.0,,,,11.0,0,,,1005.8,1004.3,1003.7,1004.6,,,,,,,63.0,31.0,41.0,45.0,-1,-1,-1,,,,,,,,,,,11,,12,23,17,23,11,17,8,3,4,3,5.3,1143.0
222,2026-10-03,,,,,,,,0,0,1536.0,8.3,8.6,8.7,8.5,28.0,12.0,12.0,,,,10.3,0,,,1009.3,1007.3,1006.8,1007.8,,,,,,,87.0,30.0,62.0,60.0,-1,-1,-1,,,,,,,,,,,11,,6,23,12,24,4,14,1,1,3,2,2.8,1244.0
500,2026-10-03,,,,,,,,0,0,1340.0,7.8,8.2,8.5,8.2,0.0,12.0,12.0,,,,6.5,0,,,965.4,964.3,964.0,964.6,,,,,,,83.0,32.0,59.0,58.0,-1,-1,-1,,,,,,,,,,,10,,6,22,13,22,6,14,4,0,1,1,0.7,1054.0
726,2026-10-03,,,,,,,,0,0,1685.0,6.9,7.5,8.7,7.7,0.0,12.0,8.0,,,,9.7,0,,,977.6,976.0,975.7,976.4,,,,,,,90.0,30.0,56.0,59.0,-1,-1,-1,,,,,,,,,,,11,,3,21,14,22,3,12,-1,0,3,1,1.9,1022.0
901,2026-10-03,,,,,,,,,,,,,,,,,,,,,,0,,,,,,,,,,,,,,,,,,,,,,,,,,,,,,,,,,,,,,,,,,,
905,2026-10-03,,,,,,,,0,0,1528.0,8.2,7.5,7.7,7.8,4.0,12.0,4.0,,,,10.3,0,,,993.3,991.8,991.3,992.1,,,,,,,59.0,28.0,38.0,42.0,-1,-1,-1,,,,,,,,,,,11,,12,22,18,23,11,17,9,3,3,2,3.9,1154.0
1401,2026-10-03,,,,,,,,0,0,1492.0,10.1,11.7,12.1,11.3,16.0,24.0,20.0,,,,5.0,0,,,946.8,946.3,946.3,946.5,,,,,,,80.0,51.0,81.0,71.0,-1,-1,-1,,,,,,,,,,,11,,10,20,13,21,8,15,4,1,2,1,1.6,1235.0
1416,2026-10-03,0.0,0.0,0.0,1.0,1.0,1.0,,0,0,1488.0,10.6,11.2,11.9,11.2,4.0,16.0,8.0,0,0,0,6.7,0,,0,958.0,957.5,957.3,957.6,,,,,,,81.0,46.0,68.0,65.0,-1,-1,-1,,,,,,0,-1.0,10000.0,10000.0,10000.0,11,,11,21,15,21,9,15,6,2,2,1,2.1,102.0
1602,2026-10-03,,,,,,,,0,0,1552.0,8.7,10.2,10.6,9.8,12.0,16.0,12.0,,,,5.0,0,,,966.6,965.6,965.6,965.9,,,,,,,96.0,42.0,84.0,74.0,-1,-1,-1,,,,,,,,,,,10,,6,21,11,22,5,14,,1,1,1,1.1,1445.0
1730,2026-10-03,,,,,,,,0,0,,6.1,10.4,7.3,7.9,12.0,4.0,12.0,,,,5.6,,,,,,,,,,,,,,100.0,45.0,95.0,80.0,-1,-1,-1,,,,,,,,,,,,,0,20,3,20,-1,9,-3,1,2,1,1.6,1140.0
1802,2026-10-03,,,,,,,,0,0,1511.0,8.8,9.2,8.8,8.9,16.0,8.0,16.0,,,,5.9,0,,,963.7,962.4,962.3,962.8,,,,,,,92.0,38.0,62.0,64.0,-1,-1,-1,,,,,,,,,,,11,,6,21,12,22,5,14,2,1,1,1,1.1,941.0
1906,2026-10-03,99.0,99.0,99.0,8.0,8.0,5.0,70.0,0,0,1482.0,7.9,8.1,7.7,7.9,4.0,8.0,8.0,1,0,0,8.4,0,0,0,959.6,958.8,958.4,958.9,0,0,,,,,77.0,36.0,46.0,53.0,-1,-1,-1,,0,0,,-1.0,0,-1.0,40000.0,40000.0,40000.0,11,1,7,19,15,20,7,13,1,1,2,2,2.1,1140.0
1920,2026-10-03,,,,,,,,0,0,1580.0,6.4,8.6,9.1,8.0,0.0,12.0,4.0,,,,5.6,0,,,971.4,969.9,969.9,970.4,,,,,,,96.0,36.0,84.0,72.0,-1,-1,-1,,,,,,,,,,,10,,1,20,8,21,1,11,0,0,1,1,0.7,1142.0
2116,2026-10-03,,,,,,,,0,0,1607.0,,,,,32.0,8.0,28.0,,,,9.8,0,,,998.9,996.8,996.5,997.4,,,,,,,,,,,-1,-1,-1,,,,,,,,,,,11,,,,,,,,,1,3,1,2.2,1055.0
2117,2026-10-03,,,,,,,,0,0,1409.0,8.3,8.2,8.2,8.2,28.0,12.0,28.0,,,,7.8,0,,,994.7,993.0,992.7,993.5,,,,,,,89.0,30.0,59.0,59.0,-1,-1,-1,,,,,,,,,,,11,,6,23,12,23,2,13,,1,3,1,2.2,1131.0
2207,2026-10-03,,,,,,,,0,0,1536.0,8.3,8.6,7.7,8.2,24.0,12.0,12.0,,,,10.8,0,,,1001.4,999.7,999.1,1000.1,,,,,,,74.0,31.0,38.0,48.0,-1,-1,-1,,,,,,,,,,,11,,9,23,18,23,6,15,3,1,3,1,2.2,1207.0
2401,2026-10-03,,,,,,,,0,0,1554.0,8.4,7.6,8.4,8.1,0.0,12.0,12.0,,,,10.1,0,,,1009.6,1007.8,1007.3,1008.2,,,,,,,76.0,26.0,44.0,49.0,,,-1,,,,,,,,,,,11,,9,24,17,24,7,15,4,0,3,2,2.4,1207.0
2415,2026-10-03,,,,,,,,0,0,1452.0,7.6,7.7,7.2,7.5,12.0,12.0,12.0,,,,15.0,0,,,977.0,976.0,975.6,976.2,,,,,,,56.0,33.0,37.0,42.0,-1,-1,-1,,,,,,,,,,,11,,12,20,17,21,11,16,9,4,5,4,7.6,1131.0
2430,2026-10-03,,,,,,,,0,0,,7.8,7.4,8.0,7.7,24.0,16.0,8.0,,,,9.1,0,,,1009.1,1007.4,1006.7,1007.7,,,,,,,87.0,26.0,49.0,54.0,-1,-1,-1,,,,,,,,,,,11,,5,23,14,24,3,14,3,1,2,1,1.6,1438.0
2503,2026-10-03,,,,,,,,0,0,1597.0,8.8,7.1,8.4,8.1,0.0,12.0,8.0,,,,10.3,0,,,1007.0,1005.5,1004.8,1005.8,,,,,,,72.0,25.0,54.0,50.0,-1,-1,-1,,,,,,,,,,,11,,10,23,14,23,6,15,4,0,3,2,2.4,1248.0
2602,2026-10-03,,,,,,,,0,0,1494.0,,,,,32.0,16.0,12.0,,,,9.9,0,,,1013.6,1011.9,1011.2,1012.2,,,,,,,,,,,-1,-1,-1,,,,,,,,,,,11,,,,,,,,-1,1,3,1,2.2,1244.0
2902,2026-10-03,1.0,0.0,0.0,10.0,4.0,3.0,57.0,0,0,1181.0,14.2,15.6,13.9,14.6,32.0,0.0,20.0,0,0,0,3.6,0,0,1,988.0,987.3,986.8,987.4,0,0,,,,,100.0,67.0,87.0,85.0,-1,-1,-1,0,0,0,,-1.0,0,-1.0,500.0,4000.0,3000.0,7,1,12,20,14,21,10,15,7,1,0,1,0.7,1444.0
2910,2026-10-03,,,,,,,,0,0,1235.0,12.8,13.8,14.8,13.8,4.0,20.0,32.0,,,,3.7,0,,,993.0,992.0,991.5,992.2,,,,,,,100.0,55.0,87.0,81.0,-1,-1,-1,,,,,,,,,,,7,,11,21,15,22,10,16,9,1,1,1,1.1,1120.0
3111,2026-10-03,,,,,,,,,,,,,,,,,,,,,,,,,,,,,,,,,,,,,,,,,,,,,,,,,,,,,,,,,,,,,,,,,
3202,2026-10-03,,,,,,,,0,0,1296.0,12.2,11.5,13.0,12.2,16.0,16.0,28.0,,,,4.9,0,,,999.1,997.8,997.6,998.2,,,,,,,94.0,48.0,78.0,73.0,-1,-1,-1,,,,,,,,,,,8,,11,21,15,22,10,16,8,1,1,1,1.1,1028.0
3315,2026-10-03,,,,,,,,0,0,1512.0,10.0,9.8,9.8,9.9,24.0,12.0,20.0,,,,5.3,0,,,949.3,948.8,948.7,948.9,,,,,,,81.0,43.0,78.0,67.0,-1,-1,-1,,,,,,,,,,,10,,10,20,10,20,9,15,7,2,2,1,2.1,206.0
3425,2026-10-03,,,,,,,,0,0,1631.0,9.3,10.1,11.5,10.3,4.0,20.0,4.0,,,,4.5,0,,,965.1,964.4,964.1,964.5,,,,,,,86.0,45.0,79.0,70.0,-1,-1,-1,,,,,,,,,,,11,,8,19,13,20,7,14,6,1,2,1,1.6,1301.0
3520,2026-10-03,,,,,,,,0,0,1501.0,7.3,10.0,8.2,8.5,4.0,16.0,12.0,,,,6.7,0,,,918.2,918.2,918.0,918.1,,,,,,,59.0,47.0,58.0,55.0,-1,-1,-1,,,,,,,,,,,11,,10,19,12,19,9,14,7,1,2,1,1.6,42.0
3702,2026-10-03,,,,,,,,0,0,1602.0,7.5,8.6,7.0,7.7,8.0,8.0,8.0,,,,6.4,0,,,919.7,919.8,919.2,919.6,,,,,,,59.0,43.0,45.0,49.0,-1,-1,-1,,,,,,,,,,,11,,11,18,14,18,10,14,7,3,2,3,3.9,204.0
3805,2026-10-03,,,,,,,,0,0,1505.0,9.5,8.4,8.9,8.9,16.0,0.0,28.0,,,,4.6,0,,,1006.6,1004.5,1004.1,1005.1,,,,,,,87.0,30.0,65.0,61.0,-1,-1,-1,,,,,,,,,,,11,,8,23,12,24,5,15,2,1,0,1,0.7,946.0
3811,2026-10-03,,,,,,,,0,0,1497.0,8.5,8.6,8.9,8.7,28.0,12.0,24.0,,,,6.7,0,,,1006.4,1004.4,1004.0,1004.9,,,,,,,77.0,30.0,55.0,54.0,-1,-1,-1,,,,,,,,,,,9,,9,23,14,24,8,16,7,3,1,1,2.2,525.0
4026,2026-10-03,,,,,,,,0,0,1577.0,8.8,8.6,8.0,8.5,8.0,12.0,8.0,,,,11.0,0,,,1005.8,1004.3,1003.7,1004.6,,,,,,,63.0,31.0,41.0,45.0,-1,-1,-1,,,,,,,,,,,11,,12,23,17,23,11,17,8,3,4,3,5.3,1143.0
4081,2026-10-03,99.0,99.0,,8.0,4.0,0.0,40.0,0,0,1528.0,9.3,7.9,7.4,8.2,24.0,12.0,4.0,0,0,0,11.8,0,0,0,1009.7,1007.8,1007.3,1008.3,0,0,,,,,74.0,27.0,36.0,46.0,-1,-1,-1,,0,0,,-1.0,0,-1.0,60000.0,60000.0,30000.0,11,0,10,24,18,24,7,16,5,1,4,2,3.5,1243.0
4115,2026-10-03,,,,,,,,0,0,1467.0,8.7,8.2,8.0,8.3,32.0,12.0,8.0,,,,9.6,0,,,1009.2,1007.1,1006.7,1007.7,,,,,,,71.0,28.0,46.0,48.0,-1,-1,-1,,,,,,,,,,,11,,10,24,15,25,7,16,3,2,2,1,2.1,1341.0
4126,2026-10-03,,,,,,,,0,0,1536.0,8.3,8.6,8.7,8.5,28.0,12.0,12.0,,,,10.3,0,,,1009.3,1007.3,1006.8,1007.8,,,,,,,87.0,30.0,62.0,60.0,-1,-1,-1,,,,,,,,,,,11,,6,23,12,24,4,14,1,1,3,2,2.8,1244.0
4224,2026-10-03,,,,,,,,0,0,1510.0,8.1,7.7,7.5,7.8,4.0,12.0,8.0,,,,9.8,0,,,1011.9,1010.1,1009.7,1010.6,,,,,,,66.0,26.0,39.0,44.0,-1,-1,-1,,,,,,,,,,,11,,10,24,17,24,6,15,3,1,2,1,1.6,1323.0
4305,2026-10-03,,,,,,,,0,0,,8.6,8.1,8.2,8.3,8.0,12.0,12.0,,,,11.0,0,,,1014.3,1012.6,1012.0,1013.0,,,,,,,87.0,28.0,49.0,55.0,-1,-1,-1,,,,,,,,,,,11,,7,24,15,24,4,14,,1,4,1,3.0,1321.0
4501,2026-10-03,,,,,,,,0,0,1081.0,14.9,15.0,14.7,14.9,8.0,24.0,32.0,,,,4.9,0,,,983.2,982.3,982.2,982.6,,,,,,,100.0,56.0,85.0,80.0,-1,-1,-1,,,,,,,,,,,6,,13,22,15,23,13,18,12,1,1,1,1.1,1509.0
4515,2026-10-03,,,,,,,,0,0,1245.0,13.4,14.5,15.7,14.5,12.0,24.0,4.0,,,,4.9,0,,,980.2,979.3,979.1,979.5,,,,,,,98.0,59.0,81.0,79.0,-1,-1,-1,,,,,,,,,,,,,12,21,17,22,11,16,,1,1,1,1.1,1251.0
4601,2026-10-03,,,,,,,,0,0,1235.0,14.4,15.1,13.9,14.5,0.0,28.0,16.0,,,,5.4,0,,,,,,,,,,,,,100.0,65.0,91.0,85.0,-1,-1,-1,,,,,,,,,,,6,,12,20,13,21,11,16,9,0,1,1,0.7,1400.0
4611,2026-10-03,,,,,,,,0,0,1263.0,14.1,15.1,14.7,14.6,12.0,24.0,8.0,,,,4.6,0,,,975.5,974.8,974.7,975.0,,,,,,,99.0,60.0,85.0,81.0,-1,-1,-1,,,,,,,,,,,,,12,21,15,22,12,17,9,1,1,1,1.1,1550.0
4705,2026-10-03,,,,,,,,0,0,1133.0,15.1,15.0,14.3,14.8,0.0,24.0,20.0,,,,3.8,0,,,979.0,978.4,978.1,978.5,,,,,,,99.0,64.0,87.0,83.0,-1,-1,-1,,,,,,,,,,,,,13,20,15,21,10,16,10,0,1,1,0.7,1348.0
4802,2026-10-03,,,,,,,,0,0,,12.5,12.8,13.5,12.9,32.0,4.0,12.0,,,,3.2,0,,,,,,,,,,,,,100.0,56.0,76.0,77.0,-1,,-1,,,,,,,,,,,7,,10,20,16,21,10,15,,1,1,1,1.1,1304.0
4815,2026-10-03,2.0,1.0,2.0,10.0,8.0,8.0,87.0,0,0,1109.0,14.8,13.9,13.5,14.1,8.0,8.0,4.0,1,0,1,6.8,0,0,0,957.6,957.1,957.0,957.2,0,0,,,,,100.0,68.0,72.0,80.0,-1,-1,-1,0,0,0,,-1.0,0,-1.0,300.0,6000.0,15000.0,5,0,13,18,17,19,13,16,12,1,2,1,1.6,1230.0
4821,2026-10-03,,,,,,,,0,0,1122.0,15.0,16.3,14.1,15.1,8.0,4.0,32.0,,,,4.5,0,,,978.9,977.9,978.0,978.3,,,,,,,93.0,67.0,91.0,84.0,-1,-1,-1,,,,,,,,,,,6,,14,21,14,21,12,17,10,1,1,1,1.1,1444.0
4905,2026-10-03,,,,,,,,0,0,,13.3,13.9,12.8,13.3,32.0,4.0,16.0,,,,2.8,0,,,993.4,992.4,992.0,992.6,,,,,,,100.0,66.0,86.0,84.0,,-1,,,,,,,,,,,,,,11,18,13,19,10,15,6,1,1,1,1.1,1320.0
5000,2026-10-03,,,,,,,,0,0,,12.3,14.4,13.4,13.4,32.0,20.0,32.0,,,,4.1,0,,,993.2,992.2,991.7,992.4,,,,,,,100.0,64.0,81.0,82.0,-1,,-1,,,,,,,,,,,8,,10,19,15,21,9,15,7,1,1,1,1.1,
5012,2026-10-03,2.0,2.0,2.0,10.0,3.0,2.0,50.0,,,,14.4,14.5,13.7,14.2,4.0,16.0,20.0,1,0,1,,0,0,1,984.0,983.2,982.9,983.4,0,0,,,,,99.0,64.0,78.0,80.0,-1,-1,-1,,0,0,,-1.0,0,-1.0,100.0,4000.0,3000.0,,0,13,20,16,21,12,16,8,1,1,2,1.6,
5116,2026-10-03,,,,,,,,0,0,1175.0,14.1,14.9,14.4,14.5,4.0,20.0,12.0,,,,3.9,0,,,984.6,983.8,983.4,983.9,,,,,,,98.0,68.0,87.0,84.0,-1,-1,-1,,,,,,,,,,,6,,12,19,15,21,10,16,8,1,1,2,1.6,1840.0
5130,2026-10-03,,,,,,,,0,0,1400.0,12.1,14.8,14.7,13.9,4.0,16.0,24.0,,,,4.3,0,,,992.6,991.6,991.1,991.8,,,,,,,100.0,63.0,73.0,79.0,-1,-1,-1,,,,,,,,,,,8,,10,20,18,21,9,15,7,1,1,1,1.1,1111.0
5316,2026-10-03,,,,,,,,0,0,1410.0,12.0,,,,20.0,12.0,24.0,,,,4.2,0,,,999.2,997.8,997.3,998.1,,,,,,,100.0,,,,-1,-1,-1,,,,,,,,,,,9,,10,,,23,8,15,7,1,1,1,1.1,1025.0
5412,2026-10-03,0.0,0.0,0.0,1.0,1.0,1.0,10.0,0,0,1428.0,9.9,9.7,11.4,10.3,16.0,32.0,16.0,0,0,0,4.0,0,0,0,995.7,994.2,993.7,994.5,0,0,,,,,94.0,38.0,76.0,69.0,-1,-1,-1,0,0,0,,-1.0,0,-1.0,40000.0,40000.0,40000.0,11,1,8,21,13,23,7,15,3,1,1,2,1.6,1203.0
5413,2026-10-03,,,,,,,,0,0,1409.0,10.7,9.5,10.2,10.1,24.0,12.0,24.0,,,,4.7,0,,,994.7,993.1,992.6,993.5,,,,,,,91.0,34.0,55.0,60.0,,,,,,,,,,,,,,11,,9,23,16,24,9,16,3,1,1,2,1.6,1032.0
5421,2026-10-03,,,,,,,,0,0,1476.0,9.9,10.0,11.1,10.3,0.0,16.0,20.0,,,,4.4,0,,,999.9,998.2,997.8,998.6,,,,,,,93.0,38.0,65.0,65.0,-1,-1,-1,,,,,,,,,,,10,,8,22,15,24,7,16,5,0,1,2,1.2,1843.0
5609,2026-10-03,,,,,,,,0,0,1561.0,9.9,10.1,9.9,10.0,8.0,4.0,4.0,,,,5.3,0,,,998.6,996.7,996.3,997.2,,,,,,,92.0,38.0,59.0,63.0,-1,-1,-1,,,,,,,,,,,11,,8,22,15,23,8,15,7,1,2,1,1.6,1536.0
5625,2026-10-03,,,,,,,,0,0,1510.0,9.1,11.5,9.0,9.9,20.0,32.0,24.0,,,,7.1,0,,,948.9,948.5,948.1,948.5,,,,,,,70.0,53.0,51.0,58.0,-1,-1,-1,,,,,,,,,,,10,,11,19,16,19,10,15,,2,2,1,2.1,511.0
5701,2026-10-03,,,,,,,,,,,,,,,,,,,,,,,,,,,,,,,,,,,,,,,,,,,,,,,,,,,,,,,,,,,,,,,,,
5735,2026-10-03,,,,,,,,0,0,1464.0,7.8,8.5,7.2,7.8,12.0,12.0,12.0,,,,12.0,0,,,975.3,974.3,973.6,974.4,,,,,,,50.0,32.0,35.0,39.0,-1,-1,-1,,,,,,,,,,,11,,14,22,18,23,12,18,8,3,3,5,6.1,1728.0
5802,2026-10-03,,,,,,,,0,0,1521.0,8.1,7.7,6.8,7.5,12.0,12.0,12.0,,,,11.2,0,,,977.7,976.5,976.0,976.7,,,,,,,63.0,30.0,35.0,43.0,-1,-1,-1,,,,,,,,,,,11,,11,22,17,22,10,16,,4,4,4,6.8,1134.0
5805,2026-10-03,,,,,,,,0,0,1503.0,8.6,8.2,8.6,8.5,0.0,12.0,28.0,,,,10.8,0,,,1004.1,1002.0,1001.8,1002.6,,,,,,,91.0,28.0,58.0,59.0,-1,-1,-1,,,,,,,,,,,11,,6,24,13,24,4,14,,0,2,1,1.2,1240.0
5820,2026-10-03,,,,,,,,0,0,1575.0,8.9,6.8,7.2,7.6,16.0,12.0,16.0,,,,8.9,0,,,996.7,994.7,994.6,995.3,,,,,,,65.0,24.0,41.0,43.0,-1,-1,-1,,,,,,,,,,,11,,12,23,16,23,7,15,5,1,2,1,1.6,1349.0
5882,2026-10-03,,,,,,,,0,0,1531.0,9.1,6.6,7.5,7.7,20.0,12.0,24.0,,,,9.2,0,,,1006.2,1003.8,1003.7,1004.6,,,,,,,77.0,22.0,43.0,47.0,-1,-1,-1,,,,,,,,,,,11,,10,24,15,25,5,15,0,1,3,2,2.8,1406.0
5904,2026-10-03,,,,,,,,0,0,1615.0,9.3,8.1,6.9,8.1,12.0,12.0,12.0,,,,12.8,0,,,1006.5,1004.4,1004.0,1005.0,,,,,,,79.0,27.0,33.0,46.0,-1,-1,-1,,,,,,,,,,,11,,9,24,18,24,8,16,3,1,4,3,4.1,1229.0
5917,2026-10-03,,,,,,,,0,0,1609.0,8.6,7.3,6.9,7.6,16.0,12.0,12.0,,,,12.1,0,,,1007.7,1005.5,1005.3,1006.2,,,,,,,70.0,24.0,34.0,43.0,-1,-1,-1,,,,,,,,,,,11,,10,24,18,25,8,16,4,2,4,3,4.7,1122.0
5925,2026-10-03,,,,,,,,0,0,1667.0,8.0,7.1,6.6,7.2,16.0,12.0,12.0,,,,10.9,0,,,1010.2,1008.0,1007.8,1008.7,,,,,,,56.0,24.0,29.0,36.0,-1,-1,-1,,,,,,,,,,,11,,12,24,20,26,12,19,,1,3,3,3.4,1223.0
5935,2026-10-03,,,,,,,,0,0,1438.0,8.1,7.8,7.3,7.7,4.0,12.0,12.0,,,,9.6,0,,,1012.1,1009.8,1009.6,1010.5,,,,,,,71.0,26.0,35.0,44.0,,,,,,,0.0,,,,,,,10,,9,24,18,25,7,16,2,1,2,1,1.6,1318.0
5972,2026-10-03,,,,,,,,0,0,1512.0,8.4,7.2,7.6,7.7,28.0,12.0,12.0,,,,9.5,0,,,1013.4,1011.3,1011.0,1011.9,,,,,,,77.0,24.0,40.0,47.0,-1,-1,-1,,,,,,,,,,,11,,8,24,17,24,5,15,0,1,3,1,2.2,1352.0
5990,2026-10-03,,,,,,,,0,0,,8.1,7.0,7.0,7.4,12.0,12.0,12.0,,,,11.8,0,,,1009.6,1007.7,1007.3,1008.2,,,,,,,61.0,24.0,36.0,40.0,-1,-1,-1,,,,,,,,,,,11,,11,24,17,24,7,16,5,3,4,3,5.3,
6102,2026-10-03,,,,,,,,0,0,1576.0,8.3,8.0,7.3,7.9,8.0,16.0,12.0,,,,9.6,0,,,1012.0,1010.0,1009.6,1010.5,,,,,,,64.0,27.0,35.0,42.0,-1,-1,-1,,,,,,,,,,,11,,11,24,18,25,8,17,6,2,3,2,3.3,1329.0
6111,2026-10-03,,,,,,,,0,0,,7.3,7.7,7.0,7.3,28.0,12.0,12.0,,,,7.7,0,,,,,,,,,,,,,54.0,25.0,36.0,38.0,-1,-1,-1,,,,,,,,,,,10,,12,25,17,25,10,18,6,1,2,1,1.6,1326.0
6300,2026-10-03,,,,,,,,0,0,,12.2,15.0,15.4,14.2,12.0,28.0,16.0,,,,7.2,0,,,977.3,976.4,976.5,976.7,,,,,,,85.0,62.0,87.0,78.0,-1,-1,-1,,,,,,,,,,,10,,12,21,16,22,12,17,11,3,2,1,2.8,
6305,2026-10-03,,,,,,,,0,0,1388.0,12.6,14.6,15.0,14.1,0.0,32.0,12.0,,,,5.4,0,,,980.3,979.2,979.3,979.6,,,,,,,94.0,57.0,88.0,80.0,-1,-1,-1,,,,,,,,,,,8,,11,22,15,22,11,17,7,0,2,1,1.2,1158.0
6415,2026-10-03,,,,,,,,0,0,1367.0,14.5,14.9,14.5,14.6,12.0,24.0,0.0,,,,4.7,0,,,970.3,969.7,969.7,969.9,,,,,,,97.0,61.0,83.0,80.0,-1,-1,-1,,,,,,,,,,,,,13,21,15,21,13,17,,1,1,0,0.7,1335.0
6430,2026-10-03,,,,,,,,,,,13.3,13.4,,,20.0,,,,,,,0,,,902.6,902.7,,,,,,,,,100.0,79.0,,,,,,,,,,,,,,,,,,11,15,13,,,,,2,,,,
6512,2026-10-03,,,,,,,,0,0,1389.0,13.8,14.9,15.1,14.6,12.0,28.0,28.0,,,,6.4,0,,,973.2,972.1,972.4,972.6,,,,,,,86.0,57.0,77.0,73.0,-1,-1,-1,,,,,,,,,,,10,,14,22,17,22,14,18,,2,1,1,1.6,1320.0
6540,2026-10-03,,,,,,,,0,0,,,,,,24.0,12.0,24.0,,,,3.5,0,,,,,,,,,,,,,,,,,-1,-1,-1,,,,,,,,,,,9,,,,,,,,,1,1,1,1.1,807.0
6611,2026-10-03,0.0,0.0,0.0,2.0,1.0,2.0,17.0,0,0,1631.0,3.9,11.4,10.7,8.7,20.0,24.0,16.0,1,1,1,6.2,0,0,0,849.7,850.0,849.9,849.9,0,0,,,,,29.0,75.0,85.0,63.0,-1,-1,-1,,0,0,,-1.0,0,-1.0,120000.0,70000.0,70000.0,11,0,12,13,10,15,9,12,0,1,1,2,1.6,2315.0
6621,2026-10-03,,,,,,,,0,0,1447.0,13.4,15.7,14.8,14.6,16.0,4.0,20.0,,,,4.7,0,,,977.7,976.6,976.7,977.0,,,,,,,90.0,69.0,87.0,82.0,-1,-1,-1,,,,0.0,,,,,,,9,,13,20,15,20,12,16,11,1,2,1,1.6,1242.0
6804,2026-10-03,,,,,,,,0,0,,13.1,16.2,13.8,14.4,12.0,28.0,12.0,,,,6.4,0,,,977.7,976.9,976.8,977.1,,,,,,,90.0,76.0,91.0,86.0,-1,-1,-1,,,,,,,,,,,6,,13,19,13,20,12,16,10,2,2,1,2.1,2316.0
7002,2026-10-03,,,,,,,,0,0,1451.0,,,,,0.0,32.0,8.0,,,,5.0,0,,,,,,,,,,,,,,,,,-1,-1,-1,,,,,,,,,,,,,,,,,,,8,0,1,1,0.7,1341.0
7013,2026-10-03,,,,,,,,0,0,1337.0,11.8,14.6,13.1,13.2,12.0,16.0,0.0,,,,4.9,0,,,985.9,984.5,984.6,985.0,,,,,,,97.0,58.0,92.0,82.0,-1,-1,-1,,,,,,,,,,,8,,10,21,12,22,10,16,,1,1,0,0.7,255.0
7110,2026-10-03,2.0,0.0,,10.0,5.0,0.0,50.0,0,0,1521.0,9.7,11.9,10.7,10.8,8.0,24.0,8.0,1,0,0,5.0,0,0,1,959.0,957.4,958.0,958.1,0,0,,,,,100.0,47.0,95.0,81.0,-1,-1,-1,,,,,-1.0,0,-1.0,500.0,20000.0,5000.0,9,1,7,21,9,22,6,14,6,1,1,1,1.1,1339.0
7221,2026-10-03,,,,,,,,0,0,1554.0,7.7,8.0,8.7,8.1,12.0,16.0,0.0,,,,9.2,0,,,930.7,929.5,929.8,930.0,,,,,,,90.0,34.0,68.0,64.0,-1,-1,-1,,,,,,,,,,,10,,5,20,11,21,4,12,2,2,3,0,2.4,1050.0
7301,2026-10-03,,,,,,,,0,0,,7.8,6.6,8.5,7.6,16.0,16.0,16.0,,,,10.3,,,,950.8,949.6,949.9,950.1,,,,,,,95.0,25.0,70.0,63.0,-1,-1,-1,,,,,,,,,,,,,4,22,10,22,3,13,1,1,2,2,2.1,1114.0
7305,2026-10-03,,,,,,,,,,,,,,,,,,,,,,,,,,,,,,,,,,,,,,,,,,,,,,,,,,,,,,,,,,,,,,,,,
7505,2026-10-03,,,,,,,,0,0,,6.3,7.5,7.9,7.2,24.0,12.0,24.0,,,,8.9,0,,,962.4,960.4,960.9,961.2,,,,,,,89.0,26.0,66.0,60.0,-1,-1,-1,,,,,,,,,,,9,,2,23,10,24,2,13,0,1,2,1,1.6,1140.0
7531,2026-10-03,,,,,,,,0,0,1619.0,6.5,6.4,6.7,6.5,16.0,12.0,4.0,,,,10.5,0,,,922.6,922.0,921.8,922.1,,,,,,,41.0,27.0,46.0,38.0,-1,-1,-1,,,,,,,,,,,11,,14,20,13,22,11,16,,3,4,1,4.1,1400.0
7604,2026-10-03,0.0,0.0,0.0,6.0,4.0,4.0,47.0,0,0,1508.0,7.6,6.6,6.9,7.0,12.0,16.0,16.0,0,0,0,11.9,0,0,0,997.7,995.4,995.5,996.2,0,0,,,,,76.0,22.0,34.0,44.0,-1,-1,-1,,0,0,,-1.0,0,-1.0,45000.0,45000.0,30000.0,11,1,7,24,18,25,4,14,1,1,4,2,3.5,1236.0
7610,2026-10-03,,,,,,,,0,0,,8.1,7.1,7.4,7.5,20.0,4.0,20.0,,,,5.0,0,,,947.8,946.6,946.7,947.0,,,,,,,71.0,26.0,47.0,48.0,-1,-1,-1,,,,,,,,,,,10,,9,23,14,24,7,15,3,1,1,1,1.1,1251.0
7641,2026-10-03,0.0,0.0,,3.0,2.0,0.0,17.0,,,1578.0,6.9,7.1,7.9,7.3,,12.0,8.0,0,0,0,,0,0,0,991.5,989.1,989.2,989.9,0,0,,,,,91.0,23.0,48.0,54.0,-1,-1,-1,,0,0,,-1.0,0,-1.0,4000.0,6000.0,6000.0,10,1,3,25,14,25,2,14,2,,1,1,,
7653,2026-10-03,,,,,,,,0,0,,8.5,6.8,7.8,7.7,20.0,12.0,12.0,,,,12.9,0,,,,,,,,,,,,,73.0,21.0,49.0,48.0,-1,-1,-1,,,,,,,,,,,11,,9,25,14,26,6,16,1,3,4,2,4.7,1220.0
7704,2026-10-03,,,,,,,,0,0,1502.0,8.6,7.3,7.7,7.9,32.0,16.0,4.0,,,,10.7,0,,,1009.7,1007.5,1007.4,1008.2,,,,,,,75.0,24.0,46.0,48.0,-1,-1,-1,0,0,0,,,,,,,,11,,9,24,15,25,8,16,7,1,3,1,2.2,1455.0
7710,2026-10-03,,,,,,,,0,0,1582.0,8.7,7.3,6.8,7.6,24.0,12.0,12.0,,,,10.6,0,,,1009.3,1007.3,1007.0,1007.9,,,,,,,82.0,24.0,33.0,46.0,-1,-1,-1,,,,,,,,,,,11,,8,24,18,25,5,15,-3,1,3,3,3.4,1159.0
7714,2026-10-03,,,,,,,,0,0,,7.5,6.2,6.8,6.8,12.0,16.0,12.0,,,,12.4,0,,,,,,,,,,,,,47.0,22.0,33.0,34.0,-1,-1,-1,,,,,,,,,,,10,,14,23,18,24,13,18,,2,3,3,3.9,1438.0
7890,2026-10-03,,,,,,,,0,0,1417.0,8.0,8.5,7.8,8.1,24.0,16.0,12.0,,,,8.1,0,,,1017.8,1015.6,1015.2,1016.2,,,,,,,79.0,29.0,44.0,51.0,-1,-1,-1,,,,,,,,,,,,,7,24,16,24,6,15,,1,2,1,1.6,1348.0
7906,2026-10-03,,,,,,,,0,0,,,,,,4.0,16.0,12.0,,,,10.4,0,,,,,,,,,,,,,,,,,,,,,,,,,,,,,,,,,,,,,,,2,3,3,3.9,1301.0
7912,2026-10-03,,,,,,,,0,0,,8.5,7.3,7.5,7.8,8.0,16.0,12.0,,,,9.6,0,,,,,,,,,,,,,77.0,24.0,44.0,48.0,,,,,,,,,,,,,,11,,8,24,15,25,7,16,5,2,2,2,2.7,1302.0
7956,2026-10-03,,,,,,,,0,0,1558.0,9.0,7.5,7.5,8.0,4.0,16.0,12.0,,,,11.2,0,,,1017.8,1016.0,1015.5,1016.4,,,,,,,83.0,25.0,44.0,51.0,-1,-1,-1,,,,,,,,,,,11,,8,24,15,25,6,16,1,2,4,2,4.0,1248.0
8301,2026-10-03,,,,,,,,0,0,1306.0,13.7,13.7,12.4,13.3,12.0,28.0,8.0,,,,4.4,0,,,913.3,913.4,913.1,913.3,,,,,,,96.0,64.0,73.0,78.0,-1,-1,-1,,,,,,,,,,,7,,12,19,15,19,12,16,,1,1,1,1.1,1446.0
8806,2026-10-03,,,,,,,,0,0,1437.0,13.5,14.3,13.3,13.7,12.0,32.0,32.0,,,,7.7,0,,,922.6,921.5,922.3,922.1,,,,,,,90.0,59.0,87.0,79.0,-1,-1,-1,,,,,,,,,,,7,,13,21,13,21,13,17,13,2,3,1,2.8,1400.0
8807,2026-10-03,,,,,,,,,,,,,,,,,,,,,,0,,,,,,,,,,,,,,,,,,,,,,,,,,,,,,,,,,,,,,,,,,,
9016,2026-10-03,0.0,0.0,0.0,8.0,3.0,4.0,50.0,0,0,1416.0,14.4,15.2,15.6,15.1,20.0,4.0,32.0,0,0,0,7.9,0,0,0,971.9,970.2,970.8,971.0,0,0,,,,,86.0,59.0,78.0,74.0,-1,-1,-1,,0,0,,-1.0,0,-1.0,3000.0,25000.0,8000.0,8,1,15,22,18,22,14,18,12,2,2,2,2.7,1452.0
9019,2026-10-03,,,,,,,,0,0,1285.0,13.1,13.0,14.0,13.4,0.0,16.0,16.0,,,,4.8,0,,,,,,,,,,,,,90.0,52.0,85.0,76.0,-1,-1,-1,,,,0.0,,,,,,,8,,13,21,15,22,11,16,6,0,1,1,0.7,1516.0
9105,2026-10-03,,,,,,,,0,0,1286.0,12.2,14.8,14.2,13.7,16.0,32.0,32.0,,,,5.6,0,,,,,,,,,,,,,91.0,56.0,85.0,77.0,-1,-1,-1,,,,0.0,,,,,,,7,,11,22,15,22,11,17,,1,2,1,1.6,1531.0
9110,2026-10-03,,,,,,,,0,0,1401.0,12.8,14.8,15.1,14.2,0.0,32.0,8.0,,,,6.6,0,,,961.0,959.5,960.0,960.2,,,,,,,92.0,62.0,84.0,79.0,-1,-1,-1,,,,,,,,,,,,,12,20,16,21,11,16,8,0,2,1,1.2,1618.0
9211,2026-10-03,2.0,,2.0,3.0,0.0,4.0,23.0,0,0,1456.0,11.7,14.8,14.2,13.6,0.0,32.0,4.0,0,0,0,6.2,0,0,0,957.5,955.4,956.4,956.4,0,0,,,,,95.0,56.0,89.0,80.0,-1,-1,-1,,,,,-1.0,0,-1.0,40000.0,60000.0,15000.0,9,1,10,22,14,22,10,16,7,0,2,1,1.2,1549.0
9215,2026-10-03,,,,,,,,0,0,1606.0,7.8,12.2,12.7,10.9,12.0,32.0,4.0,,,,4.3,0,,,849.5,849.9,849.7,849.7,,,,,,,61.0,78.0,96.0,78.0,,-1,-1,,,,,,,,,,,11,,11,14,11,14,8,11,,1,2,1,1.6,846.0
9406,2026-10-03,,,,,,,,0,0,1430.0,,,,,8.0,28.0,12.0,,,,8.3,0,,,973.3,971.6,972.0,972.3,,,,,,,,,,,-1,-1,-1,,,,,,,,,,,10,,,,,,,,10,3,2,1,2.8,829.0
9501,2026-10-03,2.0,,0.0,10.0,0.0,3.0,43.0,0,0,1408.0,11.0,11.8,13.2,12.0,32.0,16.0,8.0,1,0,1,4.4,0,0,1,948.0,946.3,946.9,947.1,0,0,,,,,91.0,47.0,81.0,73.0,-1,-1,-1,0,0,0,,-1.0,0,-1.0,800.0,15000.0,15000.0,,0,10,21,14,22,10,16,10,1,2,1,1.6,1422.0
9512,2026-10-03,,,,,,,,0,0,,12.4,14.8,14.5,13.9,28.0,20.0,0.0,,,,6.8,0,,,966.5,964.7,965.3,965.5,,,,,,,91.0,55.0,82.0,76.0,-1,-1,-1,,,,,,,,,,,10,,12,22,16,22,11,17,,1,1,0,0.7,1401.0
9609,2026-10-03,,,,,,,,0,0,1445.0,10.2,11.5,13.7,11.8,4.0,16.0,4.0,,,,4.2,0,,,967.7,965.5,966.2,966.5,,,,,,,91.0,44.0,84.0,73.0,-1,-1,-1,,,,,,,,,,,8,,9,22,14,23,8,15,,1,1,2,1.6,923.0
9618,2026-10-03,,,,,,,,0,0,1469.0,10.3,12.7,13.8,12.3,8.0,28.0,12.0,,,,5.7,0,,,970.7,968.7,969.2,969.5,,,,,,,97.0,49.0,88.0,78.0,-1,-1,-1,,,,,,,,,,,9,,8,22,14,22,7,15,4,1,2,1,1.6,1518.0
9643,2026-10-03,,,,,,,,0,0,,9.5,8.7,11.7,10.0,4.0,20.0,12.0,,,,5.8,0,,,944.0,942.1,942.7,942.9,,,,,,,92.0,36.0,76.0,68.0,0,-1,0,,,,,,,,,,,10,,8,21,14,22,6,14,,1,1,1,1.1,1400.0
9700,2026-10-03,,,,,,,,0,0,1478.0,7.5,9.3,10.3,9.0,0.0,24.0,0.0,,,,5.3,0,,,938.4,935.9,936.8,937.0,,,,,,,96.0,37.0,72.0,68.0,-1,-1,-1,,,,,,,,,,,11,,4,21,12,22,3,12,,0,1,0,0.4,1535.0
9801,2026-10-03,0.0,0.0,0.0,1.0,1.0,1.0,10.0,0,0,1491.0,7.9,9.5,9.6,9.0,20.0,4.0,0.0,1,0,1,7.5,0,0,1,955.7,952.1,953.2,953.7,0,0,,,,,97.0,35.0,68.0,67.0,-1,-1,-1,,0,0,,-1.0,0,-1.0,30000.0,50000.0,30000.0,9,0,4,22,12,23,2,13,1,1,3,0,1.9,1340.0
9811,2026-10-03,,,,,,,,0,0,1508.0,7.6,9.8,10.3,9.2,12.0,20.0,12.0,,,,6.6,0,,,950.7,947.5,948.4,948.9,,,,,,,92.0,38.0,71.0,67.0,-1,-1,-1,,,,,,,,,,,10,,4,22,13,23,4,13,2,1,1,3,2.2,1810.0
9911,2026-10-03,,,,,,,,0,0,,9.3,9.5,10.9,9.9,28.0,12.0,4.0,,,,7.0,0,,,956.6,953.4,954.2,954.7,,,,,,,100.0,35.0,74.0,70.0,-1,-1,-1,,,,,,,,,,,9,,6,22,13,24,5,15,,1,1,1,1.1,1633.0
9919,2026-10-03,,,,,,,,0,0,,9.6,12.4,13.5,11.8,12.0,24.0,8.0,,,,5.8,0,,,960.2,958.2,959.1,959.2,,,,,,,100.0,47.0,88.0,78.0,-1,,-1,,,,,,,,,,,,,6,22,13,22,6,14,7,1,1,1,1.1,1559.0
9925,2026-10-03,,,,,,,,0,0,1555.0,8.2,8.4,9.1,8.6,16.0,8.0,20.0,,,,9.7,0,,,949.5,946.5,947.4,947.8,,,,,,,87.0,34.0,62.0,61.0,-1,-1,-1,,,,,,,,,,,9,,6,21,13,21,5,13,2,1,2,1,1.6,1049.0
10005,2026-10-03,,,,,,,,0,0,1459.0,8.8,8.1,10.7,9.2,12.0,16.0,16.0,,,,6.2,0,,,968.5,965.6,966.8,967.0,,,,,,,84.0,27.0,74.0,62.0,-1,-1,-1,,,,,,,,,,,9,,8,24,13,24,6,15,,1,2,1,1.6,837.0
10111,2026-10-03,,,,,,,,0,0,1282.0,7.9,7.3,7.8,7.7,12.0,16.0,12.0,,,,8.5,0,,,893.5,892.7,892.6,892.9,,,,,,,83.0,38.0,62.0,61.0,-1,-1,-1,,,,,,,,,,,8,,6,17,10,17,5,11,,2,3,1,2.8,1155.0
10200,2026-10-03,1.0,,0.0,5.0,0.0,1.0,20.0,0,0,1556.0,8.1,8.1,8.3,8.2,0.0,20.0,32.0,1,0,0,5.8,0,0,0,942.3,939.9,940.3,940.8,0,0,,,,,91.0,35.0,61.0,62.0,-1,-1,-1,,,,,-1.0,0,-1.0,2000.0,7000.0,6000.0,10,0,5,20,12,21,4,12,-1,0,2,1,1.2,1516.0
10401,2026-10-03,,,,,,,,,,,7.1,7.6,8.3,7.7,,,,,,,,0,,,950.3,947.6,948.0,948.6,,,,,,,93.0,31.0,66.0,63.0,-1,-1,-1,,,,,,,,,,,,,3,21,10,22,3,12,,,,,,
10412,2026-10-03,,,,,,,,0,0,1617.0,4.8,6.8,5.8,5.8,20.0,16.0,4.0,,,,11.0,0,,,856.9,857.0,856.7,856.9,,,,,,,38.0,43.0,48.0,43.0,-1,-1,-1,,,,,,,,,,,10,,10,14,10,15,9,12,,3,3,2,3.9,1117.0
10415,2026-10-03,,,,,,,,0,0,1581.0,7.6,6.9,6.7,7.1,20.0,20.0,20.0,,,,9.8,0,,,917.5,916.5,916.4,916.8,,,,,,,93.0,33.0,48.0,58.0,-1,-1,-1,0,0,0,,,,,,,,10,,4,18,12,19,4,11,3,4,3,3,5.3,853.0
10500,2026-10-03,,,,,,,,0,0,1630.0,6.9,6.8,6.9,6.9,20.0,16.0,24.0,,,,12.7,0,,,917.6,917.0,916.8,917.1,,,,,,,47.0,35.0,48.0,43.0,-1,-1,-1,,,,,,,,,,,10,,13,17,12,18,11,14,6,3,3,3,4.6,753.0
10510,2026-10-03,,,,,,,,0,0,1535.0,8.7,7.4,8.8,8.3,0.0,24.0,24.0,,,,7.2,0,,,973.6,971.6,972.0,972.4,,,,,,,92.0,26.0,67.0,62.0,-1,-1,-1,0,0,0,,,,,,,,11,,6,23,11,24,4,14,2,0,2,1,1.2,928.0
10531,2026-10-03,,,,,,,,0,0,1540.0,8.0,6.6,7.5,7.4,0.0,16.0,24.0,,,,8.3,0,,,981.4,979.5,979.6,980.2,,,,,,,77.0,21.0,52.0,50.0,-1,-1,-1,,,,,,,,,,,11,,8,25,13,26,5,15,,0,2,1,1.2,1414.0
10607,2026-10-03,,,,,,,,0,0,1468.0,7.0,7.5,8.0,7.5,0.0,16.0,16.0,,,,10.9,0,,,977.7,976.2,976.2,976.7,,,,,,,95.0,29.0,59.0,61.0,-1,-1,-1,,,,,,,,,,,9,,3,22,12,,,,-1,0,2,1,1.2,1147.0
10710,2026-10-03,,,,,,,,0,0,1572.0,8.5,7.0,7.0,7.5,8.0,16.0,12.0,,,,10.9,0,,,997.7,995.6,995.3,996.2,,,,,,,79.0,23.0,35.0,46.0,,-1,,,,,,,,,,,,11,,8,24,18,25,7,16,,1,3,2,2.8,1304.0
10720,2026-10-03,,,,,,,,0,0,1609.0,6.9,6.7,6.8,6.8,20.0,16.0,20.0,,,,10.8,0,,,,,,,,,,,,,37.0,26.0,39.0,34.0,-1,-1,-1,,,,,,,,,,,11,,17,22,15,22,14,18,11,3,3,3,4.6,1136.0
11102,2026-10-03,1.0,0.0,0.0,5.0,7.0,5.0,57.0,,,,,,,,,,,0,0,0,,0,0,0,,,,,0,0,,,,,,,,,-1,-1,-1,0,0,0,,-1.0,0,-1.0,3000.0,10000.0,10000.0,,0,,,,,,,,,,,,
11104,2026-10-03,,,,,,,,,,1316.0,15.9,16.5,13.2,15.2,8.0,28.0,8.0,,,,,0,,,977.4,976.8,976.3,976.8,,,,,,,93.0,67.0,75.0,78.0,-1,,-1,,,,,,,,,,,8,,15,21,16,,,,11,1,1,2,1.6,
11106,2026-10-03,,,,,,,,0,0,1329.0,13.7,10.9,9.3,11.3,0.0,32.0,4.0,,,,6.1,0,,,935.9,935.3,935.3,935.5,,,,,,,89.0,42.0,48.0,60.0,-1,-1,-1,,,,,,,,,,,8,,13,22,17,22,13,18,12,0,1,1,0.7,1731.0
11114,2026-10-03,,,,,,,,0,0,1384.0,15.0,15.5,15.1,15.2,28.0,28.0,0.0,,,,4.6,0,,,980.9,980.0,979.6,980.2,,,,,,,98.0,58.0,84.0,80.0,,-1,-1,,,,,,,,,,,8,,13,22,16,22,13,18,11,1,1,0,0.7,1155.0
11115,2026-10-03,2.0,,,8.0,,,,0,0,1287.0,14.5,16.0,13.3,14.6,0.0,32.0,12.0,0,,,6.7,0,0,0,977.8,976.5,976.5,976.9,0,0,,,,,95.0,59.0,69.0,74.0,-1,-1,-1,,,,,-1.0,0,-1.0,20000.0,,,8,0,13,23,17,23,13,18,11,0,2,1,1.2,1301.0
11116,2026-10-03,,,,,,,,0,0,,10.6,12.1,8.0,10.2,4.0,28.0,4.0,,,,6.0,0,,,,,,,,,,,,,90.0,78.0,64.0,77.0,-1,-1,-1,,,,,,,,,,,,,9,14,10,15,8,12,,1,1,2,1.6,1236.0
11135,2026-10-03,,,,,,,,0,0,1329.0,13.9,14.6,11.1,13.2,12.0,20.0,12.0,,,,5.0,0,,,946.5,946.0,945.8,946.1,,,,,,,93.0,62.0,68.0,74.0,-1,-1,-1,,,,,,,,,,,8,,13,20,14,21,12,17,9,1,2,1,1.6,1149.0
11146,2026-10-03,,,,,,,,0,0,1374.0,,,,,12.0,24.0,16.0,,,,4.9,0,,,981.8,981.1,980.5,981.1,,,,,,,,,,,-1,-1,-1,,,,,,,,,,,8,,,,,,,,,1,2,1,1.6,1209.0
11200,2026-10-03,,,,,,,,,,,,,,,,,,,,,,0,,,,,,,,,,,,,,,,,,,,,,,,,,,,,,,,,,,,,,,,,,,
11203,2026-10-03,,,,,,,,0,0,1068.0,12.9,14.7,13.3,13.6,12.0,20.0,12.0,,,,7.1,0,,,933.1,932.2,932.5,932.6,,,,,,,95.0,67.0,82.0,81.0,,-1,-1,,,,,,,,,,,5,,12,19,14,20,10,15,8,1,2,1,1.6,1319.0
11301,2026-10-03,,,,,,,,0,0,942.0,10.5,13.4,11.3,11.7,8.0,8.0,8.0,,,,4.8,0,,,889.0,888.7,888.9,888.9,,,,,,,92.0,72.0,80.0,81.0,-1,-1,-1,,,,,,,,,,,4,,9,16,12,18,8,13,,1,2,1,1.6,106.0
11305,2026-10-03,,,,,,,,0,0,1081.0,9.8,13.2,11.9,11.6,24.0,16.0,16.0,,,,8.1,0,,,865.2,864.8,865.2,865.1,,,,,,,100.0,75.0,82.0,86.0,-1,-1,-1,,,,,,,,,,,6,,7,16,13,17,6,12,5,1,2,1,1.6,1411.0
11306,2026-10-03,0.0,0.0,1.0,2.0,5.0,7.0,47.0,,,,,,,,,,,1,0,0,,0,0,0,,,,,0,0,,,,,,,,,,-1,-1,,0,0,,-1.0,0,-1.0,25000.0,25000.0,15000.0,,1,,,,,,,,,,,,
11311,2026-10-03,,,,,,,,,,1142.0,11.8,13.0,10.6,11.8,20.0,4.0,32.0,,,,,0,,,,,,,,,,,,,94.0,66.0,75.0,78.0,-1,,-1,,,,,,,,,,,,,10,17,12,19,10,14,,1,3,1,2.2,
11401,2026-10-03,,1.0,,,8.0,,,,,,,,,,,,,1,0,,,0,,,,,,,,,,,,,,,,,,-1,,,0,,,-1.0,0,-1.0,15000.0,15000.0,,,,,,,,,,,,,,,
11402,2026-10-03,,,,,,,,0,0,989.0,10.7,14.4,14.3,13.1,24.0,0.0,32.0,,,,5.9,0,,,905.6,904.1,904.7,904.8,,,,,,,93.0,70.0,84.0,82.0,-1,-1,-1,,,,,,,,,,,4,,9,18,15,20,9,14,9,1,0,1,0.7,1207.0
11410,2026-10-03,,,,,,,,0,0,1197.0,12.7,14.4,14.1,13.7,12.0,24.0,24.0,,,,6.2,0,,,904.4,903.8,904.0,904.1,,,,,,,91.0,71.0,83.0,82.0,-1,-1,-1,,,,,,,,,,,5,,12,18,15,19,12,16,11,1,2,1,1.6,1322.0
11505,2026-10-03,,,,,,,,0,0,1173.0,14.4,15.0,15.0,14.8,16.0,28.0,8.0,,,,9.4,0,,,932.5,931.3,931.8,931.9,,,,,,,96.0,66.0,84.0,82.0,,-1,-1,,,,,,,,,,,5,,13,20,16,20,13,16,12,1,3,1,2.2,1410.0
11506,2026-10-03,2.0,0.0,2.0,10.0,7.0,9.0,,,,,,,,,,,,1,0,0,,0,,0,,,,,,,,,,,,,,,,-1,-1,,0,0,,-1.0,0,-1.0,20000.0,35000.0,10000.0,,,,,,,,,,,,,,
11602,2026-10-03,,,,,,,,,,,,,,,,,,,,,,0,,,,,,,,,,,,,,,,,,,,,,,,,,,,,,,,,,,,,,,,,,,
11603,2026-10-03,,,,,,,,0,0,1436.0,11.5,14.6,14.2,13.4,0.0,32.0,4.0,,,,6.7,0,,,917.6,916.2,916.9,916.9,,,,,,,93.0,59.0,79.0,77.0,-1,-1,-1,,,,,,,,,,,8,,10,21,16,22,9,15,7,0,2,1,1.2,1322.0
11706,2026-10-03,,,,,,,,0,0,1385.0,12.2,12.8,12.8,12.6,16.0,4.0,32.0,,,,7.4,0,,,895.7,894.3,895.2,895.1,,,,,,,92.0,55.0,81.0,76.0,-1,-1,-1,,,,0.0,,,,,,,9,,11,20,14,20,9,14,7,1,2,1,1.6,1548.0
11800,2026-10-03,1.0,1.0,0.0,6.0,2.0,2.0,33.0,,,,,,,,,,,1,0,0,,0,0,0,,,,,0,0,,,,,,,,,-1,-1,-1,0,0,0,,-1.0,0,-1.0,12000.0,25000.0,20000.0,,1,,,,,,,,,,,,
11803,2026-10-03,0.0,0.0,0.0,3.0,2.0,6.0,37.0,0,0,1445.0,12.1,13.5,15.2,13.6,4.0,8.0,32.0,1,0,0,7.1,0,0,0,959.1,956.3,957.1,957.5,0,0,,,,,95.0,46.0,75.0,72.0,,-1,-1,0,0,0,,-1.0,0,-1.0,8000.0,11000.0,5000.0,10,1,11,24,18,24,10,17,7,1,2,1,1.6,1622.0
11804,2026-10-03,,,,,,,,0,0,,11.5,13.2,14.9,13.2,16.0,8.0,12.0,,,,6.4,0,,,961.9,959.0,959.8,960.2,,,,,,,94.0,49.0,78.0,74.0,-1,-1,-1,,,,,,,,,,,10,,10,22,17,23,10,16,7,1,2,1,1.6,1534.0
11901,2026-10-03,,,,,,,,0,0,1456.0,13.1,14.8,15.0,14.3,20.0,8.0,4.0,,,,10.5,0,,,968.1,965.3,966.0,966.5,,,,,,,93.0,55.0,69.0,72.0,-1,-1,-1,,,,,,,,,,,9,,12,22,19,23,12,17,,1,3,3,3.4,1428.0
12015,2026-10-03,,,,,,,,0,0,1536.0,10.8,12.7,12.9,12.1,8.0,20.0,8.0,,,,3.9,0,,,923.8,922.5,923.0,923.1,,,,,,,90.0,58.0,79.0,76.0,,-1,,,,,0.0,,,,,,,9,,10,19,14,20,10,15,,1,2,2,2.1,1651.0
12016,2026-10-03,,,,,,,,,,,,,,,,,,,,,,,,,,,,,,,,,,,,,,,,,,,,,,,,,,,,,,,,,,,,,,,,,
12203,2026-10-03,,,,,,,,0,0,1552.0,10.2,12.1,13.4,11.9,0.0,24.0,12.0,,,,4.8,0,,,941.4,939.7,940.2,940.4,,,,,,,93.0,48.0,81.0,74.0,-1,-1,-1,,,,,,,,,,,9,,8,21,15,22,8,15,6,0,2,2,1.8,1533.0
12215,2026-10-03,,,,,,,,0,0,1622.0,5.9,10.5,10.7,9.0,24.0,4.0,32.0,,,,3.2,0,,,835.3,835.7,835.6,835.5,,,,,,,43.0,64.0,83.0,63.0,,,,,,,,,,,,,,11,,12,15,11,16,9,12,,1,1,1,1.1,2314.0
12216,2026-10-03,,,,,,,,,,,,,,,,,,,,,,0,,,,,,,,,,,,,,,,,-1,-1,-1,,,,,,,,,,,,,,,,,,,,,,,,
12231,2026-10-03,,,,,,,,0,0,1469.0,11.2,12.5,11.0,11.6,8.0,12.0,0.0,,,,4.5,0,,,,,,,,,,,,,98.0,57.0,87.0,81.0,-1,-1,-1,,,,,,,,,,,9,,9,19,11,20,7,14,,1,2,0,1.2,1207.0
12302,2026-10-03,,,,,,,,0,0,1513.0,9.2,11.6,11.8,10.9,24.0,12.0,8.0,,,,5.9,0,,,918.1,916.2,916.9,917.1,,,,,,,82.0,60.0,85.0,76.0,-1,-1,-1,,,,,,,,,,,8,,9,17,12,18,9,13,7,1,1,1,1.1,1620.0
12311,2026-10-03,,,,,,,,0,0,1698.0,4.7,8.8,9.3,7.6,16.0,28.0,32.0,,,,5.6,0,,,816.4,816.8,816.8,816.7,,,,,,,33.0,54.0,74.0,54.0,-1,-1,-1,,,,,,,,,,,11,,12,14,10,15,7,11,,2,1,1,1.6,8.0
12323,2026-10-03,,,,,,,,0,0,,9.7,10.9,11.1,10.6,12.0,8.0,12.0,,,,4.3,0,,,943.3,940.5,941.5,941.8,,,,,,,90.0,46.0,81.0,72.0,-1,-1,-1,,,,,,,,,,,,,8,20,12,21,7,14,,2,1,1,1.6,1326.0
12351,2026-10-03,,,,,,,,,,,10.8,13.1,13.1,12.3,,,,,,,,0,,,919.6,918.4,918.8,918.9,,,,,,,90.0,57.0,87.0,78.0,-1,-1,-1,,,,,,,,,,,,,10,20,13,20,10,15,,,,,,
12352,2026-10-03,0.0,0.0,0.0,5.0,1.0,1.0,23.0,,,,,,,,,,,1,0,1,,0,0,0,,,,,0,0,,,,,,,,,-1,-1,-1,0,0,0,,-1.0,0,-1.0,5000.0,25000.0,15000.0,,0,,,,,,,,,,,,
12504,2026-10-03,,,,,,,,0,0,1447.0,10.4,11.7,12.3,11.5,12.0,32.0,12.0,,,,9.1,0,,,967.6,963.6,964.9,965.4,,,,,,,99.0,44.0,74.0,72.0,-1,-1,-1,,,,,,,,,,,8,,8,22,15,22,7,15,8,1,2,2,2.1,1525.0
12506,2026-10-03,,,,,,,,,,,,,,,,,,,,,,,,,,,,,,,,,,,,,,,,,,,,,,,,,,,,,,,,,,,,,,,,,
12513,2026-10-03,,,,,,,,0,0,,9.6,10.5,11.5,10.5,0.0,16.0,32.0,,,,4.0,0,,,944.3,941.4,942.4,942.7,,,,,,,93.0,43.0,71.0,69.0,-1,,-1,,,,,,,,,,,10,,8,21,14,22,7,15,5,0,2,1,1.2,1517.0
12530,2026-10-03,2.0,0.0,0.0,8.0,1.0,1.0,,0,0,,9.7,11.5,12.2,11.1,0.0,0.0,12.0,1,0,0,3.7,0,0,1,955.9,952.4,953.5,953.9,0,0,,,,,100.0,53.0,76.0,76.0,-1,-1,-1,,0,0,,-1.0,0,-1.0,200.0,50000.0,20000.0,,1,7,19,14,21,6,14,4,0,0,2,0.9,1830.0
12616,2026-10-03,,,,,,,,0,0,1626.0,6.9,9.7,9.5,8.7,20.0,12.0,0.0,,,,3.4,0,,,934.8,931.9,933.1,933.3,,,,,,,99.0,38.0,85.0,74.0,-1,-1,-1,,,,,,,,,,,11,,2,22,9,22,1,12,1,1,1,0,0.7,1130.0
12711,2026-10-03,,,,0.0,0.0,0.0,0.0,0,0,1712.0,7.0,9.0,8.9,8.3,28.0,8.0,28.0,0,0,0,4.1,0,0,0,893.2,892.1,892.5,892.6,0,0,,,,,67.0,45.0,69.0,60.0,-1,-1,-1,0,0,0,,-1.0,0,-1.0,29000.0,29000.0,12000.0,10,1,8,18,11,18,6,12,1,1,2,1,1.6,1232.0
12720,2026-10-03,,,,,,,,0,0,1774.0,,,,,24.0,12.0,16.0,,,,8.7,0,,,,,,,,,,,,,,,,,,,,,,,,,,,,,,10,,,,,,,,,2,1,1,1.6,42.0
12721,2026-10-03,,,,,,,,,,,4.1,5.7,4.5,4.8,,,,,,,,0,,,,,,,,,,,,,44.0,49.0,50.0,48.0,-1,-1,-1,,,,0.0,,,,,,,,,6,9,6,10,5,7,,,,,,
12811,2026-10-03,,,,,,,,0,0,1608.0,7.1,9.7,9.7,8.8,0.0,8.0,28.0,,,,3.8,0,,,942.0,939.2,940.1,940.4,,,,,,,89.0,40.0,69.0,66.0,-1,-1,-1,,,,,,,,,,,10,,4,21,12,21,3,12,1,0,1,1,0.7,1643.0
13116,2026-10-03,,,,,,,,0,0,1577.0,7.8,7.1,8.4,7.8,28.0,12.0,24.0,,,,5.4,0,,,931.6,929.6,929.7,930.3,,,,,,,90.0,30.0,63.0,61.0,-1,-1,-1,,,,,,,,,,,11,,5,20,11,21,1,11,0,1,1,2,1.6,1827.0
13120,2026-10-03,,,,,,,,0,0,1478.0,6.8,8.5,9.2,8.2,0.0,12.0,24.0,,,,7.3,0,,,946.0,942.9,943.6,944.2,,,,,,,92.0,38.0,76.0,69.0,-1,-1,-1,,,,,,,,,,,9,,3,19,10,20,2,11,0,0,3,1,1.9,1223.0
13302,2026-10-03,,,,,,,,,,,,,,,,,,,,,,,,,,,,,,,,,,,,,,,,,,,,,,,,,,,,,,,,,,,,,,,,,
13308,2026-10-03,,,,,,,,0,0,1362.0,,,,,32.0,16.0,4.0,,,,5.1,0,,,983.2,980.3,980.8,981.4,,,,,,,,,,,,,,,,,,,,,,,,9,,,,,,,,,1,1,1,1.1,1210.0
13312,2026-10-03,,,,,,,,0,0,1645.0,8.0,8.2,9.1,8.4,20.0,12.0,32.0,,,,5.0,0,,,969.5,965.7,966.0,967.1,,,,,,,87.0,32.0,59.0,59.0,-1,-1,-1,,,,,,,,,,,10,,6,22,13,23,5,14,1,1,1,1,1.1,1550.0
13401,2026-10-03,,,,,,,,0,0,1519.0,8.1,6.1,9.4,7.9,4.0,24.0,4.0,,,,6.7,0,,,972.9,969.1,969.7,970.6,,,,,,,100.0,23.0,70.0,64.0,-1,-1,-1,,,,,,,,,,,10,,4,22,11,23,2,13,-1,1,2,1,1.6,1349.0
13515,2026-10-03,,,,0.0,0.0,0.0,0.0,0,0,1587.0,7.3,7.0,7.0,7.1,32.0,16.0,24.0,0,0,0,7.4,0,0,0,913.2,912.3,912.1,912.5,0,0,,,,,60.0,33.0,53.0,49.0,-1,-1,-1,,,,,-1.0,0,-1.0,25000.0,50000.0,20000.0,10,0,10,18,11,19,7,13,2,1,2,1,1.6,1147.0
13605,2026-10-03,,,,,,,,0,0,1630.0,7.0,7.1,8.0,7.4,0.0,16.0,0.0,,,,9.2,0,,,992.4,990.7,990.5,991.2,,,,,,,84.0,25.0,57.0,55.0,-1,-1,-1,,,,,,,,,,,11,,4,23,12,24,3,13,2,0,3,0,1.5,1048.0
13606,2026-10-03,,,,,,,,0,0,1645.0,7.1,7.6,7.2,7.3,24.0,12.0,28.0,,,,9.1,0,,,951.1,950.0,949.9,950.3,,,,,,,50.0,31.0,48.0,43.0,-1,-1,-1,,,,,,,,,,,11,,12,21,13,21,10,16,4,2,2,1,2.1,1047.0
13640,2026-10-03,,,,,,,,0,0,1536.0,7.8,7.6,8.2,7.9,28.0,16.0,28.0,,,,7.4,0,,,979.2,978.0,977.9,978.4,,,,,,,67.0,29.0,64.0,53.0,-1,-1,-1,,,,,,,,,,,10,,9,22,11,23,6,15,2,1,2,1,1.6,1039.0
13702,2026-10-03,,,,,,,,0,0,1727.0,6.4,6.4,6.8,6.5,24.0,16.0,16.0,,,,9.0,0,,,957.8,957.0,956.5,957.1,,,,,,,40.0,27.0,41.0,36.0,-1,-1,-1,,,,,,,,,,,11,,14,20,15,21,13,17,,1,2,1,1.6,1036.0
13707,2026-10-03,,,,,,,,0,0,,7.5,8.4,7.8,7.9,32.0,16.0,32.0,,,,9.0,0,,,,,,,,,,,,,77.0,31.0,58.0,55.0,-1,-1,-1,0,0,0,,,,,,,,10,,7,23,11,23,6,14,3,2,2,1,2.1,1102.0
13811,2026-10-03,,,,,,,,0,0,,7.8,7.0,7.5,7.4,0.0,16.0,24.0,,,,8.9,0,,,995.2,993.8,993.6,994.2,,,,,,,73.0,25.0,45.0,48.0,-1,-1,-1,,,,,,,,,,,11,,8,23,15,23,6,15,3,0,2,2,1.8,1323.0
13907,2026-10-03,,,,0.0,0.0,0.0,0.0,0,0,1518.0,7.7,8.0,7.6,7.8,24.0,16.0,16.0,0,0,0,9.5,0,0,0,1007.8,1006.2,1005.8,1006.6,0,0,,,,,74.0,27.0,39.0,47.0,-1,-1,-1,0,0,0,,-1.0,0,-1.0,7000.0,16000.0,8000.0,10,0,8,24,17,24,3,14,1,1,2,2,2.1,1222.0
14103,2026-10-03,,,,,,,,0,0,1219.0,13.3,16.1,14.5,14.6,12.0,28.0,12.0,,,,6.4,0,,,962.7,961.3,961.8,961.9,,,,,,,91.0,58.0,76.0,75.0,-1,-1,-1,,,,,,,,,,,7,,13,23,17,24,12,18,10,1,1,1,1.1,1426.0
14105,2026-10-03,,,,,,,,,,,,,,,,,,,,,,0,,,,,,,,,,,,,,,,,,,,,,,,,,,,,,,,,,,,,,,,,,,
14115,2026-10-03,,,,,,,,0,0,938.0,12.1,13.5,12.6,12.7,28.0,32.0,20.0,,,,4.7,0,,,911.5,911.0,911.3,911.3,,,,,,,89.0,63.0,84.0,79.0,-1,-1,-1,,,,,,,,,,,4,,12,19,13,19,9,14,,2,1,2,2.1,1242.0
14301,2026-10-03,,,,,,,,,,,,,,,,,,,,,,,,,,,,,,,,,,,,,,,,,,,,,,,,,,,,,,,,,,,,,,,,,
14302,2026-10-03,,,,,,,,0,0,1152.0,11.5,12.8,12.8,12.4,20.0,16.0,20.0,,,,6.6,0,,,883.4,881.6,882.4,882.5,,,,,,,83.0,59.0,76.0,73.0,-1,-1,-1,,,,,,,,,,,4,,12,19,15,20,12,16,11,1,1,2,1.6,1623.0
14305,2026-10-03,,,,,,,,0,0,1351.0,9.2,,11.0,,32.0,24.0,28.0,,,,8.1,0,,,803.2,803.2,803.3,803.2,,,,,,,85.0,79.0,100.0,88.0,-1,-1,-1,,,,,,,,,,,7,,8,,8,13,6,10,,1,3,3,3.4,1258.0
14308,2026-10-03,,,,,,,,0,0,,7.4,9.0,8.1,8.2,8.0,16.0,28.0,,,,6.5,0,,,,,,,,,,,,,89.0,89.0,97.0,92.0,,,,,,,,,,,,,,,,4,7,4,8,4,6,,1,1,1,1.1,1.0
14310,2026-10-03,0.0,1.0,1.0,6.0,2.0,10.0,60.0,,,,,,,,,,,1,0,0,,0,0,0,,,,,0,0,,,,,,,,,,-1,-1,,0,0,,-1.0,0,-1.0,15000.0,25000.0,15000.0,,1,,,,,,,,,,,,
14311,2026-10-03,,,,,,,,0,0,742.0,10.8,13.7,13.6,12.7,4.0,20.0,4.0,,,,5.3,0,,,891.9,891.2,891.8,891.6,,,,,,,94.0,72.0,87.0,84.0,-1,-1,-1,,,,,,,,,,,2,,9,17,14,17,9,13,,1,2,1,1.6,1511.0
14403,2026-10-03,,,,,,,,0,0,1312.0,11.6,12.6,14.4,12.9,12.0,4.0,24.0,,,,7.1,0,,,936.9,933.6,934.8,935.1,,,,,,,83.0,43.0,74.0,67.0,-1,-1,-1,,,,,,,,,,,7,,12,24,17,24,12,18,11,3,1,2,2.8,632.0
14513,2026-10-03,,,,,,,,0,0,1502.0,12.6,13.3,14.3,13.4,16.0,16.0,32.0,,,,7.7,0,,,940.7,937.5,938.6,938.9,,,,,,,98.0,44.0,71.0,71.0,-1,-1,-1,,,,,,,,,,,9,,11,24,18,25,11,18,,1,1,1,1.1,1605.0
14521,2026-10-03,0.0,1.0,,1.0,2.0,,,0,0,1254.0,10.0,11.4,13.3,11.6,20.0,4.0,8.0,0,0,0,9.4,0,0,0,,,,,0,0,,,,,94.0,38.0,61.0,64.0,-1,-1,-1,0,0,0,,-1.0,0,-1.0,5000.0,25000.0,5000.0,7,1,8,24,19,24,8,16,3,1,2,2,2.1,1657.0
14602,2026-10-03,,,,,,,,,,,,,,,,,,,,,,0,,,,,,,,,,,,,,,,,,,,,,,,,,,,,,,,,,,,,,,,,,,
14603,2026-10-03,,,,,,,,0,0,1407.0,11.3,13.4,14.7,13.1,24.0,4.0,4.0,,,,8.3,0,,,953.4,950.0,951.0,951.5,,,,,,,97.0,47.0,71.0,72.0,-1,-1,-1,,,,,,,,,,,9,,9,23,18,24,9,16,6,1,2,2,2.1,1543.0
14621,2026-10-03,,,,,,,,,,,,,,,,,,,,,,0,,,,,,,,,,,,,,,,,,,,,,,,,,,,,,,,,,,,,,,,,,,
14622,2026-10-03,,,,,,,,0,0,1016.0,8.4,11.7,10.4,10.2,0.0,32.0,0.0,,,,7.6,0,,,867.5,865.5,866.8,866.6,,,,,,,98.0,60.0,93.0,84.0,-1,-1,-1,,,,,,,,,,,5,,5,17,9,19,4,11,,0,2,0,0.9,1320.0
14631,2026-10-03,,,,,,,,0,0,1229.0,9.8,11.6,12.5,11.3,12.0,32.0,12.0,,,,4.7,0,,,911.6,909.3,910.2,910.4,,,,,,,97.0,46.0,72.0,72.0,-1,-1,-1,,,,,,,,,,,6,,7,21,15,22,7,14,4,1,1,1,1.1,1256.0
14701,2026-10-03,,,,,,,,0,0,1195.0,10.2,14.1,12.1,12.1,20.0,8.0,20.0,,,,5.5,0,,,,,,,,,,,,,88.0,57.0,79.0,75.0,-1,-1,-1,,,,0.0,,,,,,,6,,9,21,13,21,8,15,5,2,2,2,2.7,1804.0
14802,2026-10-03,,,,,,,,0,0,1479.0,8.0,9.3,10.1,9.1,0.0,12.0,12.0,,,,5.9,0,,,873.0,870.9,871.6,871.8,,,,,,,83.0,42.0,70.0,65.0,-1,-1,-1,,,,0.0,,,,,,,8,,6,19,12,20,6,13,,0,1,2,1.2,1315.0
14812,2026-10-03,,,,,,,,0,0,1656.0,6.6,,10.0,,16.0,12.0,4.0,,,,12.5,0,,,787.7,788.0,787.8,787.8,,,,,,,65.0,62.0,93.0,73.0,-1,-1,-1,,,,,,,,,,,10,,7,,8,13,6,10,,3,2,2,3.3,14.0
14822,2026-10-03,,,,,,,,0,0,1362.0,10.8,12.1,13.2,12.0,16.0,4.0,16.0,,,,3.7,0,,,923.5,921.9,922.4,922.6,,,,,,,85.0,52.0,81.0,73.0,-1,-1,-1,,,,,,,,,,,9,,11,20,14,21,10,15,9,1,2,1,1.6,1234.0
14825,2026-10-03,,,,,,,,0,0,1360.0,7.5,9.6,9.1,8.7,8.0,20.0,8.0,,,,4.7,0,,,866.6,864.9,865.8,865.8,,,,,,,91.0,44.0,84.0,73.0,-1,-1,-1,,,,0.0,,,,,,,9,,4,19,8,20,4,12,,1,1,1,1.1,1331.0
14833,2026-10-03,,,,,,,,0,0,1401.0,9.2,11.2,11.3,10.6,12.0,28.0,12.0,,,,7.2,0,,,912.4,910.2,911.4,911.3,,,,,,,80.0,49.0,76.0,68.0,-1,-1,-1,,,,,,,,,,,8,,9,20,13,20,8,14,5,2,3,1,2.8,1449.0
14834,2026-10-03,,,,,,,,,,,,,,,,,,,,,,0,,,,,,,,,,,,,,,,,,,,,,,,,,,,,,,,,,,,,,,,,,,
14912,2026-10-03,,,,,,,,0,0,,8.5,11.1,10.1,9.9,20.0,32.0,20.0,,,,3.9,0,,,,,,,,,,,,,88.0,63.0,89.0,80.0,-1,-1,-1,,,,0.0,,,,,,,5,,7,16,9,18,6,12,,1,2,1,1.6,1330.0
15001,2026-10-03,0.0,0.0,,2.0,4.0,0.0,20.0,,,,,,,,,,,1,1,1,,0,0,0,,,,,0,0,,,,,,,,,,-1,-1,,0,0,,-1.0,0,-1.0,20000.0,20000.0,20000.0,,0,,,,,,,,,,,,
15002,2026-10-03,,,,,,,,0,0,1363.0,11.0,13.6,13.4,12.7,0.0,0.0,24.0,,,,4.6,0,,,955.7,953.3,954.2,954.4,,,,,,,94.0,50.0,80.0,75.0,-1,-1,-1,,,,0.0,,,,,,,8,,9,23,15,23,9,16,4,0,0,1,0.4,1620.0
15105,2026-10-03,,,,,,,,0,0,1484.0,10.1,10.2,11.9,10.7,20.0,12.0,24.0,,,,3.3,0,,,914.8,913.1,913.5,913.8,,,,,,,90.0,45.0,82.0,72.0,-1,-1,-1,,,,,,,,,,,8,,9,20,13,21,9,15,8,1,1,1,1.1,1427.0
15210,2026-10-03,,,,,,,,0,0,1563.0,8.1,8.1,8.3,8.2,24.0,16.0,24.0,,,,4.7,0,,,896.4,894.6,895.4,895.5,,,,,,,84.0,42.0,66.0,64.0,-1,-1,-1,,,,,,,,,,,9,,6,17,10,19,6,13,2,1,2,1,1.6,1133.0
15300,2026-10-03,,,,,,,,,,,,,,,,,,,,,,,,,,,,,,,,,,,,,,,,,,,,,,,,,,,,,,,,,,,,,,,,,
15321,2026-10-03,0.0,0.0,0.0,1.0,2.0,1.0,13.0,0,0,1604.0,2.3,,7.0,,16.0,16.0,20.0,0,0,0,13.3,0,0,0,781.6,781.9,781.9,781.8,0,0,,,,,23.0,42.0,67.0,44.0,-1,-1,-1,0,0,0,,-1.0,0,-1.0,50000.0,50000.0,45000.0,8,0,7,,8,13,5,9,,3,2,1,2.8,0.0
15344,2026-10-03,,,,,,,,0,0,1463.0,6.6,9.7,8.9,8.4,0.0,20.0,0.0,,,,4.8,0,,,879.3,877.9,878.8,878.7,,,,,,,78.0,52.0,81.0,70.0,-1,-1,-1,,,,0.0,,,,,,,7,,5,17,8,17,4,10,0,0,2,0,0.9,1255.0
15402,2026-10-03,,0.0,,0.0,1.0,0.0,3.0,0,0,1206.0,6.7,10.1,9.5,8.8,16.0,32.0,16.0,1,0,0,5.0,0,0,0,922.6,920.0,921.3,921.3,0,0,,,,,88.0,43.0,82.0,71.0,,-1,,,,,,-1.0,0,-1.0,25000.0,25000.0,20000.0,6,1,3,20,9,21,3,12,-1,1,2,1,1.6,1300.0
15411,2026-10-03,0.0,0.0,0.0,1.0,1.0,1.0,10.0,0,0,1834.0,3.0,4.5,4.7,4.1,16.0,20.0,8.0,5,5,5,11.2,0,0,0,709.2,709.8,709.6,709.5,0,0,,,,,44.0,54.0,67.0,55.0,-1,-1,-1,0,0,0,0.0,-1.0,1,-1.0,80000.0,80000.0,80000.0,11,0,2,5,2,6,2,4,,3,2,1,2.8,2.0
15430,2026-10-03,,,,,,,,0,0,1313.0,4.6,7.0,7.6,6.4,4.0,24.0,8.0,,,,3.9,0,,,849.8,849.7,850.0,849.8,,,,,,,43.0,35.0,57.0,45.0,-1,-1,-1,,,,,,,,,,,6,,8,18,11,18,7,12,,1,2,1,1.6,1342.0
15501,2026-10-03,,,,,,,,0,0,1475.0,7.3,8.0,9.0,8.1,12.0,32.0,16.0,,,,4.1,0,,,906.0,904.1,904.9,905.0,,,,,,,92.0,39.0,73.0,68.0,-1,-1,-1,,,,,,,,,,,7,,4,18,10,19,3,11,,1,1,2,1.6,1730.0
15506,2026-10-03,,,,,,,,,,,,,,,,,,,,,,,,,,,,,,,,,,,,,,,,,,,,,,,,,,,,,,,,,,,,,,,,,
15509,2026-10-03,,,,,,,,0,0,,8.2,9.0,10.3,9.2,0.0,32.0,20.0,,,,6.1,0,,,,,,,,,,,,,98.0,41.0,83.0,74.0,-1,-1,-1,,,,,,,,,,,7,,4,19,10,19,4,12,1,0,2,1,1.2,1342.0
15610,2026-10-03,,,,,,,,0,0,1575.0,7.0,7.0,7.8,7.3,8.0,12.0,8.0,,,,9.0,0,,,837.9,837.7,837.8,837.8,,,,,,,86.0,41.0,69.0,65.0,-1,-1,-1,,,,,,,,,,,10,,4,15,9,16,4,10,,3,3,2,3.9,111.0
15640,2026-10-03,,,,,,,,0,0,1462.0,5.9,7.5,8.3,7.2,4.0,20.0,8.0,,,,6.9,0,,,,,,,,,,,,,73.0,54.0,80.0,69.0,-1,-1,-1,,,,,,,,,,,7,,4,12,8,12,3,8,,1,2,1,1.6,1302.0
15702,2026-10-03,,,,,,,,0,0,1333.0,8.3,7.8,9.1,8.4,0.0,12.0,24.0,,,,10.8,0,,,912.2,909.1,910.0,910.4,,,,,,,100.0,37.0,84.0,74.0,-1,-1,-1,,,,,,,,,,,,,4,18,8,19,2,11,,0,2,2,1.8,1646.0
15712,2026-10-03,2.0,,,10.0,0.0,0.0,33.0,0,0,1468.0,8.1,9.9,9.3,9.1,32.0,16.0,32.0,0,0,0,5.9,0,0,1,915.7,912.3,913.3,913.8,0,0,,,,,97.0,42.0,73.0,71.0,-1,-1,-1,0,0,0,,-1.0,0,-1.0,200.0,50000.0,15000.0,7,1,4,20,11,20,3,12,0,1,1,1,1.1,1610.0
15715,2026-10-03,,,,,,,,0,0,1523.0,7.3,,8.0,,24.0,16.0,16.0,,,,5.9,0,,,849.6,849.0,849.1,849.2,,,,,,,88.0,,71.0,,,-1,,,,,,,,,,,,,,4,14,9,,,,-1,1,2,2,2.1,1452.0
15721,2026-10-03,,,,,,,,0,0,1446.0,8.4,9.3,9.0,8.9,28.0,12.0,28.0,,,,3.8,0,,,901.2,898.7,899.3,899.7,,,,,,,100.0,42.0,83.0,75.0,-1,-1,-1,,,,,,,,,,,7,,5,19,8,20,2,11,2,1,1,2,1.6,1638.0
15901,2026-10-03,,,,,,,,0,0,1514.0,7.2,7.0,8.6,7.6,16.0,12.0,28.0,,,,4.6,0,,,936.6,933.5,934.3,934.8,,,,,,,91.0,31.0,66.0,63.0,-1,-1,-1,,,,,,,,,,,10,,4,20,11,20,4,12,,1,1,1,1.1,1820.0
15912,2026-10-03,,,,,,,,0,0,1600.0,7.0,8.1,7.4,7.5,16.0,12.0,8.0,,,,7.3,0,,,885.9,884.8,884.8,885.2,,,,,,,82.0,43.0,53.0,59.0,-1,-1,-1,,,,0.0,,,,,,,10,,5,17,12,17,3,10,,1,3,2,2.8,1457.0
15920,2026-10-03,,,,,,,,0,0,1607.0,7.2,9.4,9.6,8.7,24.0,12.0,24.0,,,,8.9,0,,,938.9,935.5,936.4,936.9,,,,,,,92.0,37.0,73.0,67.0,-1,-1,-1,,,,,,,,,,,10,,3,21,11,22,3,12,,1,2,1,1.6,1626.0
16015,2026-10-03,,,,,,,,0,0,1555.0,6.9,7.7,8.3,7.6,28.0,20.0,28.0,,,,7.8,0,,,932.4,929.9,930.2,930.8,,,,,,,95.0,35.0,71.0,67.0,-1,-1,-1,,,,,,,,,,,10,,3,19,9,19,2,11,,1,3,1,2.2,1427.0
16101,2026-10-03,0.0,0.0,0.0,4.0,2.0,2.0,27.0,0,0,1543.0,7.1,7.7,8.0,7.6,24.0,20.0,24.0,1,0,0,4.2,0,0,1,953.8,950.7,951.0,951.8,0,0,,,,,94.0,31.0,59.0,61.0,-1,-1,-1,0,0,0,,-1.0,0,-1.0,500.0,30000.0,20000.0,11,0,3,21,12,22,2,12,-2,1,1,1,1.1,1444.0
16308,2026-10-03,,,,,,,,0,0,1620.0,8.5,8.9,9.9,9.1,8.0,12.0,8.0,,,,5.9,0,,,,,,,,,,,,,76.0,36.0,68.0,60.0,-1,-1,-1,,,,,,,,,,,10,,9,21,13,21,6,14,3,1,2,1,1.6,1132.0
16400,2026-10-03,,,,,,,,,,,8.2,8.3,8.2,8.2,0.0,16.0,4.0,,,,,0,,,989.2,987.3,986.9,987.8,,,,,,,88.0,32.0,51.0,57.0,-1,-1,-1,,,,,,,,,,,11,,6,22,14,23,4,13,-1,0,2,1,1.2,
16411,2026-10-03,,,,,,,,0,0,1760.0,8.1,7.4,7.8,7.8,28.0,16.0,28.0,,,,6.2,0,,,946.9,946.0,945.8,946.2,,,,,,,64.0,30.0,60.0,51.0,-1,-1,-1,,,,,,,,,,,11,,10,21,11,21,8,14,5,2,1,2,2.1,1149.0
16412,2026-10-03,,,,,,,,,,,,,,,,,,,,,,0,,,,,,,,,,,,,,,,,,,,,,,,,,,,,,,,,,,,,,,,,,,
16413,2026-10-03,,,,,,,,0,0,1576.0,8.7,7.8,9.2,8.6,28.0,16.0,28.0,,,,6.4,0,,,990.4,988.6,988.4,989.1,,,,,,,80.0,28.0,60.0,56.0,-1,-1,-1,,,,,,,,,,,11,,8,23,13,23,5,14,2,1,1,1,1.1,1348.0
16414,2026-10-03,,,,,,,,,,,8.3,7.7,9.4,8.5,,,,,,,,0,,,988.8,987.0,986.8,987.5,,,,,,,83.0,29.0,60.0,57.0,-1,-1,-1,,,,,,,,,,,,,7,22,14,23,6,15,4,,,,,
16421,2026-10-03,,,,,,,,0,0,1613.0,6.5,6.2,6.3,6.3,16.0,16.0,16.0,,,,8.7,0,,,869.7,869.6,869.2,869.5,,,,,,,57.0,44.0,55.0,52.0,-1,-1,-1,,,,,,,,,,,9,,9,12,9,13,8,10,,3,2,2,3.3,933.0
16501,2026-10-03,,,,,,,,0,0,1496.0,8.1,6.8,9.0,8.0,0.0,16.0,8.0,,,,6.8,0,,,987.4,985.7,985.5,986.2,,,,,,,90.0,26.0,65.0,60.0,-1,-1,-1,,,,,,,,,,,10,,5,22,12,23,4,13,,0,2,1,1.2,1123.0
16511,2026-10-03,,,,,,,,0,0,1610.0,,7.8,7.6,,28.0,16.0,16.0,,,,6.4,0,,,969.7,968.6,968.2,968.8,,,,,,,48.0,31.0,41.0,40.0,-1,-1,-1,,,,,,,,,,,11,,,21,16,,,,8,1,1,1,1.1,1034.0
16601,2026-10-03,,,,,,,,0,0,1527.0,8.1,7.0,8.6,7.9,0.0,12.0,16.0,,,,7.4,0,,,1000.0,998.2,997.7,998.6,,,,,,,91.0,25.0,56.0,57.0,-1,-1,-1,,,,,,,,,,,11,,5,23,13,23,3,13,-2,0,2,1,1.2,1159.0
16702,2026-10-03,,,,0.0,,,,0,0,1511.0,7.9,7.3,9.0,8.1,24.0,16.0,20.0,1,,,8.5,0,0,0,1006.5,1004.7,1004.3,1005.2,0,0,,,,,88.0,26.0,66.0,60.0,-1,-1,-1,,0,,,-1.0,0,-1.0,80000.0,,,11,0,5,23,12,24,2,13,1,1,3,1,2.2,1225.0
16711,2026-10-03,,,,,,,,0,0,1580.0,7.7,7.1,7.5,7.4,32.0,20.0,16.0,,,,8.8,0,,,983.8,982.6,982.2,982.9,,,,,,,61.0,27.0,39.0,42.0,-1,-1,-1,,,,,,,,,,,11,,11,22,17,23,9,16,7,2,2,2,2.7,1347.0
16800,2026-10-03,,,,,,,,,,,7.7,6.8,8.3,7.6,,16.0,0.0,,,,,0,,,,,,,,,,,,,92.0,24.0,59.0,58.0,-1,-1,-1,,,,,,,,,,,10,,4,23,12,24,2,13,-2,,2,0,,
16906,2026-10-03,,,,,,,,0,0,1150.0,10.9,11.8,14.0,12.2,12.0,32.0,12.0,,,,5.9,0,,,917.6,916.3,916.9,916.9,,,,,,,94.0,52.0,79.0,75.0,-1,-1,-1,,,,,,,,,,,6,,9,20,16,20,9,15,,1,2,1,1.6,1353.0
17002,2026-10-03,,,,,,,,0,0,1314.0,9.9,11.1,12.0,11.0,12.0,20.0,20.0,,,,12.2,0,,,855.1,853.6,854.5,854.4,,,,,,,91.0,59.0,84.0,78.0,-1,-1,-1,,,,,,,,,,,7,,8,17,12,18,8,13,9,1,4,3,4.1,1554.0
17003,2026-10-03,,,,,,,,,,,,,,,,,,,,,,0,,,,,,,,,,,,,,,,,,,,,,,,,,,,,,,,,,,,,,,,,,,
17005,2026-10-03,,,,,,,,0,0,1053.0,7.4,,9.0,,8.0,32.0,12.0,,,,7.3,0,,,782.0,782.0,782.2,782.1,,,,,,,74.0,63.0,86.0,74.0,-1,-1,-1,,,,,,,,,,,,,7,,8,12,7,10,,1,2,1,1.6,1515.0
17102,2026-10-03,,,,,,,,0,0,1577.0,9.3,,10.0,,12.0,12.0,12.0,,,,8.4,0,,,879.6,877.0,878.1,878.2,,,,,,,79.0,42.0,68.0,63.0,-1,-1,-1,,,,,,,,,,,9,,9,,13,21,8,14,5,3,3,2,3.9,1448.0
17301,2026-10-03,0.0,0.0,0.0,1.0,4.0,1.0,20.0,0,0,1138.0,7.0,7.6,7.8,7.5,16.0,4.0,16.0,1,0,0,7.7,0,0,0,818.2,817.4,818.1,817.9,0,0,,,,,72.0,41.0,71.0,61.0,-1,-1,-1,,,,0.0,-1.0,0,-1.0,100000.0,100000.0,5000.0,5,1,7,16,8,17,6,12,,1,2,1,1.6,1200.0
17315,2026-10-03,,2.0,,0.0,5.0,,,0,0,1487.0,,,,,24.0,12.0,16.0,2,1,,4.5,0,0,0,733.0,733.2,733.2,733.1,0,0,,,,,,,,,-1,-1,-1,,,,0.0,-1.0,0,-1.0,53000.0,33000.0,,,0,,,,,,,,1,1,1,1.1,1231.0
17320,2026-10-03,,,,,,,,0,0,1887.0,5.5,6.0,6.5,6.0,4.0,16.0,16.0,,,,4.1,0,,,682.0,682.5,682.3,682.3,,,,,,,89.0,62.0,98.0,83.0,,,,,,,,,,,,,,10,,0,7,1,7,-1,3,,2,2,1,2.1,1603.0
17701,2026-10-03,,,,,,,,0,0,1495.0,6.2,8.0,8.1,7.4,24.0,8.0,24.0,,,,6.0,0,,,876.5,874.7,875.7,875.6,,,,,,,96.0,47.0,84.0,76.0,-1,-1,-1,,,,0.0,,,,,,,10,,1,15,6,16,0,8,-1,1,2,1,1.6,1207.0
17901,2026-10-03,,,,,,,,0,0,1527.0,8.1,10.2,10.6,9.6,8.0,12.0,24.0,,,,8.1,0,,,955.2,951.6,952.6,953.1,,,,,,,95.0,42.0,75.0,71.0,-1,-1,-1,,,,0.0,,,,,,,10,,5,21,12,21,4,13,1,1,2,1,1.6,1521.0
18001,2026-10-03,,,,,,,,0,0,1432.0,7.8,9.7,8.9,8.8,4.0,20.0,8.0,,,,4.5,0,,,909.3,907.4,908.4,908.4,,,,,,,82.0,47.0,69.0,66.0,-1,-1,-1,,,,,,,,,,,7,,6,18,11,19,6,12,5,1,2,1,1.6,1445.0
18111,2026-10-03,,,,,,,,0,0,1260.0,6.5,9.3,8.3,8.0,24.0,16.0,24.0,,,,5.0,0,,,895.4,894.2,894.6,894.7,,,,,,,85.0,53.0,80.0,73.0,-1,-1,-1,,,,,,,,,,,6,,3,16,8,16,3,9,-1,1,1,1,1.1,1226.0
18122,2026-10-03,,,,,,,,0,0,1532.0,8.0,9.5,10.0,9.2,24.0,12.0,28.0,,,,5.4,0,,,952.7,949.9,950.5,951.0,,,,,,,93.0,43.0,78.0,71.0,,,,,,,,,,,,,,10,,5,19,11,20,4,12,0,1,2,1,1.6,1229.0
18210,2026-10-03,,,,0.0,0.0,0.0,0.0,0,0,1629.0,8.2,10.3,10.4,9.6,32.0,16.0,32.0,1,0,0,4.2,0,0,0,,,,,0,0,,,,,90.0,45.0,75.0,70.0,-1,-1,-1,,,,,-1.0,0,-1.0,60000.0,60000.0,60000.0,10,1,6,20,12,21,5,13,3,1,1,2,1.6,1257.0
18225,2026-10-03,,,,,,,,0,0,1161.0,8.4,10.7,11.0,10.0,0.0,20.0,28.0,,,,3.7,0,,,970.0,966.6,967.0,967.9,,,,,,,100.0,48.0,90.0,79.0,-1,-1,-1,,,,,,,,,,,,,4,19,10,20,3,12,0,0,1,1,0.7,1153.0
18231,2026-10-03,,,,,,,,0,0,1468.0,8.2,9.2,10.1,9.2,12.0,20.0,0.0,,,,6.7,0,,,946.8,944.0,944.7,945.2,,,,,,,99.0,42.0,86.0,76.0,-1,-1,-1,,,,,,,,,,,8,,4,19,9,20,4,12,1,1,2,0,1.2,1329.0
18402,2026-10-03,,,,,,,,0,0,1579.0,6.3,7.8,8.3,7.5,32.0,16.0,32.0,,,,7.2,0,,,870.5,869.9,869.8,870.1,,,,,,,93.0,52.0,86.0,77.0,-1,-1,-1,,,,,,,,,,,,,2,13,7,14,1,8,0,1,2,1,1.6,1103.0
18502,2026-10-03,,,,,,,,0,0,1596.0,6.7,8.4,9.5,8.2,24.0,8.0,20.0,,,,4.8,0,,,950.2,947.6,948.0,948.6,,,,,,,99.0,37.0,92.0,76.0,-1,-1,-1,,,,,,,,,,,10,,1,20,7,20,1,10,0,1,2,1,1.6,1353.0
18601,2026-10-03,,,,,,,,0,0,1513.0,7.8,8.5,9.6,8.6,28.0,12.0,28.0,,,,6.5,0,,,958.2,955.7,955.9,956.6,,,,,,,95.0,38.0,78.0,70.0,-1,-1,-1,,,,,,,,,,,9,,4,19,10,20,4,12,0,1,3,2,2.8,1333.0
18622,2026-10-03,,,,,,,,0,0,1539.0,8.6,10.8,11.1,10.2,32.0,20.0,32.0,,,,5.7,0,,,978.7,975.8,975.7,976.7,,,,,,,99.0,45.0,79.0,74.0,-1,-1,-1,,,,,,,,,,,10,,5,21,12,21,4,13,1,1,2,1,1.6,1400.0
18705,2026-10-03,,,,,,,,0,0,1418.0,8.2,10.2,11.0,9.8,0.0,12.0,32.0,,,,3.5,0,,,985.5,982.5,982.4,983.5,,,,,,,100.0,40.0,86.0,75.0,-1,-1,-1,,,,,,,,,,,9,,4,21,11,22,4,13,3,0,1,1,0.7,1308.0
18805,2026-10-03,,,,,,,,0,0,1651.0,7.5,8.4,8.5,8.1,8.0,20.0,8.0,,,,5.5,0,,,910.2,909.5,909.1,909.6,,,,,,,69.0,43.0,65.0,59.0,-1,-1,-1,,,,0.0,,,,,,,11,,8,17,11,18,7,12,6,2,2,1,2.1,1226.0
18906,2026-10-03,,,,,,,,0,0,1630.0,8.9,8.6,10.4,9.3,0.0,12.0,24.0,,,,5.3,0,,,990.3,988.4,988.1,988.9,,,,,,,92.0,33.0,78.0,68.0,-1,-1,-1,,,,,,,,,,,11,,7,22,11,23,5,14,2,0,2,1,1.2,1338.0
19021,2026-10-03,,,,,,,,0,0,1575.0,9.4,7.5,9.6,8.8,28.0,12.0,24.0,,,,6.4,0,,,1000.7,998.5,998.1,999.1,,,,,,,93.0,28.0,71.0,64.0,-1,-1,-1,,,,,,,,,,,11,,7,22,12,23,4,14,1,1,2,1,1.6,1318.0
19204,2026-10-03,,,,,,,,0,0,1565.0,7.3,7.0,9.1,7.8,32.0,16.0,28.0,,,,6.8,0,,,1000.1,998.4,997.9,998.8,,,,,,,85.0,26.0,67.0,59.0,-1,-1,-1,,,,,,,,,,,10,,5,22,12,23,4,14,,1,2,1,1.6,1152.0
19205,2026-10-03,,,,,,,,0,0,1553.0,8.5,7.9,9.3,8.6,24.0,16.0,0.0,,,,7.2,0,,,993.7,992.2,991.8,992.6,,,,,,,79.0,30.0,60.0,56.0,-1,-1,-1,,,,,,,,,,,10,,8,22,14,22,5,14,4,1,2,0,1.2,1212.0
19505,2026-10-03,,,,,,,,0,0,1618.0,6.2,8.8,8.6,7.9,24.0,8.0,8.0,,,,6.4,0,,,908.6,905.9,907.0,907.2,,,,,,,85.0,43.0,63.0,64.0,-1,-1,-1,,,,0.0,,,,,,,11,,3,18,12,18,2,10,1,1,2,1,1.6,1339.0
19700,2026-10-03,,,,,,,,0,0,,7.7,10.6,10.2,9.5,0.0,8.0,32.0,,,,4.6,0,,,959.9,956.4,957.0,957.8,,,,,,,94.0,47.0,78.0,73.0,-1,-1,-1,,,,0.0,,,,,,,11,,4,19,11,21,4,12,1,0,1,1,0.7,1308.0
19711,2026-10-03,,,,,,,,0,0,1613.0,6.5,7.8,8.9,7.7,24.0,8.0,28.0,,,,6.7,0,,,,,,,,,,,,,72.0,40.0,69.0,60.0,-1,-1,-1,,,,,,,,,,,11,,6,17,11,18,5,11,,2,2,2,2.7,253.0
19720,2026-10-03,,,,,,,,0,0,1630.0,8.4,10.3,9.8,9.5,0.0,12.0,28.0,,,,4.7,0,,,949.9,947.4,948.0,948.4,,,,,,,96.0,47.0,87.0,77.0,-1,,-1,,,,,,,,,,,10,,5,19,9,20,4,12,0,0,1,1,0.7,1153.0
19821,2026-10-03,,,,,,,,0,0,1669.0,9.6,10.4,10.0,10.0,4.0,24.0,4.0,,,,4.5,0,,,922.5,920.3,920.9,921.2,,,,,,,100.0,45.0,77.0,74.0,-1,-1,-1,,,,,,,,,,,,,6,20,11,21,6,13,4,1,1,1,1.1,1232.0
19911,2026-10-03,,,,,,,,0,0,1563.0,7.2,12.1,10.4,9.9,0.0,12.0,28.0,,,,6.1,0,,,967.5,964.3,964.8,965.5,,,,,,,99.0,52.0,88.0,80.0,-1,-1,-1,,,,,,,,,,,10,,3,20,10,20,2,11,1,0,2,1,1.2,1437.0
20002,2026-10-03,,,,,,,,0,0,1606.0,8.1,10.2,8.6,9.0,24.0,12.0,0.0,,,,5.2,0,,,926.7,925.3,925.2,925.7,,,,,,,98.0,55.0,87.0,80.0,-1,-1,-1,,,,,,,,,,,10,,4,16,7,17,3,10,0,1,2,0,1.2,1209.0
20011,2026-10-03,,,,,,,,0,0,1587.0,7.7,10.4,10.4,9.5,28.0,16.0,32.0,,,,7.7,0,,,,,,,,,,,,,94.0,45.0,79.0,73.0,-1,-1,-1,,,,,,,,,,,10,,4,20,11,20,4,12,0,1,3,1,2.2,1421.0
20020,2026-10-03,,,,,,,,,,,,,,,,,,,,,,0,,,,,,,,,,,,,,,,,,,,,,,,,,,,,,,,,,,,,,,,,,,
20021,2026-10-03,,,,,,,,0,0,1758.0,2.4,,4.1,,12.0,20.0,16.0,,,,5.4,0,,,797.1,797.5,797.4,797.3,,,,,,,23.0,48.0,38.0,36.0,-1,-1,-1,,,,0.0,,,,,,,11,,7,,8,12,6,9,,2,2,2,2.7,223.0
20101,2026-10-03,0.0,0.0,,2.0,2.0,,,0,0,1802.0,8.0,9.6,5.9,7.8,8.0,8.0,8.0,0,0,,6.2,0,0,0,860.4,860.1,859.9,860.1,0,0,,,,,85.0,63.0,52.0,67.0,-1,-1,-1,,,,0.0,-1.0,0,-1.0,40000.0,80000.0,,11,1,6,13,9,15,5,10,0,2,2,2,2.7,1133.0
20105,2026-10-03,,,,,,,,0,0,1457.0,8.0,11.0,8.5,9.2,8.0,20.0,4.0,,,,6.6,0,,,929.5,927.8,927.8,928.4,,,,,,,82.0,58.0,69.0,70.0,-1,-1,-1,,,,,,,,,,,10,,7,17,10,18,6,12,3,2,3,3,3.9,1836.0
20123,2026-10-03,0.0,0.0,0.0,1.0,1.0,1.0,10.0,0,0,1541.0,9.2,11.0,11.9,10.7,16.0,12.0,4.0,1,0,0,4.7,0,0,0,975.1,972.1,972.1,973.1,0,0,,,,,97.0,49.0,82.0,76.0,-1,-1,-1,,,,,-1.0,0,-1.0,10000.0,25000.0,5000.0,10,0,6,19,13,21,5,13,3,1,2,1,1.6,1325.0
20202,2026-10-03,,,,,,,,0,0,1373.0,9.7,10.7,10.5,10.3,8.0,4.0,16.0,,,,5.9,0,,,979.1,976.3,975.9,977.1,,,,,,,100.0,44.0,67.0,70.0,-1,-1,-1,,,,0.0,,,,,,,,,7,21,14,21,6,14,4,1,1,1,1.1,1733.0
20209,2026-10-03,,,,,,,,0,0,1540.0,9.1,9.5,10.5,9.7,4.0,4.0,20.0,,,,4.5,0,,,,,,,,,,,,,91.0,43.0,67.0,67.0,-1,-1,-1,,,,,,,,,,,10,,7,19,14,20,7,13,5,1,2,2,2.1,1522.0
20212,2026-10-03,1.0,0.0,0.0,10.0,2.0,1.0,43.0,0,0,1573.0,8.5,10.6,11.0,10.0,28.0,16.0,28.0,1,0,0,4.7,0,0,1,980.2,977.4,976.8,978.1,0,0,,,,,96.0,47.0,77.0,73.0,-1,-1,-1,,,,0.0,-1.0,0,-1.0,300.0,50000.0,40000.0,9,1,5,20,12,21,5,13,2,1,2,1,1.6,1241.0
20220,2026-10-03,,,,,,,,0,0,1563.0,10.7,10.7,11.3,10.9,28.0,12.0,4.0,,,,5.1,0,,,979.9,977.0,976.6,977.8,,,,,,,100.0,48.0,85.0,78.0,-1,-1,-1,,,,,,,,,,,10,,8,19,11,20,6,13,5,1,2,1,1.6,1335.0
20270,2026-10-03,,,,,,,,0,0,1548.0,7.8,10.6,10.7,9.7,8.0,16.0,32.0,,,,4.5,0,,,969.0,966.5,966.4,967.3,,,,,,,90.0,44.0,77.0,70.0,-1,-1,-1,,,,,,,,,,,10,,5,21,12,21,5,13,4,1,1,1,1.1,1327.0
20411,2026-10-03,,,,,,,,0,0,1388.0,7.6,10.5,11.2,9.8,4.0,20.0,4.0,,,,3.5,0,,,978.2,975.7,975.3,976.4,,,,,,,98.0,47.0,88.0,78.0,-1,-1,-1,,,,,,,,,,,7,,3,19,11,21,2,12,0,1,1,1,1.1,1320.0
20412,2026-10-03,,,,,,,,0,0,1534.0,8.0,10.3,8.5,8.9,0.0,16.0,12.0,,,,3.9,0,,,971.4,968.8,968.5,969.6,,,,,,,90.0,46.0,78.0,71.0,-1,-1,-1,,,,,,,,,,,11,,5,19,8,20,3,12,-1,0,1,1,0.7,1112.0
20903,2026-10-03,,,,,,,,0,0,1572.0,8.9,8.2,9.4,8.8,24.0,16.0,12.0,,,,6.2,0,,,1007.6,1005.8,1005.3,1006.2,,,,,,,88.0,29.0,63.0,60.0,-1,-1,-1,,,,,,,,,,,11,,7,23,13,24,5,14,,2,2,1,2.1,1136.0
21101,2026-10-03,,,,0.0,0.0,0.0,0.0,0,0,1214.0,7.4,9.4,8.1,8.3,20.0,4.0,20.0,1,0,0,6.6,0,0,0,906.5,905.7,905.4,905.9,0,0,,,,,75.0,53.0,60.0,63.0,-1,-1,-1,,,,0.0,-1.0,0,-1.0,30000.0,70000.0,70000.0,5,1,7,16,11,16,6,11,3,1,1,2,1.6,1930.0
21300,2026-10-03,,,,0.0,0.0,0.0,0.0,0,0,1501.0,7.1,10.3,10.7,9.4,8.0,24.0,12.0,1,0,0,7.5,0,0,0,960.4,957.8,958.1,958.8,0,0,,,,,95.0,48.0,85.0,76.0,-1,-1,-1,,,,,-1.0,0,-1.0,15000.0,40000.0,30000.0,9,1,3,19,10,20,3,11,0,1,2,1,1.6,1330.0
1,2026-10-04,1.0,,0.0,4.0,0.0,1.0,17.0,0,0,1533.0,7.7,9.0,9.5,8.7,0.0,16.0,32.0,1,0,0,5.2,0,0,,940.3,937.0,937.5,938.3,0,0,,,,,89.0,34.0,63.0,62.0,-1,-1,-1,,,,,-1.0,0,-1.0,900.0,7000.0,6000.0,10,0,5,22,13,23,3,13,-1,0,1,1,0.7,1645.0
2,2026-10-04,0.0,0.0,0.0,1.0,5.0,7.0,43.0,0,0,1462.0,6.8,13.2,13.0,11.0,0.0,4.0,8.0,1,0,1,6.1,0,0,1,954.8,950.2,951.0,952.0,0,0,,,,,98.0,51.0,71.0,73.0,-1,-1,-1,,0,0,,-1.0,0,-1.0,400.0,50000.0,30000.0,9,0,2,22,16,23,1,12,0,0,2,1,1.2,1537.0
3,2026-10-04,0.0,0.0,2.0,1.0,6.0,8.0,50.0,0,0,1353.0,11.4,12.0,10.7,11.4,20.0,24.0,28.0,1,0,0,6.4,0,0,0,957.4,956.5,956.3,956.7,0,0,,,,,85.0,49.0,57.0,64.0,-1,-1,-1,0,0,0,,-1.0,0,-1.0,18000.0,30000.0,20000.0,9,1,11,21,17,21,7,14,2,2,2,1,2.1,1301.0
4,2026-10-04,,,,,,,,0,0,1294.0,13.3,14.5,15.5,14.4,24.0,24.0,24.0,,,,5.8,0,,,997.5,995.4,995.1,996.0,,,,,,,98.0,53.0,79.0,77.0,-1,-1,-1,,,,,,,,,,,9,,12,23,17,24,8,16,6,1,2,1,1.6,1238.0
5,2026-10-04,,,,,,,,0,0,,9.5,12.7,13.4,11.9,8.0,20.0,24.0,,,,7.3,0,,,943.3,940.0,940.8,941.4,,,,,,,96.0,52.0,76.0,75.0,0,-1,0,,,,,,,,,,,10,,7,21,16,22,6,14,,1,1,1,1.1,1438.0
6,2026-10-04,,,,,,,,0,0,1592.0,8.2,11.6,9.0,9.6,24.0,12.0,0.0,,,,4.5,0,,,924.4,922.2,922.3,923.0,,,,,,,99.0,58.0,86.0,81.0,-1,-1,-1,,,,,,,,,,,10,,4,18,8,18,3,10,0,1,2,0,1.2,1119.0
7,2026-10-04,,,,,,,,0,0,1446.0,7.2,10.3,10.4,9.3,12.0,32.0,16.0,,,,4.2,0,,,905.5,902.0,903.1,903.5,,,,,,,88.0,49.0,75.0,71.0,-1,-1,-1,,,,,,,,,,,7,,4,18,12,19,3,11,,1,2,2,2.1,707.0
8,2026-10-04,,,,,,,,0,0,1557.0,6.9,8.2,9.0,8.0,32.0,16.0,28.0,,,,5.8,0,,,997.6,995.2,994.6,995.8,,,,,,,87.0,31.0,68.0,62.0,-1,-1,-1,,,,,,,,,,,10,,4,22,11,23,3,13,,1,2,1,1.6,1214.0
9,2026-10-04,,,,,,,,0,0,1303.0,10.1,13.9,14.2,12.7,8.0,16.0,4.0,,,,6.1,0,,,966.9,963.4,964.1,964.8,,,,,,,94.0,51.0,81.0,75.0,-1,-1,-1,,,,,,,,,,,7,,8,23,16,23,8,16,,1,1,2,1.6,1445.0
10,2026-10-04,,,,,,,,0,0,1429.0,7.2,12.1,13.4,10.9,0.0,24.0,24.0,,,,8.0,0,,,937.6,934.0,934.8,935.5,,,,,,,93.0,48.0,77.0,73.0,-1,-1,-1,,,,,,,,,,,10,,3,21,15,22,2,12,,0,2,1,1.2,1501.0
11,2026-10-04,,,,,,,,0,0,1565.0,8.1,7.7,9.1,8.3,24.0,12.0,8.0,,,,5.4,0,,,1005.2,1002.6,1002.0,1003.3,,,,,,,92.0,26.0,61.0,60.0,-1,-1,-1,,,,,,,,,,,11,,5,24,13,24,2,13,,2,2,1,2.1,1311.0
13,2026-10-04,,,,,,,,0,0,1688.0,6.9,6.4,6.8,6.7,24.0,20.0,24.0,,,,6.1,0,,,955.3,954.1,953.5,954.3,,,,,,,43.0,26.0,37.0,35.0,-1,-1,-1,,,,,,,,,,,11,,14,21,16,21,12,17,,1,2,1,1.6,1134.0
14,2026-10-04,,,,,,,,0,0,1452.0,9.8,12.6,13.6,12.0,16.0,32.0,12.0,,,,9.7,0,,,966.8,961.4,962.9,963.7,,,,,,,93.0,48.0,73.0,71.0,-1,-1,-1,,,,,,,,,,,9,,8,22,16,22,7,15,7,1,3,1,2.2,1350.0
15,2026-10-04,,,,,,,,0,0,1405.0,12.7,16.4,14.7,14.6,4.0,28.0,8.0,,,,3.6,0,,,976.3,974.9,974.3,975.2,,,,,,,93.0,70.0,77.0,80.0,3,-1,-1,,,,,,,,,,,9,,12,20,17,22,11,17,8,1,2,1,1.6,1217.0
16,2026-10-04,,,,,,,,0,0,1469.0,7.9,9.9,10.9,9.6,12.0,12.0,12.0,,,,5.3,0,,,871.6,869.1,870.0,870.2,,,,,,,79.0,50.0,76.0,68.0,5,-1,-1,,,,0.0,,,,,,,8,,7,17,12,19,6,12,,1,2,2,2.1,1501.0
17,2026-10-04,,,,,,,,0,0,1417.0,7.1,9.7,10.1,9.0,24.0,12.0,20.0,,,,5.4,0,,,,,,,,,,,,,93.0,35.0,69.0,66.0,-1,-1,-1,,,,,,,,,,,10,,3,23,13,24,2,13,,1,1,1,1.1,1705.0
18,2026-10-04,,,,,,,,0,0,1497.0,7.8,9.6,8.2,8.5,8.0,16.0,16.0,,,,7.1,0,,,1009.3,1007.3,1006.5,1007.7,,,,,,,69.0,34.0,46.0,50.0,-1,-1,-1,,,,,,,,,,,10,,9,23,16,24,7,16,5,1,2,1,1.6,1209.0
19,2026-10-04,,,,,,,,0,0,,7.4,10.7,10.2,9.4,0.0,8.0,32.0,,,,4.3,0,,,957.7,953.4,954.1,955.1,,,,,,,93.0,46.0,77.0,72.0,-1,-1,-1,,,,0.0,,,,,,,11,,4,20,11,21,3,12,0,0,1,1,0.7,1420.0
20,2026-10-04,,,,,,,,0,0,1470.0,12.0,14.2,12.2,12.8,4.0,32.0,8.0,,,,6.9,0,,,916.5,914.7,915.4,915.5,,,,,,,95.0,56.0,83.0,78.0,13,-1,-1,,,,,,,,,,,8,,10,21,13,22,8,15,7,1,2,2,2.1,1356.0
21,2026-10-04,,,,0.0,0.0,0.0,0.0,0,0,1495.0,7.3,12.1,11.1,10.2,12.0,28.0,12.0,1,0,1,8.5,0,0,0,958.2,954.6,955.1,956.0,0,0,,,,,96.0,56.0,87.0,80.0,-1,-1,-1,,,,,-1.0,0,-1.0,12000.0,50000.0,40000.0,9,1,3,19,11,19,3,11,0,1,2,1,1.6,1209.0
22,2026-10-04,,,,,,,,0,0,1420.0,8.6,10.8,8.4,9.3,32.0,8.0,32.0,,,,7.3,0,,,1007.1,1004.7,1004.3,1005.4,,,,,,,77.0,39.0,49.0,55.0,-1,-1,-1,0,0,0,,,,,,,,11,,9,23,15,24,7,16,7,1,2,2,2.1,1607.0
23,2026-10-04,,,,,,,,0,0,1365.0,12.4,14.7,13.6,13.6,28.0,24.0,24.0,,,,5.1,0,,,991.2,989.2,988.8,989.7,,,,,,,94.0,56.0,66.0,72.0,-1,-1,-1,,,,,,,,,,,8,,11,22,18,23,10,17,8,1,2,2,2.1,1756.0
24,2026-10-04,2.0,2.0,2.0,5.0,4.0,8.0,57.0,0,0,1411.0,12.5,15.8,14.3,14.2,0.0,32.0,0.0,0,0,0,6.6,0,0,0,976.3,974.5,974.4,975.1,0,0,,,,,92.0,56.0,71.0,73.0,2,-1,-1,,,,,-1.0,0,-1.0,25000.0,25000.0,25000.0,10,0,12,23,18,23,11,17,10,0,2,0,0.9,1337.0
25,2026-10-04,,,,,,,,0,0,1553.0,7.5,8.6,7.5,7.9,16.0,16.0,20.0,,,,5.2,0,,,910.7,909.5,909.3,909.8,,,,,,,62.0,39.0,53.0,51.0,-1,-1,-1,,,,,,,,,,,10,,10,19,12,20,7,14,1,1,2,2,2.1,1308.0
26,2026-10-04,,,,,,,,0,0,1273.0,10.9,14.0,12.3,12.4,12.0,16.0,32.0,,,,4.1,0,,,965.1,963.4,963.4,964.0,,,,,,,89.0,54.0,71.0,71.0,-1,-1,-1,,,,,,,,,,,7,,10,22,15,23,5,14,,1,1,1,1.1,1324.0
27,2026-10-04,,,,,,,,0,0,,13.9,14.6,11.4,13.3,0.0,28.0,28.0,,,,5.7,0,,,,,,,,,,,,,100.0,58.0,61.0,73.0,-1,-1,-1,,,,,,,,,,,9,,12,21,17,22,11,17,6,0,2,2,1.8,1456.0
28,2026-10-04,,,,,,,,0,0,1381.0,8.0,10.4,11.3,9.9,16.0,20.0,20.0,,,,11.8,0,,,854.3,852.0,852.9,853.1,,,,,,,92.0,52.0,77.0,74.0,8,-1,-1,,,,,,,,,,,7,,5,18,13,18,5,11,3,1,4,3,4.1,1451.0
30,2026-10-04,0.0,0.0,,1.0,1.0,,,,,,8.2,9.1,9.7,9.0,,,,1,0,,,0,0,0,986.2,984.0,983.5,984.6,0,0,,,,,87.0,34.0,61.0,61.0,-1,-1,-1,,,,,-1.0,0,-1.0,80000.0,60000.0,,,1,6,22,14,22,6,14,4,,,,,
31,2026-10-04,,,,,,,,0,0,1411.0,8.5,11.5,12.1,10.7,16.0,8.0,12.0,,,,5.5,0,,,1011.1,1008.7,1008.0,1009.3,,,,,,,79.0,41.0,67.0,62.0,-1,-1,-1,,,,,,,,,,,10,,8,23,16,24,6,15,0,1,1,1,1.1,1412.0
32,2026-10-04,,,,,,,,0,0,1414.0,8.9,11.3,8.7,9.6,0.0,8.0,28.0,,,,5.2,0,,,1004.0,1001.5,1001.2,1002.2,,,,,,,77.0,39.0,49.0,55.0,-1,-1,-1,,,,,,,,,,,10,,9,24,16,24,6,15,0,0,1,2,1.2,1407.0
36,2026-10-04,,,,,,,,0,0,1531.0,8.7,9.6,6.9,8.4,20.0,12.0,28.0,,,,7.5,0,,,921.1,920.2,919.8,920.4,,,,,,,55.0,39.0,43.0,46.0,-1,-1,-1,,,,,,,,,,,10,,14,21,14,22,12,17,,1,3,2,2.8,1212.0
37,2026-10-04,0.0,0.0,,1.0,3.0,0.0,13.0,0,0,1458.0,7.4,12.7,11.9,10.7,16.0,16.0,16.0,0,0,0,4.5,0,0,0,999.1,996.9,996.5,997.5,0,0,,,,,74.0,46.0,58.0,59.0,-1,-1,-1,,0,0,,-1.0,0,-1.0,15000.0,20000.0,15000.0,10,1,7,23,18,24,4,14,0,1,1,1,1.1,1624.0
38,2026-10-04,,,,,,,,0,0,1464.0,12.6,12.0,12.6,12.4,20.0,16.0,28.0,,,,7.8,0,,,939.9,935.9,937.0,937.6,,,,,,,91.0,40.0,61.0,64.0,13,-1,-1,,,,,,,,,,,9,,12,24,18,25,12,18,,1,1,2,1.6,1517.0
39,2026-10-04,0.0,0.0,0.0,3.0,3.0,7.0,43.0,0,0,1458.0,11.7,12.7,14.4,12.9,32.0,4.0,4.0,1,0,0,8.8,0,0,0,958.2,954.5,955.5,956.1,0,0,,,,,84.0,44.0,68.0,65.0,25,-1,-1,1,0,0,,-1.0,0,-1.0,8000.0,13000.0,4000.0,10,1,12,24,18,24,11,18,8,1,2,2,2.1,1543.0
40,2026-10-04,,,,,,,,0,0,1470.0,7.6,11.8,12.3,10.6,0.0,32.0,12.0,,,,6.5,0,,,949.7,945.5,946.4,947.2,,,,,,,95.0,48.0,74.0,72.0,-1,-1,-1,,,,,,,,,,,10,,4,21,15,23,4,13,1,0,1,3,1.9,1855.0
42,2026-10-04,,,,,,,,0,0,1420.0,13.3,15.0,14.2,14.2,20.0,8.0,4.0,,,,11.2,0,,,967.1,963.5,964.3,965.0,,,,,,,96.0,55.0,65.0,72.0,1,-1,-1,,,,,,,,,,,9,,12,23,19,23,11,17,,1,3,3,3.4,1530.0
43,2026-10-04,,,,,,,,0,0,1430.0,6.6,8.8,8.6,8.0,0.0,20.0,32.0,,,,5.0,0,,,877.6,875.2,876.0,876.3,,,,,,,74.0,44.0,72.0,63.0,-1,-1,-1,,,,0.0,,,,,,,7,,5,18,10,18,5,12,0,0,2,1,1.2,1314.0
44,2026-10-04,,,,,,,,0,0,1451.0,6.8,8.5,10.2,8.5,24.0,12.0,24.0,,,,6.0,0,,,943.8,940.1,940.8,941.6,,,,,,,92.0,35.0,75.0,67.0,-1,-1,-1,,,,,,,,,,,9,,3,21,12,21,3,12,1,1,3,1,2.2,1259.0
46,2026-10-04,,,,,,,,0,0,1385.0,8.8,15.1,13.6,12.5,12.0,8.0,28.0,,,,4.8,0,,,1004.4,1001.8,1001.8,1002.7,,,,,,,85.0,50.0,78.0,71.0,-1,-1,-1,,,,,,,,,,,10,,8,24,15,24,4,14,2,1,1,1,1.1,1211.0
47,2026-10-04,,0.0,1.0,0.0,1.0,6.0,23.0,0,0,1424.0,9.0,11.3,12.7,11.0,0.0,12.0,20.0,1,0,0,3.9,0,0,0,914.2,911.1,911.9,912.4,0,0,,,,,91.0,49.0,81.0,74.0,-1,-1,-1,,0,0,,-1.0,0,-1.0,15000.0,25000.0,15000.0,7,1,7,20,14,21,7,14,5,0,1,1,0.7,1511.0
48,2026-10-04,1.0,0.0,0.0,8.0,1.0,2.0,37.0,0,0,1518.0,7.9,11.2,11.4,10.2,28.0,16.0,28.0,1,0,0,4.7,0,0,1,977.9,974.1,973.7,975.2,0,0,,,,,92.0,50.0,78.0,73.0,-1,-1,-1,,,,0.0,-1.0,0,-1.0,400.0,50000.0,40000.0,9,1,5,19,13,20,4,12,2,1,2,1,1.6,1343.0
49,2026-10-04,,,,,,,,0,0,,7.3,8.1,8.5,8.0,0.0,16.0,0.0,,,,5.4,0,,,,,,,,,,,,,86.0,28.0,59.0,58.0,-1,-1,-1,,,,,,,,,,,10,,5,24,13,24,0,12,-3,0,1,0,0.4,1156.0
50,2026-10-04,,,,,,,,0,0,1369.0,10.3,12.2,12.6,11.7,16.0,4.0,28.0,,,,8.3,0,,,936.5,932.0,933.1,933.9,,,,,,,73.0,40.0,58.0,57.0,8,-1,-1,,,,,,,,,,,7,,12,24,19,25,12,18,11,3,2,1,2.8,1636.0
51,2026-10-04,99.0,99.0,99.0,3.0,4.0,6.0,43.0,0,0,1416.0,8.6,13.9,11.9,11.5,0.0,32.0,4.0,0,0,0,6.0,0,0,0,1008.0,1005.4,1005.1,1006.2,0,0,,,,,79.0,48.0,60.0,62.0,-1,-1,-1,,0,0,,-1.0,0,-1.0,30000.0,40000.0,30000.0,10,0,8,24,17,24,5,15,3,0,1,2,1.2,1504.0
52,2026-10-04,,,,,,,,0,0,1394.0,7.7,13.6,13.3,11.5,28.0,8.0,28.0,,,,5.6,0,,,1004.3,1001.9,1001.9,1002.7,,,,,,,77.0,49.0,74.0,67.0,-1,-1,-1,,,,,,,,,,,9,,7,23,16,24,6,15,5,2,1,1,1.6,105.0
53,2026-10-04,,,,,,,,0,0,1603.0,8.5,8.5,8.6,8.5,32.0,12.0,16.0,,,,5.0,0,,,967.0,965.6,965.1,965.9,,,,,,,53.0,36.0,44.0,44.0,-1,-1,-1,,,,,,,,,,,11,,14,20,17,21,11,16,7,1,1,1,1.1,1356.0
54,2026-10-04,,,,,,,,0,0,1566.0,8.3,10.7,10.4,9.8,0.0,16.0,20.0,,,,4.7,0,,,998.1,995.3,994.8,996.1,,,,,,,93.0,39.0,76.0,69.0,-1,-1,-1,,,,,,,,,,,11,,5,23,12,23,3,13,0,0,2,1,1.2,1513.0
55,2026-10-04,,,,,,,,0,0,1518.0,7.5,9.7,10.6,9.3,0.0,12.0,20.0,,,,4.9,0,,,953.2,948.5,949.6,950.4,,,,,,,93.0,39.0,75.0,69.0,-1,-1,-1,,,,0.0,,,,,,,10,,4,21,12,22,4,13,0,0,1,1,0.7,1358.0
56,2026-10-04,,,,,,,,0,0,1238.0,12.7,14.3,14.1,13.7,20.0,20.0,24.0,,,,5.7,0,,,997.7,995.4,995.1,996.1,,,,,,,85.0,53.0,75.0,71.0,-1,-1,-1,,,,,,,,,,,9,,13,22,17,23,11,17,9,1,1,1,1.1,1231.0
57,2026-10-04,,,,,,,,0,0,1250.0,7.3,10.0,10.6,9.3,0.0,28.0,28.0,,,,6.5,0,,,963.2,962.2,962.1,962.5,,,,,,,83.0,40.0,70.0,64.0,-1,-1,-1,,,,,,,,,,,10,,5,21,13,22,4,13,3,0,2,1,1.2,1314.0
58,2026-10-04,,,,0.0,,,,0,0,1491.0,7.3,7.6,7.5,7.5,24.0,16.0,28.0,0,,,7.4,0,0,0,1005.3,1003.0,1002.6,1003.6,0,0,,,,,79.0,25.0,53.0,52.0,-1,-1,-1,,0,,,-1.0,0,-1.0,6000.0,,,10,0,6,24,12,25,2,13,0,1,2,1,1.6,1101.0
59,2026-10-04,,,,,,,,0,0,1487.0,6.8,12.4,11.8,10.3,12.0,28.0,28.0,,,,7.2,0,,,929.7,927.4,927.8,928.3,,,,,,,86.0,52.0,81.0,73.0,-1,-1,-1,,,,,,,,,,,10,,4,20,13,21,2,12,1,2,3,1,2.8,1420.0
60,2026-10-04,,,,,,,,0,0,1357.0,13.6,15.3,15.2,14.7,0.0,32.0,0.0,,,,3.9,0,,,969.5,967.9,967.8,968.4,,,,,,,97.0,62.0,88.0,82.0,-1,-1,-1,,,,,,,,,,,9,,12,21,15,21,11,16,,0,1,0,0.4,1309.0
61,2026-10-04,,,,,,,,0,0,1347.0,10.6,13.6,15.1,13.1,24.0,16.0,24.0,,,,3.7,0,,,954.9,951.4,952.3,952.9,,,,,,,88.0,49.0,81.0,73.0,2,-1,-1,,,,0.0,,,,,,,8,,10,23,16,24,9,16,4,1,1,1,1.1,1344.0
62,2026-10-04,,,,0.0,0.0,0.0,0.0,0,0,1629.0,8.8,11.7,10.6,10.4,4.0,20.0,32.0,1,0,0,4.0,0,0,0,,,,,0,0,,,,,96.0,50.0,77.0,74.0,-1,-1,-1,,,,,-1.0,0,-1.0,60000.0,60000.0,60000.0,10,1,6,20,12,21,5,13,3,1,1,2,1.6,1530.0
63,2026-10-04,,,,0.0,0.0,0.0,0.0,0,0,1582.0,7.6,7.8,7.5,7.6,28.0,16.0,28.0,0,0,0,6.8,0,0,0,915.6,914.7,914.3,914.9,0,0,,,,,51.0,39.0,54.0,48.0,-1,-1,-1,,0,0,,-1.0,0,-1.0,10000.0,10000.0,10000.0,10,0,13,18,12,18,9,14,3,1,2,1,1.6,1139.0
64,2026-10-04,,,,,,,,0,0,1532.0,6.5,10.3,8.1,8.3,28.0,16.0,28.0,,,,7.5,0,,,930.1,926.8,927.4,928.1,,,,,,,93.0,44.0,68.0,68.0,-1,-1,-1,,,,,,,,,,,10,,2,20,10,20,1,11,,1,3,1,2.2,1616.0
65,2026-10-04,,,,,,,,0,0,1364.0,8.1,9.1,9.7,9.0,8.0,20.0,8.0,,,,4.1,0,,,1015.2,1012.6,1012.1,1013.3,,,,,,,78.0,31.0,66.0,58.0,-1,-1,-1,,,,,,,,,,,9,,8,24,13,25,6,15,,1,1,1,1.1,1350.0
66,2026-10-04,0.0,,1.0,1.0,,7.0,,0,0,1143.0,5.6,7.2,9.8,7.5,16.0,4.0,8.0,1,0,0,7.1,0,0,0,817.7,815.8,816.7,816.7,0,1,,,,,67.0,41.0,77.0,62.0,6,-1,-1,,,,0.0,-1.0,0,-1.0,100000.0,,5000.0,6,0,4,15,11,16,4,10,,1,2,1,1.6,1449.0
67,2026-10-04,,,,,,,,0,0,1391.0,7.5,13.4,11.5,10.8,20.0,16.0,16.0,,,,7.1,0,,,974.5,973.4,973.0,973.6,,,,,,,58.0,55.0,56.0,56.0,-1,-1,-1,,,,,,,,,,,10,,11,21,18,22,9,16,6,3,2,3,3.9,17.0
68,2026-10-04,,,,,,,,0,0,1522.0,7.1,8.8,9.9,8.6,32.0,20.0,32.0,,,,6.8,0,,,836.8,835.4,835.8,836.0,,,,,,,65.0,46.0,80.0,64.0,-1,-1,-1,,,,,,,,,,,10,,8,17,10,19,6,13,,2,1,2,2.1,1546.0
69,2026-10-04,,,,,,,,0,0,1523.0,7.4,10.1,10.1,9.2,24.0,12.0,28.0,,,,5.6,0,,,950.7,946.8,947.7,948.4,,,,,,,92.0,44.0,77.0,71.0,,-1,-1,,,,,,,,,,,9,,4,20,11,20,4,12,0,1,2,1,1.6,216.0
70,2026-10-04,,,,,,,,0,0,1514.0,7.8,12.7,11.9,10.8,0.0,12.0,0.0,,,,4.9,0,,,1004.4,1002.3,1001.8,1002.8,,,,,,,76.0,48.0,76.0,67.0,-1,-1,-1,,,,,,,,,,,10,,7,22,14,24,4,14,3,0,1,0,0.4,1057.0
71,2026-10-04,,,,,,,,0,0,1650.0,7.0,9.4,9.1,8.5,8.0,20.0,8.0,,,,4.8,0,,,908.0,906.6,906.4,907.0,,,,,,,66.0,46.0,66.0,59.0,-1,-1,-1,,,,0.0,,,,,,,11,,8,18,12,19,5,12,4,1,2,2,2.1,1311.0
72,2026-10-04,,,,,,,,0,0,,6.0,11.0,9.4,8.8,24.0,4.0,24.0,,,,5.3,0,,,960.9,958.7,958.9,959.5,,,,,,,88.0,41.0,76.0,68.0,-1,-1,-1,,,,,,,,,,,9,,2,22,10,23,1,12,-1,1,2,1,1.6,1304.0
73,2026-10-04,,,,,,,,0,0,1563.0,7.0,12.7,12.0,10.6,16.0,20.0,8.0,,,,10.0,0,,,934.0,929.5,931.0,931.5,,,,,,,98.0,45.0,88.0,77.0,-1,-1,-1,,,,,,,,,,,10,,2,23,12,24,1,13,1,1,2,1,1.6,1555.0
75,2026-10-04,,,,,,,,0,0,1334.0,11.4,14.2,12.4,12.7,20.0,32.0,4.0,,,,4.3,0,,,982.2,980.5,980.3,981.0,,,,,,,94.0,51.0,75.0,73.0,-1,-1,-1,,,,,,,,,,,9,,10,23,15,24,10,17,9,1,1,1,1.1,1444.0
76,2026-10-04,,,,,,,,0,0,1377.0,11.9,14.2,13.3,13.1,16.0,32.0,4.0,,,,10.1,0,,,931.5,930.0,930.2,930.6,,,,,,,100.0,62.0,83.0,82.0,7,,-1,,,,,,,,,,,9,,10,20,14,20,9,14,4,1,4,1,3.0,1232.0
77,2026-10-04,,,,,,,,0,0,1358.0,11.0,12.7,11.6,11.8,32.0,16.0,32.0,,,,5.7,0,,,956.8,955.4,955.4,955.9,,,,,,,92.0,51.0,65.0,69.0,-1,-1,-1,,,,,,,,,,,10,,10,21,16,22,8,15,5,1,1,2,1.6,1234.0
78,2026-10-04,0.0,,,2.0,,,,0,0,1172.0,6.9,10.6,10.5,9.3,16.0,4.0,16.0,1,,,6.1,0,0,,921.9,917.9,919.3,919.7,0,0,,,,,88.0,43.0,81.0,71.0,-1,-1,-1,,,,,-1.0,0,-1.0,25000.0,,,6,1,3,21,11,21,3,12,-1,1,2,1,1.6,1410.0
80,2026-10-04,,,,,,,,0,0,1482.0,7.8,9.6,10.6,9.3,0.0,12.0,24.0,,,,6.0,0,,,972.1,969.2,969.8,970.4,,,,,,,88.0,33.0,70.0,64.0,-1,-1,-1,0,0,0,,,,,,,,10,,5,24,13,24,4,14,1,0,2,1,1.2,1412.0
81,2026-10-04,,,,,,,,0,0,1409.0,7.8,12.3,12.8,11.0,28.0,8.0,16.0,,,,5.6,0,,,990.8,989.1,988.7,989.5,,,,,,,61.0,44.0,59.0,55.0,-1,-1,-1,,,,,,,,,,,10,,11,23,19,23,9,16,4,1,2,1,1.6,2338.0
82,2026-10-04,0.0,0.0,2.0,2.0,2.0,5.0,30.0,0,0,1579.0,4.8,6.8,9.1,6.9,28.0,32.0,32.0,0,0,0,7.4,0,0,0,780.8,780.1,780.1,780.3,0,0,,,,,55.0,54.0,90.0,66.0,-1,-1,-1,,0,0,,-1.0,0,-1.0,45000.0,35000.0,800.0,8,0,5,10,7,12,5,8,,1,2,1,1.6,54.0
83,2026-10-04,,,,,,,,0,0,1389.0,8.9,12.7,12.7,11.4,28.0,24.0,24.0,,,,7.8,0,,,917.4,914.3,915.3,915.7,,,,,,,91.0,56.0,81.0,76.0,-1,-1,-1,,,,,,,,,,,9,,7,20,14,20,6,13,4,1,2,1,1.6,1350.0
85,2026-10-04,,,,,,,,0,0,1552.0,9.5,9.9,10.7,10.0,28.0,28.0,28.0,,,,5.4,0,,,815.8,815.1,815.1,815.3,,,,,,,80.0,60.0,93.0,78.0,-1,-1,-1,,,,,,,,,,,10,,10,15,9,15,7,11,,1,2,2,2.1,1645.0
86,2026-10-04,,,,,,,,0,0,1620.0,6.8,7.8,7.5,7.4,16.0,12.0,32.0,,,,4.8,0,,,867.6,867.1,866.6,867.1,,,,,,,53.0,51.0,59.0,54.0,-1,-1,-1,,,,,,,,,,,9,,11,13,11,14,8,11,,1,2,2,2.1,1347.0
87,2026-10-04,,,,,,,,0,0,1397.0,12.2,11.8,11.6,11.9,20.0,4.0,28.0,,,,8.7,0,,,894.9,892.7,893.6,893.7,,,,,,,88.0,53.0,79.0,73.0,14,-1,-1,,,,0.0,,,,,,,9,,12,19,13,20,10,15,8,1,3,1,2.2,1611.0
88,2026-10-04,,,,,,,,0,0,1521.0,7.1,9.0,8.3,8.1,20.0,8.0,0.0,,,,8.4,0,,,915.8,914.2,914.1,914.7,,,,,,,87.0,41.0,62.0,63.0,-1,-1,-1,0,0,0,,,,,,,,10,,4,19,11,19,4,12,3,3,2,0,2.4,235.0
89,2026-10-04,,,,,,,,0,0,1451.0,6.3,12.7,12.6,10.5,0.0,28.0,12.0,,,,6.8,0,,,969.2,967.6,967.7,968.2,,,,,,,95.0,52.0,86.0,78.0,-1,-1,-1,,,,,,,,,,,9,,1,21,13,21,1,11,0,0,2,1,1.2,1233.0
90,2026-10-04,,,,,,,,0,0,1441.0,7.1,9.4,11.0,9.2,0.0,12.0,0.0,,,,3.1,0,,,983.4,979.6,979.2,980.7,,,,,,,99.0,39.0,86.0,75.0,-1,-1,-1,,,,,,,,,,,9,,2,21,11,22,2,12,1,0,1,0,0.4,1208.0
91,2026-10-04,,,,,,,,0,0,1531.0,7.9,10.1,8.5,8.8,0.0,4.0,16.0,,,,3.8,0,,,969.2,965.8,965.4,966.8,,,,,,,94.0,45.0,82.0,74.0,-1,-1,-1,,,,,,,,,,,11,,4,19,8,21,2,11,-1,0,1,1,0.7,1116.0
92,2026-10-04,,,,,,,,0,0,1484.0,6.8,10.1,8.2,8.4,0.0,12.0,24.0,,,,8.7,0,,,910.4,906.2,907.4,908.0,,,,,,,100.0,42.0,79.0,74.0,-1,-1,-1,,,,,,,,,,,7,,2,21,8,21,-1,10,,0,2,1,1.2,1559.0
93,2026-10-04,,,,,,,,0,0,1480.0,10.1,13.7,14.5,12.8,20.0,20.0,16.0,,,,7.2,0,,,996.7,994.5,994.4,995.2,,,,,,,86.0,49.0,77.0,71.0,-1,-1,-1,,,,,,,,,,,10,,9,23,17,23,8,16,7,2,3,1,2.8,1127.0
94,2026-10-04,,,,,,,,0,0,1744.0,8.3,8.6,8.5,8.5,28.0,12.0,28.0,,,,5.2,0,,,944.3,943.1,942.6,943.3,,,,,,,69.0,35.0,67.0,57.0,-1,-1,-1,,,,,,,,,,,11,,10,21,11,22,7,15,5,2,1,3,2.8,1225.0
95,2026-10-04,,,,,,,,0,0,1524.0,7.3,11.7,11.7,10.2,0.0,20.0,32.0,,,,4.8,0,,,976.6,972.7,972.6,974.0,,,,,,,98.0,49.0,84.0,77.0,-1,-1,-1,,,,,,,,,,,10,,3,20,12,21,3,12,0,0,2,1,1.2,1224.0
97,2026-10-04,,,,,,,,0,0,1578.0,7.7,8.6,3.8,6.7,28.0,12.0,8.0,,,,7.0,0,,,883.8,882.1,882.3,882.7,,,,,,,90.0,39.0,24.0,51.0,-1,-1,-1,,,,0.0,,,,,,,10,,5,19,14,19,4,12,,1,3,2,2.8,1408.0
98,2026-10-04,2.0,0.0,0.0,10.0,1.0,1.0,40.0,0,0,1541.0,7.2,9.2,8.9,8.4,0.0,20.0,32.0,0,0,0,6.7,0,0,1,913.8,909.2,910.5,911.2,0,0,,,,,99.0,35.0,71.0,68.0,-1,-1,-1,0,0,0,,-1.0,0,-1.0,300.0,50000.0,15000.0,8,1,3,22,10,22,1,12,-1,0,1,1,0.7,1511.0
100,2026-10-04,,,,0.0,0.0,0.0,0.0,0,0,1547.0,9.0,11.4,12.5,11.0,20.0,12.0,4.0,1,0,0,4.4,0,0,0,972.6,968.9,968.9,970.1,0,0,,,,,98.0,50.0,85.0,78.0,-1,-1,-1,,,,,-1.0,0,-1.0,20000.0,25000.0,25000.0,11,0,6,20,13,21,5,13,3,1,2,1,1.6,1433.0
101,2026-10-04,,,,,,,,0,0,1357.0,11.5,15.8,14.4,13.9,8.0,16.0,0.0,,,,6.2,0,,,984.5,982.4,982.5,983.1,,,,,,,84.0,59.0,91.0,78.0,-1,-1,-1,,,,,,,,,,,8,,12,22,14,23,8,16,,2,1,0,1.2,553.0
102,2026-10-04,,,,,,,,0,0,1697.0,9.7,13.5,10.7,11.3,32.0,24.0,4.0,,,,3.9,0,,,920.3,917.5,918.0,918.6,,,,,,,100.0,56.0,80.0,79.0,-1,-1,-1,,,,,,,,,,,9,,7,21,11,22,6,14,5,1,2,1,1.6,1247.0
103,2026-10-04,,,,,,,,0,0,1572.0,6.9,11.5,10.1,9.5,24.0,8.0,20.0,,,,5.4,0,,,947.9,944.3,944.9,945.7,,,,,,,100.0,47.0,91.0,79.0,-1,-1,-1,,,,,,,,,,,10,,2,21,9,21,0,11,-1,1,2,1,1.6,702.0
104,2026-10-04,,,,,,,,0,0,1434.0,11.2,14.9,14.4,13.5,8.0,4.0,8.0,,,,5.6,0,,,,,,,,,,,,,91.0,57.0,87.0,78.0,-1,-1,-1,,,,,,,,,,,9,,10,22,15,23,7,15,4,1,2,1,1.6,1424.0
105,2026-10-04,,,,,,,,0,0,1493.0,9.2,11.9,12.3,11.1,12.0,12.0,20.0,,,,6.5,0,,,1004.1,1001.9,1001.4,1002.5,,,,,,,81.0,43.0,68.0,64.0,-1,-1,-1,,,,,,,,,,,11,,9,23,16,23,8,16,3,1,2,2,2.1,1455.0
106,2026-10-04,,,,,,,,0,0,1388.0,8.4,11.6,12.3,10.8,0.0,12.0,28.0,,,,4.5,0,,,1002.1,999.7,999.5,1000.4,,,,,,,92.0,41.0,82.0,72.0,-1,-1,-1,,,,,,,,,,,10,,6,23,13,23,4,14,,0,1,1,0.7,1158.0
107,2026-10-04,,,,,,,,0,0,1480.0,8.1,11.6,8.3,9.3,16.0,12.0,12.0,,,,5.7,0,,,1005.5,1003.2,1002.5,1003.7,,,,,,,76.0,42.0,38.0,52.0,-1,-1,-1,,,,,,,,,,,10,,8,23,19,24,7,15,4,1,1,2,1.6,1517.0
108,2026-10-04,,,,,,,,0,0,,11.0,15.1,14.7,13.6,12.0,24.0,8.0,,,,8.9,0,,,959.3,956.4,957.1,957.6,,,,,,,86.0,59.0,81.0,75.0,-1,-1,-1,,,,0.0,,,,,,,10,,11,22,16,22,8,15,6,1,2,1,1.6,1502.0
109,2026-10-04,,,,,,,,0,0,,12.5,14.4,14.2,13.7,24.0,16.0,0.0,,,,6.5,0,,,965.6,962.9,963.5,964.0,,,,,,,94.0,52.0,78.0,75.0,-1,-1,-1,,,,,,,,,,,9,,11,23,16,23,11,17,,1,1,0,0.7,1457.0
111,2026-10-04,1.0,0.0,2.0,8.0,5.0,7.0,67.0,0,0,1226.0,13.8,13.9,11.6,13.1,28.0,28.0,28.0,1,0,1,7.0,0,0,0,956.5,955.2,954.9,955.5,0,0,,,,,86.0,60.0,61.0,69.0,-1,-1,-1,0,0,0,,-1.0,0,-1.0,15000.0,30000.0,15000.0,7,0,14,20,17,20,13,17,11,2,1,2,2.1,1454.0
112,2026-10-04,0.0,0.0,0.0,4.0,3.0,6.0,43.0,0,0,1410.0,7.3,10.2,7.8,8.4,24.0,8.0,32.0,0,0,0,6.2,0,0,0,995.5,993.3,993.0,993.9,0,0,,,,,75.0,35.0,43.0,51.0,-1,-1,-1,,0,0,,-1.0,0,-1.0,40000.0,40000.0,25000.0,11,0,7,24,16,24,4,14,2,1,2,2,2.1,1333.0
113,2026-10-04,0.0,0.0,0.0,2.0,2.0,4.0,27.0,0,0,,8.5,12.6,13.0,11.4,24.0,8.0,12.0,1,0,1,3.9,0,0,1,942.6,938.6,939.6,940.3,0,0,,,,,98.0,52.0,84.0,78.0,-1,-1,-1,,0,0,,-1.0,0,-1.0,10000.0,15000.0,10000.0,10,1,5,21,14,22,4,13,,1,1,1,1.1,1552.0
115,2026-10-04,0.0,0.0,0.0,1.0,1.0,5.0,23.0,0,0,1519.0,6.5,9.5,9.0,8.3,28.0,8.0,16.0,1,0,0,4.0,0,0,1,951.8,947.8,948.0,949.2,0,0,,,,,95.0,38.0,62.0,65.0,-1,-1,-1,0,0,0,,-1.0,0,-1.0,600.0,30000.0,20000.0,11,0,2,21,13,23,1,12,-3,1,1,1,1.1,1617.0
116,2026-10-04,,,,,,,,0,0,1624.0,8.5,9.1,10.3,9.3,20.0,12.0,24.0,,,,4.1,0,,,987.7,985.3,984.9,986.0,,,,,,,95.0,35.0,75.0,68.0,-1,-1,-1,,,,,,,,,,,11,,5,22,12,23,4,13,1,1,1,1,1.1,1256.0
118,2026-10-04,,,,,,,,0,0,1508.0,10.2,14.2,13.4,12.6,0.0,28.0,0.0,,,,5.8,0,,,940.5,937.8,938.7,939.0,,,,,,,94.0,54.0,76.0,75.0,-1,-1,-1,,,,,,,,,,,9,,8,22,16,22,8,15,5,0,2,0,0.9,1647.0
119,2026-10-04,,,,,,,,0,0,1471.0,10.7,,11.8,,20.0,20.0,20.0,,,,6.7,0,,,882.7,879.9,881.0,881.2,,,,,,,82.0,43.0,70.0,65.0,11,-1,-1,,,,,,,,,,,7,,11,,15,22,10,16,9,1,1,2,1.6,1510.0
120,2026-10-04,,,,,,,,0,0,1418.0,8.7,11.5,10.9,10.4,16.0,28.0,12.0,,,,4.8,0,,,976.8,972.9,972.9,974.2,,,,,,,99.0,48.0,76.0,74.0,-1,-1,-1,,,,0.0,,,,,,,8,,5,21,12,21,4,13,2,1,1,1,1.1,1734.0
121,2026-10-04,,,,,,,,0,0,1536.0,7.4,9.8,8.4,8.5,12.0,20.0,12.0,,,,7.0,0,,,879.0,875.5,876.4,877.0,,,,,,,90.0,43.0,59.0,64.0,3,-1,-1,,,,,,,,,,,9,,4,20,12,20,4,12,2,1,1,2,1.6,1633.0
122,2026-10-04,0.0,0.0,,1.0,1.0,,,0,0,1805.0,8.0,7.2,6.6,7.3,8.0,12.0,8.0,0,0,,4.9,0,0,0,858.2,857.7,857.4,857.8,0,0,,,,,74.0,41.0,54.0,56.0,-1,-1,-1,,,,0.0,-1.0,0,-1.0,80000.0,80000.0,,11,1,8,16,10,16,6,11,1,1,1,2,1.6,414.0
124,2026-10-04,,0.0,,0.0,1.0,0.0,3.0,0,0,1555.0,7.4,10.4,9.4,9.1,28.0,12.0,24.0,0,0,0,5.5,0,0,0,929.6,926.8,926.8,927.7,0,0,,,,,89.0,45.0,67.0,67.0,-1,-1,-1,,0,0,,-1.0,0,-1.0,5000.0,14000.0,8000.0,11,1,4,20,12,21,0,10,-1,1,1,2,1.6,1814.0
126,2026-10-04,,,,,,,,0,0,1354.0,11.9,13.3,13.1,12.8,24.0,8.0,4.0,,,,12.6,0,,,952.5,948.2,949.5,950.1,,,,,,,97.0,44.0,60.0,67.0,11,-1,-1,,,,,,,,,,,8,,10,24,19,25,10,17,6,1,2,2,2.1,1623.0
127,2026-10-04,,,,,,,,0,0,1370.0,11.6,12.6,12.9,12.4,16.0,8.0,16.0,,,,5.4,0,,,922.7,920.1,920.7,921.2,,,,,,,87.0,52.0,77.0,72.0,18,-1,-1,,,,,,,,,,,9,,11,21,15,21,10,16,8,1,2,1,1.6,1416.0
129,2026-10-04,,,,,,,,0,0,1262.0,11.9,15.3,14.7,14.0,20.0,32.0,0.0,,,,6.1,0,,,956.6,953.7,954.6,955.0,,,,,,,93.0,59.0,85.0,79.0,-1,-1,-1,,,,,,,,,,,6,,11,22,15,22,9,16,6,2,2,0,1.8,1336.0
130,2026-10-04,,,,,,,,0,0,1611.0,6.5,8.5,8.1,7.7,24.0,8.0,24.0,,,,5.7,0,,,906.8,903.1,904.2,904.7,,,,,,,87.0,37.0,67.0,64.0,-1,-1,-1,,,,0.0,,,,,,,11,,3,20,10,20,3,11,0,1,2,1,1.6,1339.0
131,2026-10-04,,,,,,,,0,0,,11.7,14.9,14.7,13.8,12.0,32.0,20.0,,,,8.2,0,,,976.5,974.6,974.5,975.2,,,,,,,85.0,60.0,83.0,76.0,-1,-1,-1,,,,,,,,,,,10,,12,21,16,22,11,17,9,2,2,1,2.1,
132,2026-10-04,,,,,,,,0,0,1403.0,10.3,14.8,14.3,13.1,8.0,28.0,12.0,,,,5.8,0,,,969.7,966.7,967.4,967.9,,,,,,,97.0,58.0,87.0,81.0,-1,-1,-1,,,,,,,,,,,9,,8,22,15,22,8,15,5,1,2,1,1.6,1329.0
133,2026-10-04,,,,,,,,0,0,1381.0,11.4,12.7,12.3,12.1,32.0,32.0,8.0,,,,8.6,0,,,934.4,933.3,933.3,933.7,,,,,,,76.0,51.0,66.0,64.0,3,-1,-1,,,,,,,,,,,9,,13,21,16,23,13,18,10,1,2,1,1.6,1337.0
134,2026-10-04,,,,,,,,0,0,1421.0,8.3,12.0,11.0,10.4,24.0,16.0,12.0,,,,3.9,0,,,1009.3,1007.3,1006.5,1007.7,,,,,,,81.0,41.0,55.0,59.0,-1,-1,-1,,,,,,,,,,,11,,7,24,18,24,5,14,2,1,1,1,1.1,1540.0
136,2026-10-04,,1.0,0.0,0.0,3.0,3.0,20.0,0,0,1279.0,10.5,12.2,12.2,11.6,12.0,24.0,12.0,0,0,0,8.9,0,0,0,911.0,907.6,908.6,909.1,0,0,,,,,91.0,47.0,71.0,70.0,10,-1,-1,,0,0,,-1.0,0,-1.0,40000.0,40000.0,40000.0,7,1,9,22,15,22,9,16,6,1,2,1,1.6,1606.0
137,2026-10-04,,,,,,,,0,0,1430.0,7.2,9.6,8.6,8.5,4.0,20.0,0.0,,,,5.0,0,,,907.5,904.3,905.4,905.7,,,,,,,76.0,42.0,64.0,61.0,-1,-1,-1,,,,,,,,,,,7,,6,20,11,20,6,13,5,1,2,0,1.2,1335.0
138,2026-10-04,0.0,1.0,,2.0,3.0,,,0,0,1271.0,9.8,11.1,12.0,11.0,20.0,4.0,8.0,0,0,0,10.6,0,0,0,,,,,0,0,,,,,92.0,38.0,60.0,63.0,8,-1,-1,,0,0,,-1.0,0,-1.0,5000.0,25000.0,5000.0,7,1,8,24,18,24,8,16,3,1,2,1,1.6,1600.0
139,2026-10-04,,,,,,,,0,0,1399.0,8.4,10.4,12.4,10.4,12.0,28.0,12.0,,,,8.5,0,,,912.1,908.6,909.7,910.1,,,,,,,85.0,44.0,82.0,70.0,6,-1,-1,,,,,,,,,,,8,,7,20,13,20,7,14,6,2,3,1,2.8,1359.0
140,2026-10-04,,,,,,,,0,0,,7.6,8.4,8.3,8.1,32.0,16.0,32.0,,,,7.3,0,,,,,,,,,,,,,78.0,30.0,57.0,55.0,-1,-1,-1,0,0,0,,,,,,,,10,,7,23,13,23,4,14,1,2,2,1,2.1,1104.0
141,2026-10-04,,,,,,,,0,0,1316.0,12.0,13.9,13.2,13.0,20.0,32.0,20.0,,,,3.8,0,,,978.1,976.6,976.4,977.0,,,,,,,96.0,58.0,83.0,79.0,-1,-1,-1,,,,,,,,,,,9,,10,20,14,21,10,16,10,1,1,1,1.1,1406.0
142,2026-10-04,0.0,0.0,0.0,7.0,4.0,5.0,53.0,0,0,1443.0,12.1,15.9,14.7,14.2,20.0,4.0,4.0,1,0,0,8.3,0,0,0,971.2,968.5,968.9,969.5,0,0,,,,,96.0,62.0,75.0,78.0,-1,-1,-1,,0,0,,-1.0,0,-1.0,3000.0,10000.0,8000.0,8,1,10,22,17,22,10,16,8,1,3,1,2.2,1321.0
144,2026-10-04,,,,,,,,0,0,1357.0,11.8,15.5,14.3,13.9,12.0,28.0,12.0,,,,8.9,0,,,976.4,974.8,974.8,975.3,,,,,,,78.0,62.0,85.0,75.0,-1,-1,-1,,,,,,,,,,,8,,13,21,15,22,13,17,9,3,2,1,2.8,302.0
145,2026-10-04,,,,,,,,0,0,1328.0,11.9,14.0,15.3,13.7,32.0,28.0,16.0,,,,6.4,0,,,979.5,977.3,977.4,978.1,,,,,,,97.0,54.0,83.0,78.0,-1,-1,-1,,,,,,,,,,,7,,10,22,16,23,9,16,5,1,1,1,1.1,1321.0
146,2026-10-04,,,,,,,,0,0,1365.0,10.5,11.1,12.2,11.3,28.0,8.0,4.0,,,,9.3,0,,,904.6,902.3,903.2,903.4,,,,,,,95.0,46.0,77.0,73.0,11,-1,-1,,,,,,,,,,,8,,8,21,14,21,8,14,7,1,2,1,1.6,1427.0
147,2026-10-04,,,,,,,,0,0,1559.0,7.4,11.2,12.2,10.3,24.0,4.0,24.0,,,,6.2,0,,,941.2,937.1,937.9,938.7,,,,,,,89.0,47.0,76.0,71.0,-1,-1,-1,,,,,,,,,,,10,,4,20,14,22,4,13,1,1,2,1,1.6,1535.0
148,2026-10-04,,,,,,,,0,0,1378.0,9.3,12.0,11.0,10.8,20.0,32.0,16.0,,,,5.6,0,,,961.4,960.3,960.3,960.7,,,,,,,87.0,45.0,69.0,67.0,-1,-1,-1,,,,,,,,,,,,,8,22,14,22,6,14,3,1,1,1,1.1,1217.0
149,2026-10-04,,,,,,,,0,0,1253.0,6.9,9.0,7.8,7.9,24.0,16.0,24.0,,,,4.7,0,,,893.5,891.3,891.8,892.2,,,,,,,91.0,47.0,76.0,71.0,-1,-1,-1,,,,,,,,,,,6,,3,17,7,17,3,10,-1,1,1,1,1.1,1145.0
150,2026-10-04,,,,,,,,0,0,1161.0,7.6,11.6,11.4,10.2,28.0,16.0,28.0,,,,3.9,0,,,967.7,963.4,964.0,965.0,,,,,,,100.0,50.0,92.0,81.0,-1,-1,-1,,,,,,,,,,,6,,3,20,10,21,3,12,-1,1,2,1,1.6,1320.0
151,2026-10-04,,,,,,,,0,0,1221.0,11.9,14.2,12.3,12.8,32.0,32.0,32.0,,,,8.6,0,,,922.0,920.1,920.8,921.0,,,,,,,97.0,60.0,85.0,81.0,9,-1,-1,,,,,,,,,,,5,,10,20,13,21,7,14,7,1,3,1,2.2,1343.0
152,2026-10-04,,,,,,,,0,0,1457.0,7.2,12.8,12.7,10.9,20.0,16.0,16.0,,,,4.2,0,,,1007.1,1004.8,1004.3,1005.4,,,,,,,76.0,45.0,73.0,65.0,-1,-1,-1,,,,,,,,,,,10,,6,23,15,24,4,14,2,1,1,1,1.1,1041.0
153,2026-10-04,,,,,,,,0,0,1234.0,7.5,9.4,12.6,9.8,28.0,16.0,28.0,,,,5.2,0,,,891.5,890.2,890.3,890.7,,,,,,,84.0,42.0,84.0,70.0,-1,-1,-1,,,,,,,,,,,8,,5,19,13,20,5,12,,1,2,2,2.1,1231.0
154,2026-10-04,0.0,0.0,1.0,4.0,2.0,2.0,27.0,0,0,1521.0,7.6,8.5,8.9,8.3,0.0,12.0,20.0,0,0,0,6.6,0,0,0,997.5,995.1,994.6,995.7,0,0,,,,,88.0,31.0,61.0,60.0,-1,-1,-1,,0,0,,-1.0,0,-1.0,15000.0,15000.0,7000.0,11,0,5,23,13,23,3,13,-3,0,2,1,1.2,1348.0
155,2026-10-04,0.0,0.0,0.0,8.0,1.0,3.0,40.0,0,0,1296.0,10.1,14.9,14.5,13.2,0.0,24.0,16.0,0,0,0,5.2,0,0,0,994.0,991.9,991.6,992.5,0,0,,,,,89.0,55.0,79.0,74.0,-1,-1,-1,0,0,0,,-1.0,0,-1.0,30000.0,40000.0,30000.0,9,1,9,22,16,23,7,15,4,0,2,1,1.2,1413.0
156,2026-10-04,0.0,0.0,0.0,1.0,3.0,1.0,,0,0,,9.4,12.4,13.9,11.9,0.0,20.0,12.0,1,0,0,3.0,0,0,0,955.1,950.3,951.4,952.3,0,0,,,,,97.0,52.0,81.0,77.0,-1,-1,-1,,0,0,,-1.0,0,-1.0,12000.0,30000.0,12000.0,,1,7,20,15,22,6,14,4,0,1,2,1.2,1644.0
157,2026-10-04,,,,,,,,0,0,1380.0,12.7,11.9,11.2,11.9,0.0,24.0,20.0,,,,5.7,0,,,945.6,944.5,944.4,944.8,,,,,,,87.0,52.0,67.0,69.0,-1,-1,-1,,,,,,,,,,,10,,13,20,15,20,10,15,6,0,2,1,1.2,1412.0
158,2026-10-04,,,,,,,,0,0,1408.0,8.2,12.3,12.9,11.1,0.0,16.0,0.0,,,,5.6,0,,,1010.9,1008.7,1008.0,1009.2,,,,,,,93.0,43.0,77.0,71.0,-1,-1,-1,,,,,,,,,,,11,,5,23,15,24,3,13,-2,0,1,0,0.4,1434.0
159,2026-10-04,1.0,0.0,0.0,9.0,3.0,4.0,53.0,0,0,1349.0,11.8,13.6,11.9,12.4,16.0,28.0,8.0,0,0,0,5.0,0,0,1,987.0,985.3,985.1,985.8,0,0,,,,,99.0,54.0,80.0,78.0,-1,-1,-1,0,0,0,0.0,-1.0,0,-1.0,800.0,3000.0,5000.0,9,1,10,21,13,22,9,15,6,1,1,1,1.1,1451.0
160,2026-10-04,,,,,,,,0,0,1281.0,11.8,14.4,12.6,12.9,12.0,24.0,0.0,,,,5.7,0,,,986.5,984.5,984.5,985.2,,,,,,,94.0,54.0,85.0,78.0,-1,-1,-1,,,,,,,,,,,9,,10,22,13,23,7,15,,1,2,0,1.2,1322.0
161,2026-10-04,,,,,,,,0,0,1357.0,12.1,13.2,11.9,12.4,24.0,24.0,24.0,,,,6.8,0,,,948.0,946.8,946.8,947.2,,,,,,,91.0,55.0,81.0,76.0,-1,-1,-1,,,,,,,,,,,10,,11,20,13,21,8,14,5,1,1,1,1.1,938.0
162,2026-10-04,,,,,,,,0,0,1444.0,11.2,14.1,12.9,12.7,16.0,32.0,16.0,,,,4.6,0,,,,,,,,,,,,,97.0,58.0,86.0,80.0,-1,-1,-1,,,,,,,,,,,10,,9,21,13,21,9,15,7,1,1,1,1.1,1446.0
163,2026-10-04,,,,,,,,0,0,1327.0,13.9,18.2,14.2,15.4,24.0,12.0,28.0,,,,5.5,0,,,972.4,970.2,970.5,971.0,,,,,,,96.0,72.0,78.0,82.0,-1,-1,-1,,,,,,,,,,,8,,13,21,16,23,10,16,,1,3,1,2.2,1533.0
164,2026-10-04,0.0,0.0,0.0,2.0,3.0,4.0,30.0,0,0,1492.0,6.7,11.0,9.7,9.1,20.0,4.0,24.0,0,0,0,5.2,0,0,0,989.7,987.3,987.1,988.0,0,0,,,,,88.0,38.0,63.0,63.0,-1,-1,-1,,0,0,,-1.0,0,-1.0,4000.0,6000.0,6000.0,10,1,3,24,13,24,3,13,2,1,2,2,2.1,1303.0
165,2026-10-04,2.0,2.0,1.0,10.0,3.0,3.0,53.0,0,0,1507.0,10.6,13.7,13.3,12.5,8.0,20.0,8.0,1,1,1,6.8,0,0,1,947.1,944.4,945.1,945.5,0,0,,,,,99.0,52.0,78.0,76.0,0,-1,-1,,0,0,,-1.0,0,-1.0,800.0,15000.0,15000.0,9,0,8,22,15,22,8,15,6,1,2,1,1.6,1520.0
166,2026-10-04,2.0,,0.0,10.0,0.0,3.0,43.0,0,0,1496.0,7.4,12.2,14.7,11.4,0.0,12.0,8.0,1,0,1,8.8,0,0,0,955.8,951.4,952.3,953.2,0,0,,,,,96.0,45.0,76.0,72.0,-1,-1,-1,,,,,-1.0,0,-1.0,100.0,38000.0,4000.0,9,1,3,23,17,23,3,13,,0,1,1,0.7,1411.0
167,2026-10-04,,,,,,,,,,,6.6,9.4,10.4,8.8,,,,,,,,0,,,948.4,944.7,945.2,946.1,,,,,,,93.0,36.0,72.0,67.0,-1,-1,-1,,,,,,,,,,,,,2,22,13,23,2,13,,,,,,
169,2026-10-04,,,,,,,,0,0,1461.0,7.5,9.5,8.7,8.6,20.0,4.0,24.0,,,,6.6,0,,,979.6,977.4,977.5,978.2,,,,,,,61.0,32.0,55.0,49.0,-1,-1,-1,,,,,,,,,,,11,,10,24,14,24,7,16,,1,2,1,1.6,1327.0
170,2026-10-04,,,,,,,,0,0,1412.0,7.2,8.5,9.1,8.3,16.0,20.0,20.0,,,,5.3,0,,,976.0,973.4,973.7,974.4,,,,,,,93.0,32.0,72.0,66.0,-1,-1,-1,,,,,,,,,,,9,,3,22,11,23,3,13,-1,1,1,1,1.1,1200.0
171,2026-10-04,,,,,,,,0,0,1453.0,12.8,16.9,15.6,15.1,28.0,32.0,4.0,,,,4.7,0,,,979.6,978.0,977.5,978.4,,,,,,,98.0,66.0,83.0,82.0,,,-1,,,,,,,,,,,10,,11,22,17,23,11,17,7,1,2,1,1.6,1359.0
172,2026-10-04,,,,,,,,0,0,1267.0,11.5,12.7,13.9,12.7,12.0,20.0,12.0,,,,6.7,0,,,932.0,930.3,930.7,931.0,,,,,,,100.0,57.0,88.0,82.0,11,-1,-1,,,,,,,,,,,7,,9,19,14,21,8,14,6,1,2,1,1.6,1405.0
173,2026-10-04,,,,,,,,0,0,979.0,10.5,11.3,11.5,11.1,8.0,0.0,12.0,,,,4.1,0,,,887.9,887.1,887.1,887.4,,,,,,,83.0,67.0,83.0,78.0,9,-1,-1,,,,,,,,,,,5,,10,15,12,18,10,14,,1,0,1,0.7,1236.0
174,2026-10-04,,,,,,,,0,0,1331.0,10.3,11.5,11.5,11.1,0.0,4.0,0.0,,,,8.3,0,,,,,,,,,,,,,91.0,55.0,82.0,76.0,,-1,-1,,,,,,,,,,,8,,9,18,12,18,9,14,,0,3,0,1.5,1347.0
175,2026-10-04,,,,,,,,0,0,1526.0,11.6,13.7,14.7,13.3,24.0,12.0,12.0,,,,8.5,0,,,961.0,957.1,958.2,958.8,,,,,,,90.0,49.0,71.0,70.0,18,-1,-1,,,,,,,,,,,10,,11,23,18,24,10,17,7,1,1,2,1.6,1601.0
176,2026-10-04,,,,,,,,0,0,1420.0,10.0,11.4,10.7,10.7,20.0,28.0,28.0,,,,5.4,0,,,834.7,834.1,834.1,834.3,,,,,,,86.0,76.0,90.0,84.0,,,,,,,,,,,,,,9,,9,13,10,16,8,12,,2,1,1,1.6,1659.0
178,2026-10-04,,,,,,,,,,,11.2,13.8,13.4,12.8,,,,,,,,0,,,918.8,916.5,917.3,917.5,,,,,,,95.0,60.0,83.0,79.0,-1,-1,-1,,,,,,,,,,,,,9,20,14,20,9,14,,,,,,
179,2026-10-04,,0.0,0.0,0.0,2.0,2.0,13.0,0,0,1625.0,8.7,10.3,12.2,10.4,28.0,8.0,28.0,0,0,0,6.2,0,0,0,892.3,890.0,890.7,891.0,0,0,,,,,82.0,49.0,83.0,71.0,-1,-1,-1,0,0,0,,-1.0,0,-1.0,29000.0,29000.0,12000.0,10,1,8,18,13,19,7,13,2,1,2,2,2.1,1715.0
180,2026-10-04,,,,,,,,0,0,,7.8,7.1,7.4,7.4,0.0,20.0,24.0,,,,6.3,0,,,992.7,990.8,990.3,991.3,,,,,,,78.0,25.0,41.0,48.0,-1,-1,-1,,,,,,,,,,,11,,7,23,16,24,5,14,2,0,2,2,1.8,1121.0
181,2026-10-04,,,,,,,,0,0,1355.0,13.1,14.0,14.2,13.8,8.0,28.0,16.0,,,,6.8,0,,,961.2,959.5,959.8,960.2,,,,,,,92.0,48.0,70.0,70.0,3,-1,-1,,,,,,,,,,,9,,12,24,18,24,12,18,10,1,1,1,1.1,1226.0
182,2026-10-04,,,,,,,,0,0,1495.0,7.0,10.0,9.1,8.7,28.0,12.0,28.0,,,,4.1,0,,,934.2,930.3,931.3,931.9,,,,,,,89.0,40.0,65.0,65.0,-1,-1,-1,,,,,,,,,,,10,,4,21,12,21,3,12,,1,1,1,1.1,1318.0
183,2026-10-04,,,,,,,,0,0,1501.0,7.4,8.2,9.0,8.2,24.0,16.0,20.0,,,,6.8,0,,,1004.0,1001.3,1001.1,1002.1,,,,,,,88.0,28.0,65.0,60.0,-1,-1,-1,,,,,,,,,,,11,,4,24,12,24,1,13,0,1,2,1,1.6,1408.0
184,2026-10-04,0.0,,,4.0,,,,0,0,1612.0,,,,,24.0,12.0,20.0,1,,,5.1,0,0,0,732.1,731.8,731.6,731.8,0,0,,,,,,,,,5,-1,-1,,,,0.0,-1.0,0,-1.0,40000.0,,,,0,,,,,,,,2,1,1,1.6,1719.0
185,2026-10-04,,,,,,,,0,0,1471.0,6.1,7.5,7.7,7.1,24.0,8.0,24.0,,,,6.2,0,,,874.6,871.9,873.2,873.2,,,,,,,95.0,39.0,70.0,68.0,-1,-1,-1,,,,0.0,,,,,,,10,,1,17,8,18,0,9,-2,1,3,1,2.2,1340.0
187,2026-10-04,,,,,,,,0,0,1498.0,7.4,10.8,10.1,9.4,28.0,12.0,28.0,,,,7.1,0,,,955.9,952.4,952.9,953.7,,,,,,,95.0,47.0,80.0,74.0,-1,-1,-1,,,,,,,,,,,9,,3,20,11,20,2,11,-2,1,3,2,2.8,1246.0
188,2026-10-04,,,,,,,,0,0,1380.0,8.0,11.2,10.6,9.9,32.0,16.0,4.0,,,,2.9,0,,,976.2,972.5,972.1,973.6,,,,,,,99.0,51.0,89.0,80.0,-1,-1,-1,,,,,,,,,,,7,,4,19,10,20,2,11,-1,1,1,1,1.1,1241.0
189,2026-10-04,,,,,,,,0,0,1311.0,10.1,14.4,14.6,13.0,20.0,20.0,20.0,,,,9.2,0,,,992.9,990.8,990.5,991.4,,,,,,,93.0,50.0,69.0,71.0,,,,,,,,,,,,,,10,,8,23,18,24,7,15,3,1,3,1,2.2,1214.0
192,2026-10-04,,,,,,,,0,0,1463.0,13.5,14.9,14.4,14.3,24.0,28.0,12.0,,,,5.0,0,,,983.3,981.6,981.3,982.1,,,,,,,90.0,57.0,81.0,76.0,-1,-1,-1,,,,,,,,,,,9,,13,22,16,23,11,17,9,1,1,2,1.6,1539.0
193,2026-10-04,,,,,,,,0,0,1486.0,11.8,12.8,12.9,12.5,24.0,20.0,20.0,,,,8.7,0,,,918.2,917.7,917.5,917.8,,,,,,,86.0,64.0,77.0,76.0,-1,-1,-1,,,,,,,,,,,10,,12,18,15,19,11,15,8,4,2,1,3.5,827.0
195,2026-10-04,,,,,,,,0,0,1452.0,9.3,12.8,13.6,11.9,20.0,12.0,0.0,,,,4.6,0,,,,,,,,,,,,,100.0,54.0,88.0,81.0,-1,-1,-1,,,,,,,,,,,9,,6,20,14,22,4,13,,1,2,0,1.2,1702.0
196,2026-10-04,,,,,,,,0,0,1537.0,9.1,,9.7,,28.0,8.0,32.0,,,,7.8,0,,,786.9,786.4,786.3,786.5,,,,,,,92.0,59.0,97.0,83.0,13,-1,-1,,,,,,,,,,,9,,7,,7,12,6,9,,3,1,3,3.4,1749.0
197,2026-10-04,,,,,,,,0,0,1474.0,8.3,10.9,8.7,9.3,20.0,8.0,4.0,,,,5.0,0,,,1007.3,1004.7,1004.3,1005.4,,,,,,,80.0,38.0,54.0,57.0,-1,-1,-1,,,,,,,,,,,10,,8,23,14,24,4,14,-2,1,2,1,1.6,1321.0
198,2026-10-04,,,,,,,,0,0,1490.0,10.4,13.0,12.1,11.8,28.0,12.0,4.0,,,,4.3,0,,,977.5,973.7,973.5,974.9,,,,,,,100.0,58.0,89.0,82.0,-1,-1,-1,,,,,,,,,,,9,,8,19,12,20,6,13,5,1,2,1,1.6,1343.0
199,2026-10-04,,,,,,,,0,0,1327.0,7.1,13.3,12.9,11.1,0.0,8.0,4.0,,,,6.3,0,,,992.5,990.1,990.4,991.0,,,,,,,90.0,47.0,73.0,70.0,-1,-1,-1,,,,,,,,,,,10,,4,23,16,24,1,13,,0,2,1,1.2,1333.0
200,2026-10-04,,,,,,,,0,0,1487.0,7.6,8.7,10.1,8.8,0.0,16.0,0.0,,,,5.2,0,,,984.7,982.5,982.2,983.1,,,,,,,90.0,33.0,71.0,65.0,-1,-1,-1,,,,,,,,,,,10,,5,22,12,22,3,13,,0,1,0,0.4,1311.0
202,2026-10-04,,,,,,,,0,0,1569.0,7.7,7.0,8.0,7.6,32.0,20.0,20.0,,,,7.4,0,,,981.2,979.6,979.0,979.9,,,,,,,63.0,27.0,42.0,44.0,-1,-1,-1,,,,,,,,,,,11,,10,22,17,23,8,15,6,2,2,1,2.1,1149.0
203,2026-10-04,,,,,,,,0,0,1601.0,7.7,11.4,8.7,9.3,28.0,16.0,32.0,,,,7.2,0,,,,,,,,,,,,,95.0,49.0,67.0,70.0,-1,-1,-1,,,,,,,,,,,10,,4,20,11,21,3,12,0,1,3,1,2.2,1426.0
204,2026-10-04,1.0,0.0,0.0,10.0,9.0,2.0,70.0,0,0,1330.0,13.6,14.1,14.6,14.1,20.0,28.0,24.0,1,0,1,6.9,0,0,0,982.6,981.0,980.7,981.4,0,0,,,,,93.0,55.0,75.0,74.0,-1,-1,-1,0,0,0,,-1.0,0,-1.0,15000.0,10000.0,15000.0,8,1,13,22,17,22,11,17,7,2,1,2,2.1,2231.0
205,2026-10-04,0.0,2.0,0.0,1.0,10.0,3.0,47.0,0,0,1087.0,9.6,12.2,11.2,11.0,28.0,28.0,24.0,1,1,1,5.5,0,0,1,848.9,848.5,848.2,848.5,0,0,,,,,80.0,90.0,95.0,88.0,-1,-1,-1,,0,0,,-1.0,0,-1.0,100000.0,100.0,4000.0,5,1,10,12,9,14,9,11,1,2,2,1,2.1,627.0
206,2026-10-04,,,,,,,,0,0,1194.0,8.2,9.0,8.4,8.5,20.0,28.0,20.0,,,,5.8,0,,,904.4,902.7,902.5,903.2,,,,,,,83.0,45.0,66.0,65.0,-1,-1,-1,,,,0.0,,,,,,,5,,7,18,11,18,5,11,2,1,1,2,1.6,1541.0
210,2026-10-04,,,,,,,,0,0,1033.0,8.7,10.8,10.0,9.8,20.0,32.0,0.0,,,,7.3,0,,,866.7,864.0,865.3,865.3,,,,,,,88.0,52.0,91.0,77.0,9,-1,-1,,,,,,,,,,,5,,7,18,8,18,5,12,,1,3,0,1.9,1324.0
213,2026-10-04,0.0,0.0,1.0,1.0,2.0,7.0,33.0,0,0,1786.0,1.2,3.3,5.3,3.3,24.0,16.0,32.0,5,5,5,8.3,0,0,0,708.1,708.0,707.7,707.9,0,0,,,,,17.0,42.0,80.0,46.0,-1,-1,-1,0,0,0,0.0,-1.0,1,-1.0,80000.0,80000.0,500.0,11,0,2,4,1,5,1,3,,2,3,2,3.3,1156.0
214,2026-10-04,,,,,,,,0,0,1226.0,12.7,13.8,13.5,13.3,0.0,24.0,16.0,,,,8.2,0,,,,,,,,,,,,,96.0,56.0,82.0,78.0,-1,-1,-1,,,,0.0,,,,,,,7,,11,21,15,22,9,15,5,0,1,1,0.7,1447.0
215,2026-10-04,,,,,,,,0,0,1501.0,6.5,13.4,12.7,10.9,0.0,16.0,16.0,,,,4.2,0,,,996.7,994.2,994.2,995.0,,,,,,,88.0,44.0,68.0,67.0,-1,-1,-1,,,,,,,,,,,10,,3,24,16,25,1,13,,0,1,1,0.7,1328.0
217,2026-10-04,,,,,,,,0,0,1487.0,7.2,8.6,11.2,9.0,0.0,4.0,24.0,,,,3.4,0,,,970.9,966.2,966.6,967.9,,,,,,,100.0,31.0,82.0,71.0,-1,-1,-1,,,,,,,,,,,10,,2,23,12,24,1,13,-2,0,1,1,0.7,1548.0
218,2026-10-04,,,,,,,,0,0,1522.0,7.8,7.5,8.6,8.0,4.0,16.0,8.0,,,,8.1,0,,,1015.2,1012.9,1012.1,1013.4,,,,,,,72.0,25.0,51.0,49.0,-1,-1,-1,,,,,,,,,,,11,,8,24,15,25,7,16,1,1,2,1,1.6,1224.0
220,2026-10-04,,,,,,,,0,0,1403.0,10.6,11.5,13.9,12.0,12.0,32.0,16.0,,,,8.8,0,,,916.2,914.1,915.3,915.2,,,,,,,91.0,48.0,83.0,74.0,,-1,-1,,,,,,,,,,,8,,9,20,15,21,9,15,,1,3,1,2.2,1444.0
221,2026-10-04,,,,,,,,0,0,1474.0,8.2,14.1,12.2,11.5,4.0,20.0,8.0,,,,5.0,0,,,1004.2,1001.6,1001.3,1002.4,,,,,,,83.0,52.0,61.0,65.0,-1,-1,-1,,,,,,,,,,,10,,7,22,18,23,5,14,1,1,1,2,1.6,1424.0
222,2026-10-04,,,,,,,,0,0,1428.0,7.7,12.6,12.3,10.9,28.0,12.0,28.0,,,,4.1,0,,,1006.8,1004.6,1004.0,1005.1,,,,,,,91.0,45.0,79.0,72.0,-1,-1,-1,,,,,,,,,,,10,,5,23,14,24,3,13,0,1,1,1,1.1,1243.0
500,2026-10-04,,,,,,,,0,0,1250.0,7.3,10.0,10.6,9.3,0.0,28.0,28.0,,,,6.5,0,,,963.2,962.2,962.1,962.5,,,,,,,83.0,40.0,70.0,64.0,-1,-1,-1,,,,,,,,,,,10,,5,21,13,22,4,13,3,0,2,1,1.2,1314.0
726,2026-10-04,,,,,,,,0,0,1499.0,6.4,10.7,10.6,9.2,28.0,28.0,32.0,,,,5.6,0,,,975.2,973.4,973.3,974.0,,,,,,,86.0,40.0,58.0,61.0,-1,-1,-1,,,,,,,,,,,10,,3,22,16,23,2,12,-1,1,2,1,1.6,1419.0
901,2026-10-04,,,,,,,,,,,,,,,,,,,,,,0,,,,,,,,,,,,,,,,,,,,,,,,,,,,,,,,,,,,,,,,,,,
905,2026-10-04,,,,,,,,0,0,1409.0,7.8,12.3,12.8,11.0,28.0,8.0,16.0,,,,5.6,0,,,990.8,989.1,988.7,989.5,,,,,,,61.0,44.0,59.0,55.0,-1,-1,-1,,,,,,,,,,,10,,11,23,19,23,9,16,4,1,2,1,1.6,2338.0
1401,2026-10-04,,,,,,,,0,0,1380.0,12.7,11.9,11.2,11.9,0.0,24.0,20.0,,,,5.7,0,,,945.6,944.5,944.4,944.8,,,,,,,87.0,52.0,67.0,69.0,-1,-1,-1,,,,,,,,,,,10,,13,20,15,20,10,15,6,0,2,1,1.2,1412.0
1416,2026-10-04,,,,,,,,0,0,1358.0,11.0,12.7,11.6,11.8,32.0,16.0,32.0,,,,5.7,0,,,956.8,955.4,955.4,955.9,,,,,,,92.0,51.0,65.0,69.0,-1,-1,-1,,,,,,,,,,,10,,10,21,16,22,8,15,5,1,1,2,1.6,1234.0
1602,2026-10-04,,,,,,,,0,0,1273.0,10.9,14.0,12.3,12.4,12.0,16.0,32.0,,,,4.1,0,,,965.1,963.4,963.4,964.0,,,,,,,89.0,54.0,71.0,71.0,-1,-1,-1,,,,,,,,,,,7,,10,22,15,23,5,14,,1,1,1,1.1,1324.0
1730,2026-10-04,,,,,,,,0,0,,6.2,13.0,9.8,9.7,12.0,4.0,12.0,,,,7.4,,,,,,,,,,,,,,100.0,58.0,97.0,85.0,-1,-1,-1,,,,,,,,,,,,,0,19,7,20,-2,9,-4,1,1,1,1.1,1339.0
1802,2026-10-04,,,,,,,,0,0,1378.0,9.3,12.0,11.0,10.8,20.0,32.0,16.0,,,,5.6,0,,,961.4,960.3,960.3,960.7,,,,,,,87.0,45.0,69.0,67.0,-1,-1,-1,,,,,,,,,,,,,8,22,14,22,6,14,3,1,1,1,1.1,1217.0
1906,2026-10-04,0.0,0.0,2.0,1.0,6.0,8.0,50.0,0,0,1353.0,11.4,12.0,10.7,11.4,20.0,24.0,28.0,1,0,0,6.4,0,0,0,957.4,956.5,956.3,956.7,0,0,,,,,85.0,49.0,57.0,64.0,-1,-1,-1,0,0,0,,-1.0,0,-1.0,18000.0,30000.0,20000.0,9,1,11,21,17,21,7,14,2,2,2,1,2.1,1301.0
1920,2026-10-04,,,,,,,,0,0,1451.0,6.3,12.7,12.6,10.5,0.0,28.0,12.0,,,,6.8,0,,,969.2,967.6,967.7,968.2,,,,,,,95.0,52.0,86.0,78.0,-1,-1,-1,,,,,,,,,,,9,,1,21,13,21,1,11,0,0,2,1,1.2,1233.0
2116,2026-10-04,,,,,,,,0,0,1501.0,6.5,13.4,12.7,10.9,0.0,16.0,16.0,,,,4.2,0,,,996.7,994.2,994.2,995.0,,,,,,,88.0,44.0,68.0,67.0,-1,-1,-1,,,,,,,,,,,10,,3,24,16,25,1,13,,0,1,1,0.7,1328.0
2117,2026-10-04,,,,,,,,0,0,1327.0,7.1,13.3,12.9,11.1,0.0,8.0,4.0,,,,6.3,0,,,992.5,990.1,990.4,991.0,,,,,,,90.0,47.0,73.0,70.0,-1,-1,-1,,,,,,,,,,,10,,4,23,16,24,1,13,,0,2,1,1.2,1333.0
2207,2026-10-04,0.0,0.0,,1.0,3.0,0.0,13.0,0,0,1458.0,7.4,12.7,11.9,10.7,16.0,16.0,16.0,0,0,0,4.5,0,0,0,999.1,996.9,996.5,997.5,0,0,,,,,74.0,46.0,58.0,59.0,-1,-1,-1,,0,0,,-1.0,0,-1.0,15000.0,20000.0,15000.0,10,1,7,23,18,24,4,14,0,1,1,1,1.1,1624.0
2401,2026-10-04,,,,,,,,0,0,1457.0,7.2,12.8,12.7,10.9,20.0,16.0,16.0,,,,4.2,0,,,1007.1,1004.8,1004.3,1005.4,,,,,,,76.0,45.0,73.0,65.0,-1,-1,-1,,,,,,,,,,,10,,6,23,15,24,4,14,2,1,1,1,1.1,1041.0
2415,2026-10-04,,,,,,,,0,0,1391.0,7.5,13.4,11.5,10.8,20.0,16.0,16.0,,,,7.1,0,,,974.5,973.4,973.0,973.6,,,,,,,58.0,55.0,56.0,56.0,-1,-1,-1,,,,,,,,,,,10,,11,21,18,22,9,16,6,3,2,3,3.9,17.0
2430,2026-10-04,,,,,,,,0,0,,7.2,13.1,12.2,10.8,20.0,20.0,0.0,,,,4.3,0,,,1006.5,1004.3,1003.7,1004.8,,,,,,,86.0,44.0,75.0,68.0,-1,-1,-1,,,,,,,,,,,10,,4,24,14,24,3,13,2,1,1,0,0.7,1431.0
2503,2026-10-04,,,,,,,,0,0,1514.0,7.8,12.7,11.9,10.8,0.0,12.0,0.0,,,,4.9,0,,,1004.4,1002.3,1001.8,1002.8,,,,,,,76.0,48.0,76.0,67.0,-1,-1,-1,,,,,,,,,,,10,,7,22,14,24,4,14,3,0,1,0,0.4,1057.0
2602,2026-10-04,,,,,,,,0,0,1408.0,8.2,12.3,12.9,11.1,0.0,16.0,0.0,,,,5.6,0,,,1010.9,1008.7,1008.0,1009.2,,,,,,,93.0,43.0,77.0,71.0,-1,-1,-1,,,,,,,,,,,11,,5,23,15,24,3,13,-2,0,1,0,0.4,1434.0
2902,2026-10-04,1.0,0.0,0.0,9.0,3.0,4.0,53.0,0,0,1349.0,11.8,13.6,11.9,12.4,16.0,28.0,8.0,0,0,0,5.0,0,0,1,987.0,985.3,985.1,985.8,0,0,,,,,99.0,54.0,80.0,78.0,-1,-1,-1,0,0,0,0.0,-1.0,0,-1.0,800.0,3000.0,5000.0,9,1,10,21,13,22,9,15,6,1,1,1,1.1,1451.0
2910,2026-10-04,,,,,,,,0,0,1131.0,12.9,12.7,13.7,13.1,0.0,28.0,32.0,,,,3.2,0,,,991.6,989.9,989.7,990.4,,,,,,,96.0,48.0,83.0,76.0,-1,-1,-1,,,,,,,,,,,7,,11,22,15,23,11,17,9,0,1,1,0.7,1433.0
3111,2026-10-04,,,,,,,,,,,,,,,,,,,,,,,,,,,,,,,,,,,,,,,,,,,,,,,,,,,,,,,,,,,,,,,,,
3202,2026-10-04,,,,,,,,0,0,1238.0,12.7,14.3,14.1,13.7,20.0,20.0,24.0,,,,5.7,0,,,997.7,995.4,995.1,996.1,,,,,,,85.0,53.0,75.0,71.0,-1,-1,-1,,,,,,,,,,,9,,13,22,17,23,11,17,9,1,1,1,1.1,1231.0
3315,2026-10-04,,,,,,,,0,0,1357.0,12.1,13.2,11.9,12.4,24.0,24.0,24.0,,,,6.8,0,,,948.0,946.8,946.8,947.2,,,,,,,91.0,55.0,81.0,76.0,-1,-1,-1,,,,,,,,,,,10,,11,20,13,21,8,14,5,1,1,1,1.1,938.0
3425,2026-10-04,,,,,,,,0,0,1456.0,10.2,14.4,13.3,12.6,4.0,20.0,4.0,,,,5.5,0,,,963.6,962.2,962.0,962.6,,,,,,,85.0,60.0,77.0,74.0,-1,-1,-1,,,,,,,,,,,9,,10,21,15,21,7,14,7,2,2,1,2.1,1122.0
3520,2026-10-04,,,,,,,,0,0,1365.0,11.9,13.2,11.2,12.1,20.0,24.0,32.0,,,,6.6,0,,,917.1,916.3,916.3,916.6,,,,,,,83.0,59.0,77.0,73.0,-1,-1,-1,,,,,,,,,,,8,,12,19,13,20,11,15,8,2,1,1,1.6,954.0
3702,2026-10-04,,,,,,,,0,0,1486.0,11.8,12.8,12.9,12.5,24.0,20.0,20.0,,,,8.7,0,,,918.2,917.7,917.5,917.8,,,,,,,86.0,64.0,77.0,76.0,-1,-1,-1,,,,,,,,,,,10,,12,18,15,19,11,15,8,4,2,1,3.5,827.0
3805,2026-10-04,,,,,,,,0,0,1385.0,8.8,15.1,13.6,12.5,12.0,8.0,28.0,,,,4.8,0,,,1004.4,1001.8,1001.8,1002.7,,,,,,,85.0,50.0,78.0,71.0,-1,-1,-1,,,,,,,,,,,10,,8,24,15,24,4,14,2,1,1,1,1.1,1211.0
3811,2026-10-04,,,,,,,,0,0,1394.0,7.7,13.6,13.3,11.5,28.0,8.0,28.0,,,,5.6,0,,,1004.3,1001.9,1001.9,1002.7,,,,,,,77.0,49.0,74.0,67.0,-1,-1,-1,,,,,,,,,,,9,,7,23,16,24,6,15,5,2,1,1,1.6,105.0
4026,2026-10-04,,,,,,,,0,0,1474.0,8.2,14.1,12.2,11.5,4.0,20.0,8.0,,,,5.0,0,,,1004.2,1001.6,1001.3,1002.4,,,,,,,83.0,52.0,61.0,65.0,-1,-1,-1,,,,,,,,,,,10,,7,22,18,23,5,14,1,1,1,2,1.6,1424.0
4081,2026-10-04,99.0,99.0,99.0,3.0,4.0,6.0,43.0,0,0,1416.0,8.6,13.9,11.9,11.5,0.0,32.0,4.0,0,0,0,6.0,0,0,0,1008.0,1005.4,1005.1,1006.2,0,0,,,,,79.0,48.0,60.0,62.0,-1,-1,-1,,0,0,,-1.0,0,-1.0,30000.0,40000.0,30000.0,10,0,8,24,17,24,5,15,3,0,1,2,1.2,1504.0
4115,2026-10-04,,,,,,,,0,0,1366.0,8.8,12.7,12.0,11.2,32.0,16.0,32.0,,,,3.9,0,,,1006.8,1004.7,1004.1,1005.2,,,,,,,79.0,44.0,78.0,67.0,-1,-1,-1,,,,,,,,,,,10,,9,24,13,24,5,14,3,1,1,1,1.1,1249.0
4126,2026-10-04,,,,,,,,0,0,1428.0,7.7,12.6,12.3,10.9,28.0,12.0,28.0,,,,4.1,0,,,1006.8,1004.6,1004.0,1005.1,,,,,,,91.0,45.0,79.0,72.0,-1,-1,-1,,,,,,,,,,,10,,5,23,14,24,3,13,0,1,1,1,1.1,1243.0
4224,2026-10-04,,,,,,,,0,0,1421.0,8.3,12.0,11.0,10.4,24.0,16.0,12.0,,,,3.9,0,,,1009.3,1007.3,1006.5,1007.7,,,,,,,81.0,41.0,55.0,59.0,-1,-1,-1,,,,,,,,,,,11,,7,24,18,24,5,14,2,1,1,1,1.1,1540.0
4305,2026-10-04,,,,,,,,0,0,1491.0,7.8,12.3,11.5,10.5,32.0,12.0,12.0,,,,7.4,0,,,1011.8,1009.6,1008.8,1010.1,,,,,,,80.0,43.0,67.0,63.0,-1,-1,-1,,,,,,,,,,,11,,7,23,15,24,4,14,,1,1,1,1.1,1536.0
4501,2026-10-04,,,,,,,,0,0,1334.0,11.4,14.2,12.4,12.7,20.0,32.0,4.0,,,,4.3,0,,,982.2,980.5,980.3,981.0,,,,,,,94.0,51.0,75.0,73.0,-1,-1,-1,,,,,,,,,,,9,,10,23,15,24,10,17,9,1,1,1,1.1,1444.0
4515,2026-10-04,,,,,,,,0,0,1374.0,11.3,14.7,13.2,13.1,12.0,28.0,4.0,,,,4.4,0,,,979.2,977.5,977.3,978.0,,,,,,,98.0,58.0,82.0,79.0,-1,-1,-1,,,,,,,,,,,10,,9,21,14,22,8,15,,1,1,2,1.6,1312.0
4601,2026-10-04,,,,,,,,0,0,1444.0,11.2,14.1,12.9,12.7,16.0,32.0,16.0,,,,4.6,0,,,,,,,,,,,,,97.0,58.0,86.0,80.0,-1,-1,-1,,,,,,,,,,,10,,9,21,13,21,9,15,7,1,1,1,1.1,1446.0
4611,2026-10-04,,,,,,,,0,0,1402.0,12.3,14.5,13.9,13.6,12.0,32.0,8.0,,,,5.4,0,,,974.6,973.0,972.9,973.5,,,,,,,96.0,56.0,80.0,77.0,-1,-1,-1,,,,0.0,,,,,,,10,,11,22,15,22,11,16,7,2,2,1,2.1,1345.0
4705,2026-10-04,,,,,,,,0,0,1316.0,12.0,13.9,13.2,13.0,20.0,32.0,20.0,,,,3.8,0,,,978.1,976.6,976.4,977.0,,,,,,,96.0,58.0,83.0,79.0,-1,-1,-1,,,,,,,,,,,9,,10,20,14,21,10,16,10,1,1,1,1.1,1406.0
4802,2026-10-04,,,,,,,,0,0,,13.9,14.6,11.4,13.3,0.0,28.0,28.0,,,,5.7,0,,,,,,,,,,,,,100.0,58.0,61.0,73.0,-1,-1,-1,,,,,,,,,,,9,,12,21,17,22,11,17,6,0,2,2,1.8,1456.0
4815,2026-10-04,1.0,0.0,2.0,8.0,5.0,7.0,67.0,0,0,1226.0,13.8,13.9,11.6,13.1,28.0,28.0,28.0,1,0,1,7.0,0,0,0,956.5,955.2,954.9,955.5,0,0,,,,,86.0,60.0,61.0,69.0,-1,-1,-1,0,0,0,,-1.0,0,-1.0,15000.0,30000.0,15000.0,7,0,14,20,17,20,13,17,11,2,1,2,2.1,1454.0
4821,2026-10-04,,,,,,,,0,0,1249.0,13.1,14.9,14.0,14.0,24.0,4.0,28.0,,,,5.4,0,,,977.8,975.9,976.0,976.6,,,,,,,99.0,59.0,88.0,82.0,-1,-1,-1,,,,,,,,,,,7,,11,21,14,23,10,17,8,1,1,1,1.1,1206.0
4905,2026-10-04,,,,,,,,0,0,1256.0,13.2,14.7,13.4,13.8,20.0,28.0,20.0,,,,4.8,0,,,992.0,990.0,989.8,990.6,,,,,,,95.0,54.0,80.0,76.0,-1,-1,-1,,,,,,,,,,,8,,12,23,15,23,9,16,5,1,1,1,1.1,1453.0
5000,2026-10-04,,,,,,,,0,0,,12.9,14.7,13.2,13.6,0.0,28.0,24.0,,,,5.1,0,,,991.7,989.7,989.4,990.3,,,,,,,92.0,55.0,67.0,71.0,-1,-1,-1,,,,,,,,,,,9,,12,22,17,23,9,16,5,0,2,1,1.2,
5012,2026-10-04,1.0,0.0,0.0,10.0,9.0,2.0,70.0,0,0,1330.0,13.6,14.1,14.6,14.1,20.0,28.0,24.0,1,0,1,6.9,0,0,0,982.6,981.0,980.7,981.4,0,0,,,,,93.0,55.0,75.0,74.0,-1,-1,-1,0,0,0,,-1.0,0,-1.0,15000.0,10000.0,15000.0,8,1,13,22,17,22,11,17,7,2,1,2,2.1,2231.0
5116,2026-10-04,,,,,,,,0,0,1463.0,13.5,14.9,14.4,14.3,24.0,28.0,12.0,,,,5.0,0,,,983.3,981.6,981.3,982.1,,,,,,,90.0,57.0,81.0,76.0,-1,-1,-1,,,,,,,,,,,9,,13,22,16,23,11,17,9,1,1,2,1.6,1539.0
5130,2026-10-04,,,,,,,,0,0,1365.0,12.4,14.7,13.6,13.6,28.0,24.0,24.0,,,,5.1,0,,,991.2,989.2,988.8,989.7,,,,,,,94.0,56.0,66.0,72.0,-1,-1,-1,,,,,,,,,,,8,,11,22,18,23,10,17,8,1,2,2,2.1,1756.0
5316,2026-10-04,,,,,,,,0,0,1294.0,13.3,14.5,15.5,14.4,24.0,24.0,24.0,,,,5.8,0,,,997.5,995.4,995.1,996.0,,,,,,,98.0,53.0,79.0,77.0,-1,-1,-1,,,,,,,,,,,9,,12,23,17,24,8,16,6,1,2,1,1.6,1238.0
5412,2026-10-04,0.0,0.0,0.0,8.0,1.0,3.0,40.0,0,0,1296.0,10.1,14.9,14.5,13.2,0.0,24.0,16.0,0,0,0,5.2,0,0,0,994.0,991.9,991.6,992.5,0,0,,,,,89.0,55.0,79.0,74.0,-1,-1,-1,0,0,0,,-1.0,0,-1.0,30000.0,40000.0,30000.0,9,1,9,22,16,23,7,15,4,0,2,1,1.2,1413.0
5413,2026-10-04,,,,,,,,0,0,1311.0,10.1,14.4,14.6,13.0,20.0,20.0,20.0,,,,9.2,0,,,992.9,990.8,990.5,991.4,,,,,,,93.0,50.0,69.0,71.0,,,,,,,,,,,,,,10,,8,23,18,24,7,15,3,1,3,1,2.2,1214.0
5421,2026-10-04,,,,,,,,0,0,1323.0,10.8,14.5,14.6,13.3,4.0,20.0,20.0,,,,6.4,0,,,998.0,995.8,995.7,996.5,,,,,,,90.0,53.0,71.0,71.0,-1,-1,-1,,,,,,,,,,,8,,10,23,18,24,8,16,6,1,2,2,2.1,1330.0
5609,2026-10-04,,,,,,,,0,0,1480.0,10.1,13.7,14.5,12.8,20.0,20.0,16.0,,,,7.2,0,,,996.7,994.5,994.4,995.2,,,,,,,86.0,49.0,77.0,71.0,-1,-1,-1,,,,,,,,,,,10,,9,23,17,23,8,16,7,2,3,1,2.8,1127.0
5625,2026-10-04,,,,,,,,0,0,1425.0,9.1,14.0,13.1,12.1,20.0,32.0,20.0,,,,5.4,0,,,947.8,946.6,946.5,947.0,,,,,,,70.0,62.0,72.0,68.0,-1,-1,-1,,,,,,,,,,,10,,11,20,16,20,9,15,,2,2,1,2.1,23.0
5701,2026-10-04,,,,,,,,,,,,,,,,,,,,,,,,,,,,,,,,,,,,,,,,,,,,,,,,,,,,,,,,,,,,,,,,,
5735,2026-10-04,,,,,,,,0,0,1331.0,9.6,13.7,10.9,11.4,20.0,24.0,12.0,,,,8.5,0,,,973.6,972.3,971.9,972.6,,,,,,,64.0,50.0,54.0,56.0,-1,-1,-1,,,,,,,,,,,10,,13,23,18,23,11,17,7,3,2,4,4.7,1814.0
5802,2026-10-04,,,,,,,,0,0,1404.0,10.2,11.8,10.0,10.7,24.0,12.0,12.0,,,,6.7,0,,,975.6,974.2,973.7,974.5,,,,,,,73.0,48.0,49.0,57.0,-1,-1,-1,,,,,,,,,,,10,,12,21,18,22,11,16,,3,1,3,3.4,1228.0
5805,2026-10-04,,,,,,,,0,0,1388.0,8.4,11.6,12.3,10.8,0.0,12.0,28.0,,,,4.5,0,,,1002.1,999.7,999.5,1000.4,,,,,,,92.0,41.0,82.0,72.0,-1,-1,-1,,,,,,,,,,,10,,6,23,13,23,4,14,,0,1,1,0.7,1158.0
5820,2026-10-04,,,,,,,,0,0,1449.0,8.7,10.9,9.9,9.8,0.0,8.0,20.0,,,,4.6,0,,,994.5,992.5,992.1,993.0,,,,,,,67.0,42.0,58.0,56.0,-1,-1,-1,,,,,,,,,,,10,,11,22,15,22,8,15,6,0,1,1,0.7,2155.0
5882,2026-10-04,,,,,,,,0,0,1414.0,8.9,11.3,8.7,9.6,0.0,8.0,28.0,,,,5.2,0,,,1004.0,1001.5,1001.2,1002.2,,,,,,,77.0,39.0,49.0,55.0,-1,-1,-1,,,,,,,,,,,10,,9,24,16,24,6,15,0,0,1,2,1.2,1407.0
5904,2026-10-04,,,,,,,,0,0,1493.0,9.2,11.9,12.3,11.1,12.0,12.0,20.0,,,,6.5,0,,,1004.1,1001.9,1001.4,1002.5,,,,,,,81.0,43.0,68.0,64.0,-1,-1,-1,,,,,,,,,,,11,,9,23,16,23,8,16,3,1,2,2,2.1,1455.0
5917,2026-10-04,,,,,,,,0,0,1480.0,8.1,11.6,8.3,9.3,16.0,12.0,12.0,,,,5.7,0,,,1005.5,1003.2,1002.5,1003.7,,,,,,,76.0,42.0,38.0,52.0,-1,-1,-1,,,,,,,,,,,10,,8,23,19,24,7,15,4,1,1,2,1.6,1517.0
5925,2026-10-04,,,,,,,,0,0,1517.0,8.6,10.9,11.3,10.3,20.0,8.0,12.0,,,,5.7,0,,,1008.0,1005.7,1005.1,1006.3,,,,,,,66.0,40.0,49.0,52.0,-1,-1,-1,,,,,,,,,,,10,,11,23,20,24,11,17,,1,2,1,1.6,1430.0
5935,2026-10-04,,,,,,,,0,0,1335.0,8.7,11.4,11.6,10.6,28.0,8.0,0.0,,,,4.6,0,,,1009.7,1007.4,1006.7,1007.9,,,,,,,75.0,40.0,65.0,60.0,-1,-1,-1,,,,0.0,,,,,,,10,,9,23,16,24,7,16,2,1,1,0,0.7,1346.0
5972,2026-10-04,,,,,,,,0,0,1411.0,8.5,11.5,12.1,10.7,16.0,8.0,12.0,,,,5.5,0,,,1011.1,1008.7,1008.0,1009.3,,,,,,,79.0,41.0,67.0,62.0,-1,-1,-1,,,,,,,,,,,10,,8,23,16,24,6,15,0,1,1,1,1.1,1412.0
5990,2026-10-04,,,,,,,,0,0,,8.1,11.2,8.8,9.4,16.0,12.0,12.0,,,,5.7,0,,,1007.4,1005.2,1004.5,1005.7,,,,,,,71.0,40.0,47.0,53.0,-1,-1,-1,,,,,,,,,,,10,,9,23,17,23,5,14,3,2,1,1,1.6,
6102,2026-10-04,,,,,,,,0,0,1497.0,7.8,9.6,8.2,8.5,8.0,16.0,16.0,,,,7.1,0,,,1009.3,1007.3,1006.5,1007.7,,,,,,,69.0,34.0,46.0,50.0,-1,-1,-1,,,,,,,,,,,10,,9,23,16,24,7,16,5,1,2,1,1.6,1209.0
6111,2026-10-04,,,,,,,,0,0,,7.8,9.8,7.8,8.5,0.0,16.0,12.0,,,,6.6,0,,,,,,,,,,,,,59.0,32.0,44.0,45.0,-1,-1,-1,,,,,,,,,,,10,,11,24,16,25,10,17,6,0,1,1,0.7,202.0
6300,2026-10-04,,,,,,,,0,0,,11.7,14.9,14.7,13.8,12.0,32.0,20.0,,,,8.2,0,,,976.5,974.6,974.5,975.2,,,,,,,85.0,60.0,83.0,76.0,-1,-1,-1,,,,,,,,,,,10,,12,21,16,22,11,17,9,2,2,1,2.1,
6305,2026-10-04,,,,,,,,0,0,1328.0,11.9,14.0,15.3,13.7,32.0,28.0,16.0,,,,6.4,0,,,979.5,977.3,977.4,978.1,,,,,,,97.0,54.0,83.0,78.0,-1,-1,-1,,,,,,,,,,,7,,10,22,16,23,9,16,5,1,1,1,1.1,1321.0
6415,2026-10-04,,,,,,,,0,0,1357.0,13.6,15.3,15.2,14.7,0.0,32.0,0.0,,,,3.9,0,,,969.5,967.9,967.8,968.4,,,,,,,97.0,62.0,88.0,82.0,-1,-1,-1,,,,,,,,,,,9,,12,21,15,21,11,16,,0,1,0,0.4,1309.0
6430,2026-10-04,,,,,,,,,,,12.8,12.9,12.6,12.8,24.0,32.0,32.0,,,,,0,,,901.9,901.1,901.0,901.3,,,,,,,93.0,72.0,82.0,82.0,,,,,,,,,,,,,,,,12,16,13,16,12,14,,1,1,1,1.1,
6512,2026-10-04,,,,,,,,0,0,1327.0,13.9,18.2,14.2,15.4,24.0,12.0,28.0,,,,5.5,0,,,972.4,970.2,970.5,971.0,,,,,,,96.0,72.0,78.0,82.0,-1,-1,-1,,,,,,,,,,,8,,13,21,16,23,10,16,,1,3,1,2.2,1533.0
6540,2026-10-04,,,,,,,,0,0,,13.5,15.1,14.7,14.4,24.0,16.0,24.0,,,,5.0,0,,,,,,,,,,,,,94.0,61.0,85.0,80.0,-1,-1,-1,,,,,,,,,,,9,,12,21,15,21,12,17,,2,2,1,2.1,827.0
6611,2026-10-04,0.0,2.0,0.0,1.0,10.0,3.0,47.0,0,0,1087.0,9.6,12.2,11.2,11.0,28.0,28.0,24.0,1,1,1,5.5,0,0,1,848.9,848.5,848.2,848.5,0,0,,,,,80.0,90.0,95.0,88.0,-1,-1,-1,,0,0,,-1.0,0,-1.0,100000.0,100.0,4000.0,5,1,10,12,9,14,9,11,1,2,2,1,2.1,627.0
6621,2026-10-04,,,,,,,,0,0,1389.0,13.3,15.3,15.0,14.5,16.0,4.0,24.0,,,,3.8,0,,,976.6,974.7,974.7,975.3,,,,,,,95.0,60.0,84.0,80.0,-1,-1,-1,,,,0.0,,,,,,,9,,12,22,16,22,12,17,11,1,1,1,1.1,1233.0
6804,2026-10-04,,,,,,,,0,0,1357.0,11.8,15.5,14.3,13.9,12.0,28.0,12.0,,,,8.9,0,,,976.4,974.8,974.8,975.3,,,,,,,78.0,62.0,85.0,75.0,-1,-1,-1,,,,,,,,,,,8,,13,21,15,22,13,17,9,3,2,1,2.8,302.0
7002,2026-10-04,,,,,,,,0,0,1434.0,11.2,14.9,14.4,13.5,8.0,4.0,8.0,,,,5.6,0,,,,,,,,,,,,,91.0,57.0,87.0,78.0,-1,-1,-1,,,,,,,,,,,9,,10,22,15,23,7,15,4,1,2,1,1.6,1424.0
7013,2026-10-04,,,,,,,,0,0,1357.0,11.5,15.8,14.4,13.9,8.0,16.0,0.0,,,,6.2,0,,,984.5,982.4,982.5,983.1,,,,,,,84.0,59.0,91.0,78.0,-1,-1,-1,,,,,,,,,,,8,,12,22,14,23,8,16,,2,1,0,1.2,553.0
7110,2026-10-04,,,,,,,,0,0,1442.0,8.5,15.1,11.8,11.8,8.0,24.0,8.0,,,,3.5,0,,,958.4,955.5,956.0,956.6,,,,,,,97.0,57.0,96.0,83.0,-1,-1,-1,,,,,,,,,,,9,,5,22,10,22,4,13,3,1,1,1,1.1,1546.0
7221,2026-10-04,,,,,,,,0,0,1487.0,6.8,12.4,11.8,10.3,12.0,28.0,28.0,,,,7.2,0,,,929.7,927.4,927.8,928.3,,,,,,,86.0,52.0,81.0,73.0,-1,-1,-1,,,,,,,,,,,10,,4,20,13,21,2,12,1,2,3,1,2.8,1420.0
7301,2026-10-04,,,,,,,,0,0,,7.8,11.4,12.9,10.7,16.0,28.0,16.0,,,,4.2,,,,949.8,947.5,947.9,948.4,,,,,,,84.0,42.0,88.0,71.0,-1,-1,-1,,,,,,,,,,,,,6,22,13,23,3,13,1,2,2,2,2.7,1503.0
7305,2026-10-04,,,,,,,,,,,,,,,,,,,,,,,,,,,,,,,,,,,,,,,,,,,,,,,,,,,,,,,,,,,,,,,,,
7505,2026-10-04,,,,,,,,0,0,,6.0,11.0,9.4,8.8,24.0,4.0,24.0,,,,5.3,0,,,960.9,958.7,958.9,959.5,,,,,,,88.0,41.0,76.0,68.0,-1,-1,-1,,,,,,,,,,,9,,2,22,10,23,1,12,-1,1,2,1,1.6,1304.0
7531,2026-10-04,,,,,,,,0,0,1531.0,8.7,9.6,6.9,8.4,20.0,12.0,28.0,,,,7.5,0,,,921.1,920.2,919.8,920.4,,,,,,,55.0,39.0,43.0,46.0,-1,-1,-1,,,,,,,,,,,10,,14,21,14,22,12,17,,1,3,2,2.8,1212.0
7604,2026-10-04,0.0,0.0,0.0,4.0,3.0,6.0,43.0,0,0,1410.0,7.3,10.2,7.8,8.4,24.0,8.0,32.0,0,0,0,6.2,0,0,0,995.5,993.3,993.0,993.9,0,0,,,,,75.0,35.0,43.0,51.0,-1,-1,-1,,0,0,,-1.0,0,-1.0,40000.0,40000.0,25000.0,11,0,7,24,16,24,4,14,2,1,2,2,2.1,1333.0
7610,2026-10-04,,,,,,,,0,0,,7.7,10.1,9.4,9.1,20.0,32.0,28.0,,,,4.9,0,,,946.5,944.8,944.8,945.4,,,,,,,69.0,40.0,58.0,56.0,-1,-1,-1,,,,,,,,,,,10,,9,21,14,22,7,15,4,2,1,1,1.6,1125.0
7641,2026-10-04,0.0,0.0,0.0,2.0,3.0,4.0,30.0,0,0,1492.0,6.7,11.0,9.7,9.1,20.0,4.0,24.0,0,0,0,5.2,0,0,0,989.7,987.3,987.1,988.0,0,0,,,,,88.0,38.0,63.0,63.0,-1,-1,-1,,0,0,,-1.0,0,-1.0,4000.0,6000.0,6000.0,10,1,3,24,13,24,3,13,2,1,2,2,2.1,1303.0
7653,2026-10-04,,,,,,,,0,0,,8.7,10.5,9.6,9.6,24.0,8.0,28.0,,,,6.5,0,,,,,,,,,,,,,81.0,35.0,59.0,58.0,-1,-1,-1,,,,,,,,,,,11,,8,24,14,25,7,16,2,1,2,2,2.1,1313.0
7704,2026-10-04,,,,,,,,0,0,1420.0,8.6,10.8,8.4,9.3,32.0,8.0,32.0,,,,7.3,0,,,1007.1,1004.7,1004.3,1005.4,,,,,,,77.0,39.0,49.0,55.0,-1,-1,-1,0,0,0,,,,,,,,11,,9,23,15,24,7,16,7,1,2,2,2.1,1607.0
7710,2026-10-04,,,,,,,,0,0,1474.0,8.3,10.9,8.7,9.3,20.0,8.0,4.0,,,,5.0,0,,,1007.3,1004.7,1004.3,1005.4,,,,,,,80.0,38.0,54.0,57.0,-1,-1,-1,,,,,,,,,,,10,,8,23,14,24,4,14,-2,1,2,1,1.6,1321.0
7714,2026-10-04,,,,,,,,0,0,,8.1,10.8,7.3,8.7,12.0,12.0,12.0,,,,9.1,0,,,,,,,,,,,,,69.0,38.0,37.0,48.0,-1,-1,-1,,,,,,,,,,,10,,9,23,17,23,8,16,,1,1,2,1.6,1308.0
7890,2026-10-04,,,,,,,,0,0,1364.0,8.1,9.1,9.7,9.0,8.0,20.0,8.0,,,,4.1,0,,,1015.2,1012.6,1012.1,1013.3,,,,,,,78.0,31.0,66.0,58.0,-1,-1,-1,,,,,,,,,,,9,,8,24,13,25,6,15,,1,1,1,1.1,1350.0
7906,2026-10-04,,,,,,,,0,0,,,,,,32.0,20.0,8.0,,,,5.3,0,,,,,,,,,,,,,,,,,,,,,,,,,,,,,,,,,,,,,,,2,2,2,2.7,1312.0
7912,2026-10-04,,,,,,,,0,0,,8.0,10.9,8.3,9.1,8.0,32.0,12.0,,,,5.1,0,,,,,,,,,,,,,78.0,42.0,50.0,57.0,,,,,,,,,,,,,,11,,7,22,15,24,5,15,4,2,2,1,2.1,101.0
7956,2026-10-04,,,,,,,,0,0,1522.0,7.8,7.5,8.6,8.0,4.0,16.0,8.0,,,,8.1,0,,,1015.2,1012.9,1012.1,1013.4,,,,,,,72.0,25.0,51.0,49.0,-1,-1,-1,,,,,,,,,,,11,,8,24,15,25,7,16,1,1,2,1,1.6,1224.0
8301,2026-10-04,,,,,,,,0,0,1536.0,10.5,12.7,11.9,11.7,12.0,28.0,8.0,,,,6.9,0,,,912.3,911.6,911.4,911.8,,,,,,,71.0,57.0,66.0,65.0,3,-1,-1,,,,,,,,,,,10,,13,19,16,20,13,16,,1,2,2,2.1,1307.0
8806,2026-10-04,,,,,,,,0,0,1221.0,11.9,14.2,12.3,12.8,32.0,32.0,32.0,,,,8.6,0,,,922.0,920.1,920.8,921.0,,,,,,,97.0,60.0,85.0,81.0,9,-1,-1,,,,,,,,,,,5,,10,20,13,21,7,14,7,1,3,1,2.2,1343.0
8807,2026-10-04,,,,,,,,,,,,,,,,,,,,,,0,,,,,,,,,,,,,,,,,,,,,,,,,,,,,,,,,,,,,,,,,,,
9016,2026-10-04,0.0,0.0,0.0,7.0,4.0,5.0,53.0,0,0,1443.0,12.1,15.9,14.7,14.2,20.0,4.0,4.0,1,0,0,8.3,0,0,0,971.2,968.5,968.9,969.5,0,0,,,,,96.0,62.0,75.0,78.0,-1,-1,-1,,0,0,,-1.0,0,-1.0,3000.0,10000.0,8000.0,8,1,10,22,17,22,10,16,8,1,3,1,2.2,1321.0
9019,2026-10-04,,,,,,,,0,0,1226.0,12.7,13.8,13.5,13.3,0.0,24.0,16.0,,,,8.2,0,,,,,,,,,,,,,96.0,56.0,82.0,78.0,-1,-1,-1,,,,0.0,,,,,,,7,,11,21,15,22,9,15,5,0,1,1,0.7,1447.0
9105,2026-10-04,,,,,,,,0,0,1333.0,11.6,15.9,13.9,13.8,20.0,32.0,32.0,,,,7.4,0,,,,,,,,,,,,,99.0,61.0,83.0,81.0,-1,-1,-1,,,,0.0,,,,,,,8,,9,22,15,23,7,15,,1,2,1,1.6,1453.0
9110,2026-10-04,2.0,2.0,1.0,10.0,6.0,7.0,77.0,0,0,1297.0,12.1,15.0,13.0,13.4,8.0,32.0,20.0,1,0,0,7.3,0,0,0,960.3,957.9,958.2,958.8,0,0,,,,,97.0,66.0,89.0,84.0,-1,-1,-1,0,0,0,0.0,-1.0,0,-1.0,1000.0,15000.0,1000.0,,1,10,20,13,21,9,15,6,1,3,1,2.2,1325.0
9211,2026-10-04,,,,,,,,0,0,1262.0,11.9,15.3,14.7,14.0,20.0,32.0,0.0,,,,6.1,0,,,956.6,953.7,954.6,955.0,,,,,,,93.0,59.0,85.0,79.0,-1,-1,-1,,,,,,,,,,,6,,11,22,15,22,9,16,6,2,2,0,1.8,1336.0
9215,2026-10-04,,,,,,,,0,0,908.0,11.0,12.9,10.3,11.4,24.0,32.0,32.0,,,,4.3,0,,,848.8,848.2,848.2,848.4,,,,,,,86.0,88.0,81.0,85.0,-1,,-1,,,,,,,,,,,,,11,13,11,14,10,12,,1,1,1,1.1,1425.0
9406,2026-10-04,,,,,,,,0,0,1341.0,10.8,14.9,14.8,13.5,8.0,28.0,8.0,,,,9.0,0,,,972.4,969.7,970.1,970.7,,,,,,,81.0,56.0,81.0,73.0,-1,-1,-1,,,,,,,,,,,9,,11,22,16,22,11,17,10,3,2,1,2.8,716.0
9501,2026-10-04,2.0,2.0,1.0,10.0,3.0,3.0,53.0,0,0,1507.0,10.6,13.7,13.3,12.5,8.0,20.0,8.0,1,1,1,6.8,0,0,1,947.1,944.4,945.1,945.5,0,0,,,,,99.0,52.0,78.0,76.0,0,-1,-1,,0,0,,-1.0,0,-1.0,800.0,15000.0,15000.0,9,0,8,22,15,22,8,15,6,1,2,1,1.6,1520.0
9512,2026-10-04,,,,,,,,0,0,,12.5,14.4,14.2,13.7,24.0,16.0,0.0,,,,6.5,0,,,965.6,962.9,963.5,964.0,,,,,,,94.0,52.0,78.0,75.0,-1,-1,-1,,,,,,,,,,,9,,11,23,16,23,11,17,,1,1,0,0.7,1457.0
9609,2026-10-04,,,,,,,,0,0,1303.0,10.1,13.9,14.2,12.7,8.0,16.0,4.0,,,,6.1,0,,,966.9,963.4,964.1,964.8,,,,,,,94.0,51.0,81.0,75.0,-1,-1,-1,,,,,,,,,,,7,,8,23,16,23,8,16,,1,1,2,1.6,1445.0
9618,2026-10-04,,,,,,,,0,0,1403.0,10.3,14.8,14.3,13.1,8.0,28.0,12.0,,,,5.8,0,,,969.7,966.7,967.4,967.9,,,,,,,97.0,58.0,87.0,81.0,-1,-1,-1,,,,,,,,,,,9,,8,22,15,22,8,15,5,1,2,1,1.6,1329.0
9643,2026-10-04,,,,,,,,0,0,,9.5,12.7,13.4,11.9,8.0,20.0,24.0,,,,7.3,0,,,943.3,940.0,940.8,941.4,,,,,,,96.0,52.0,76.0,75.0,0,-1,0,,,,,,,,,,,10,,7,21,16,22,6,14,,1,1,1,1.1,1438.0
9700,2026-10-04,,,,,,,,0,0,1429.0,7.2,12.1,13.4,10.9,0.0,24.0,24.0,,,,8.0,0,,,937.6,934.0,934.8,935.5,,,,,,,93.0,48.0,77.0,73.0,-1,-1,-1,,,,,,,,,,,10,,3,21,15,22,2,12,,0,2,1,1.2,1501.0
9801,2026-10-04,0.0,0.0,0.0,1.0,5.0,7.0,43.0,0,0,1462.0,6.8,13.2,13.0,11.0,0.0,4.0,8.0,1,0,1,6.1,0,0,1,954.8,950.2,951.0,952.0,0,0,,,,,98.0,51.0,71.0,73.0,-1,-1,-1,,0,0,,-1.0,0,-1.0,400.0,50000.0,30000.0,9,0,2,22,16,23,1,12,0,0,2,1,1.2,1537.0
9811,2026-10-04,,,,,,,,0,0,1470.0,7.6,11.8,12.3,10.6,0.0,32.0,12.0,,,,6.5,0,,,949.7,945.5,946.4,947.2,,,,,,,95.0,48.0,74.0,72.0,-1,-1,-1,,,,,,,,,,,10,,4,21,15,23,4,13,1,0,1,3,1.9,1855.0
9911,2026-10-04,2.0,,0.0,10.0,0.0,3.0,43.0,0,0,1496.0,7.4,12.2,14.7,11.4,0.0,12.0,8.0,1,0,1,8.8,0,0,0,955.8,951.4,952.3,953.2,0,0,,,,,96.0,45.0,76.0,72.0,-1,-1,-1,,,,,-1.0,0,-1.0,100.0,38000.0,4000.0,9,1,3,23,17,23,3,13,,0,1,1,0.7,1411.0
9919,2026-10-04,,,,,,,,0,0,,11.0,15.1,14.7,13.6,12.0,24.0,8.0,,,,8.9,0,,,959.3,956.4,957.1,957.6,,,,,,,86.0,59.0,81.0,75.0,-1,-1,-1,,,,0.0,,,,,,,10,,11,22,16,22,8,15,6,1,2,1,1.6,1502.0
9925,2026-10-04,,,,,,,,0,0,1522.0,7.1,11.1,11.7,10.0,0.0,16.0,16.0,,,,5.2,0,,,948.6,944.4,945.4,946.1,,,,,,,95.0,44.0,74.0,71.0,-1,-1,-1,,,,,,,,,,,9,,3,21,14,23,2,12,-1,0,1,1,0.7,1543.0
10005,2026-10-04,,,,,,,,0,0,1405.0,8.0,12.7,13.9,11.5,0.0,28.0,32.0,,,,4.9,0,,,968.0,964.1,964.8,965.6,,,,,,,89.0,45.0,77.0,70.0,-1,-1,-1,,,,,,,,,,,9,,6,23,16,23,5,14,,0,1,1,0.7,1650.0
10111,2026-10-04,,,,,,,,0,0,1234.0,7.5,9.4,12.6,9.8,28.0,16.0,28.0,,,,5.2,0,,,891.5,890.2,890.3,890.7,,,,,,,84.0,42.0,84.0,70.0,-1,-1,-1,,,,,,,,,,,8,,5,19,13,20,5,12,,1,2,2,2.1,1231.0
10200,2026-10-04,1.0,,0.0,4.0,0.0,1.0,17.0,0,0,1533.0,7.7,9.0,9.5,8.7,0.0,16.0,32.0,1,0,0,5.2,0,0,,940.3,937.0,937.5,938.3,0,0,,,,,89.0,34.0,63.0,62.0,-1,-1,-1,,,,,-1.0,0,-1.0,900.0,7000.0,6000.0,10,0,5,22,13,23,3,13,-1,0,1,1,0.7,1645.0
10401,2026-10-04,,,,,,,,,,,6.6,9.4,10.4,8.8,,,,,,,,0,,,948.4,944.7,945.2,946.1,,,,,,,93.0,36.0,72.0,67.0,-1,-1,-1,,,,,,,,,,,,,2,22,13,23,2,13,,,,,,
10412,2026-10-04,,,,,,,,0,0,1578.0,6.6,8.5,8.2,7.8,16.0,16.0,28.0,,,,7.1,0,,,855.7,855.3,854.7,855.2,,,,,,,47.0,53.0,69.0,56.0,-1,-1,-1,,,,,,,,,,,10,,12,14,10,15,8,12,,2,2,3,3.3,1237.0
10415,2026-10-04,,,,,,,,0,0,1521.0,7.1,9.0,8.3,8.1,20.0,8.0,0.0,,,,8.4,0,,,915.8,914.2,914.1,914.7,,,,,,,87.0,41.0,62.0,63.0,-1,-1,-1,0,0,0,,,,,,,,10,,4,19,11,19,4,12,3,3,2,0,2.4,235.0
10500,2026-10-04,,,,0.0,0.0,0.0,0.0,0,0,1582.0,7.6,7.8,7.5,7.6,28.0,16.0,28.0,0,0,0,6.8,0,0,0,915.6,914.7,914.3,914.9,0,0,,,,,51.0,39.0,54.0,48.0,-1,-1,-1,,0,0,,-1.0,0,-1.0,10000.0,10000.0,10000.0,10,0,13,18,12,18,9,14,3,1,2,1,1.6,1139.0
10510,2026-10-04,,,,,,,,0,0,1482.0,7.8,9.6,10.6,9.3,0.0,12.0,24.0,,,,6.0,0,,,972.1,969.2,969.8,970.4,,,,,,,88.0,33.0,70.0,64.0,-1,-1,-1,0,0,0,,,,,,,,10,,5,24,13,24,4,14,1,0,2,1,1.2,1412.0
10531,2026-10-04,,,,,,,,0,0,1461.0,7.5,9.5,8.7,8.6,20.0,4.0,24.0,,,,6.6,0,,,979.6,977.4,977.5,978.2,,,,,,,61.0,32.0,55.0,49.0,-1,-1,-1,,,,,,,,,,,11,,10,24,14,24,7,16,,1,2,1,1.6,1327.0
10607,2026-10-04,,,,,,,,0,0,1412.0,7.2,8.5,9.1,8.3,16.0,20.0,20.0,,,,5.3,0,,,976.0,973.4,973.7,974.4,,,,,,,93.0,32.0,72.0,66.0,-1,-1,-1,,,,,,,,,,,9,,3,22,11,23,3,13,-1,1,1,1,1.1,1200.0
10710,2026-10-04,,,,,,,,0,0,1486.0,7.8,11.6,8.1,9.2,16.0,4.0,16.0,,,,6.3,0,,,995.2,993.0,992.5,993.6,,,,,,,70.0,38.0,46.0,51.0,-1,-1,-1,,,,,,,,,,,11,,9,24,16,25,8,16,,1,2,1,1.6,1406.0
10720,2026-10-04,,,,,,,,0,0,1562.0,7.8,6.9,7.2,7.3,24.0,12.0,20.0,,,,6.7,0,,,,,,,,,,,,,51.0,26.0,42.0,40.0,-1,-1,-1,,,,,,,,,,,11,,13,22,15,23,11,17,8,1,2,2,2.1,2.0
11102,2026-10-04,0.0,0.0,1.0,2.0,7.0,6.0,50.0,,,,,,,,,,,1,0,0,,0,0,0,,,,,0,0,,,,,,,,,4,-1,-1,1,0,0,,-1.0,0,-1.0,13000.0,10000.0,8000.0,,1,,,,,,,,,,,,
11104,2026-10-04,,,,,,,,0,0,1405.0,12.7,16.4,14.7,14.6,4.0,28.0,8.0,,,,3.6,0,,,976.3,974.9,974.3,975.2,,,,,,,93.0,70.0,77.0,80.0,3,-1,-1,,,,,,,,,,,9,,12,20,17,22,11,17,8,1,2,1,1.6,1217.0
11106,2026-10-04,,,,,,,,0,0,1381.0,11.4,12.7,12.3,12.1,32.0,32.0,8.0,,,,8.6,0,,,934.4,933.3,933.3,933.7,,,,,,,76.0,51.0,66.0,64.0,3,-1,-1,,,,,,,,,,,9,,13,21,16,23,13,18,10,1,2,1,1.6,1337.0
11114,2026-10-04,,,,,,,,0,0,1453.0,12.8,16.9,15.6,15.1,28.0,32.0,4.0,,,,4.7,0,,,979.6,978.0,977.5,978.4,,,,,,,98.0,66.0,83.0,82.0,,,-1,,,,,,,,,,,10,,11,22,17,23,11,17,7,1,2,1,1.6,1359.0
11115,2026-10-04,2.0,2.0,2.0,5.0,4.0,8.0,57.0,0,0,1411.0,12.5,15.8,14.3,14.2,0.0,32.0,0.0,0,0,0,6.6,0,0,0,976.3,974.5,974.4,975.1,0,0,,,,,92.0,56.0,71.0,73.0,2,-1,-1,,,,,-1.0,0,-1.0,25000.0,25000.0,25000.0,10,0,12,23,18,23,11,17,10,0,2,0,0.9,1337.0
11116,2026-10-04,,,,,,,,0,0,,10.0,11.6,11.6,11.1,4.0,28.0,4.0,,,,5.6,0,,,,,,,,,,,,,85.0,64.0,87.0,79.0,2,-1,-1,,,,,,,,,,,9,,9,16,11,16,9,13,,1,2,1,1.6,1200.0
11135,2026-10-04,,,,,,,,0,0,1383.0,10.9,13.4,12.6,12.3,0.0,32.0,8.0,,,,5.9,0,,,945.4,944.2,944.0,944.5,,,,,,,90.0,51.0,68.0,70.0,12,-1,-1,,,,,,,,,,,9,,10,22,16,22,9,16,6,0,1,1,0.7,1406.0
11146,2026-10-04,,,,,,,,0,0,1472.0,12.7,16.7,18.1,15.8,8.0,24.0,28.0,,,,5.6,0,,,980.5,979.1,978.6,979.4,,,,,,,92.0,68.0,81.0,80.0,4,-1,-1,,,,,,,,,,,10,,12,21,19,23,11,17,,1,2,1,1.6,1225.0
11200,2026-10-04,,,,,,,,,,,,,,,,,,,,,,0,,,,,,,,,,,,,,,,,,,,,,,,,,,,,,,,,,,,,,,,,,,
11203,2026-10-04,,,,,,,,0,0,1267.0,11.5,12.7,13.9,12.7,12.0,20.0,12.0,,,,6.7,0,,,932.0,930.3,930.7,931.0,,,,,,,100.0,57.0,88.0,82.0,11,-1,-1,,,,,,,,,,,7,,9,19,14,21,8,14,6,1,2,1,1.6,1405.0
11301,2026-10-04,,,,,,,,0,0,979.0,10.5,11.3,11.5,11.1,8.0,0.0,12.0,,,,4.1,0,,,887.9,887.1,887.1,887.4,,,,,,,83.0,67.0,83.0,78.0,9,-1,-1,,,,,,,,,,,5,,10,15,12,18,10,14,,1,0,1,0.7,1236.0
11305,2026-10-04,,,,,,,,0,0,1162.0,10.4,10.9,11.6,11.0,24.0,16.0,12.0,,,,8.1,0,,,864.4,863.4,863.5,863.8,,,,,,,98.0,58.0,82.0,79.0,,-1,-1,,,,,,,,,,,,,8,17,12,17,7,12,5,1,2,1,1.6,1535.0
11306,2026-10-04,,0.0,0.0,0.0,2.0,4.0,20.0,,,,,,,,,,,1,0,0,,0,0,0,,,,,0,0,,,,,,,,,,-1,-1,1,0,0,,-1.0,0,-1.0,25000.0,25000.0,20000.0,,1,,,,,,,,,,,,
11311,2026-10-04,,,,,,,,0,0,1331.0,10.3,11.5,11.5,11.1,0.0,4.0,0.0,,,,8.3,0,,,,,,,,,,,,,91.0,55.0,82.0,76.0,,-1,-1,,,,,,,,,,,8,,9,18,12,18,9,14,,0,3,0,1.5,1347.0
11401,2026-10-04,,,,,,,,,,,,,,,,,,,,,,0,,,,,,,,,,,,,,,,,,,,,,,,,,,,,,,,,,,,,,,,,,,
11402,2026-10-04,,,,,,,,0,0,1365.0,10.5,11.1,12.2,11.3,28.0,8.0,4.0,,,,9.3,0,,,904.6,902.3,903.2,903.4,,,,,,,95.0,46.0,77.0,73.0,11,-1,-1,,,,,,,,,,,8,,8,21,14,21,8,14,7,1,2,1,1.6,1427.0
11410,2026-10-04,,,,,,,,0,0,1450.0,10.3,11.6,11.4,11.1,12.0,28.0,24.0,,,,7.5,0,,,903.5,902.5,902.5,902.8,,,,,,,100.0,54.0,85.0,80.0,6,-1,-1,,,,,,,,,,,9,,7,19,11,19,7,13,3,1,2,1,1.6,1220.0
11505,2026-10-04,,,,,,,,0,0,1377.0,11.9,14.2,13.3,13.1,16.0,32.0,4.0,,,,10.1,0,,,931.5,930.0,930.2,930.6,,,,,,,100.0,62.0,83.0,82.0,7,,-1,,,,,,,,,,,9,,10,20,14,20,9,14,4,1,4,1,3.0,1232.0
11506,2026-10-04,0.0,0.0,1.0,4.0,2.0,3.0,,,,,,,,,,,,1,0,0,,0,,0,,,,,,,,,,,,,,,,-1,-1,,0,0,,-1.0,0,-1.0,25000.0,25000.0,10000.0,,,,,,,,,,,,,,
11602,2026-10-04,,,,,,,,,,,,,,,,,,,,,,0,,,,,,,,,,,,,,,,,,,,,,,,,,,,,,,,,,,,,,,,,,,
11603,2026-10-04,,,,,,,,0,0,1470.0,12.0,14.2,12.2,12.8,4.0,32.0,8.0,,,,6.9,0,,,916.5,914.7,915.4,915.5,,,,,,,95.0,56.0,83.0,78.0,13,-1,-1,,,,,,,,,,,8,,10,21,13,22,8,15,7,1,2,2,2.1,1356.0
11706,2026-10-04,,,,,,,,0,0,1397.0,12.2,11.8,11.6,11.9,20.0,4.0,28.0,,,,8.7,0,,,894.9,892.7,893.6,893.7,,,,,,,88.0,53.0,79.0,73.0,14,-1,-1,,,,0.0,,,,,,,9,,12,19,13,20,10,15,8,1,3,1,2.2,1611.0
11800,2026-10-04,2.0,2.0,1.0,3.0,2.0,1.0,20.0,,,,,,,,,,,1,0,0,,0,0,0,,,,,0,0,,,,,,,,,,-1,-1,,0,0,,-1.0,0,-1.0,15000.0,20000.0,20000.0,,1,,,,,,,,,,,,
11803,2026-10-04,0.0,0.0,0.0,3.0,3.0,7.0,43.0,0,0,1458.0,11.7,12.7,14.4,12.9,32.0,4.0,4.0,1,0,0,8.8,0,0,0,958.2,954.5,955.5,956.1,0,0,,,,,84.0,44.0,68.0,65.0,25,-1,-1,1,0,0,,-1.0,0,-1.0,8000.0,13000.0,4000.0,10,1,12,24,18,24,11,18,8,1,2,2,2.1,1543.0
11804,2026-10-04,,,,,,,,0,0,1526.0,11.6,13.7,14.7,13.3,24.0,12.0,12.0,,,,8.5,0,,,961.0,957.1,958.2,958.8,,,,,,,90.0,49.0,71.0,70.0,18,-1,-1,,,,,,,,,,,10,,11,23,18,24,10,17,7,1,1,2,1.6,1601.0
11901,2026-10-04,,,,,,,,0,0,1420.0,13.3,15.0,14.2,14.2,20.0,8.0,4.0,,,,11.2,0,,,967.1,963.5,964.3,965.0,,,,,,,96.0,55.0,65.0,72.0,1,-1,-1,,,,,,,,,,,9,,12,23,19,23,11,17,,1,3,3,3.4,1530.0
12015,2026-10-04,,,,,,,,0,0,1506.0,11.0,13.9,13.1,12.7,8.0,24.0,8.0,,,,7.4,0,,,923.0,920.8,921.4,921.7,,,,,,,92.0,59.0,77.0,76.0,0,-1,-1,,,,0.0,,,,,,,9,,10,20,15,22,9,15,,1,2,1,1.6,1612.0
12016,2026-10-04,,,,,,,,,,,,,,,,,,,,,,,,,,,,,,,,,,,,,,,,,,,,,,,,,,,,,,,,,,,,,,,,,
12203,2026-10-04,,,,,,,,0,0,1508.0,10.2,14.2,13.4,12.6,0.0,28.0,0.0,,,,5.8,0,,,940.5,937.8,938.7,939.0,,,,,,,94.0,54.0,76.0,75.0,-1,-1,-1,,,,,,,,,,,9,,8,22,16,22,8,15,5,0,2,0,0.9,1647.0
12215,2026-10-04,,,,,,,,0,0,1420.0,10.0,11.4,10.7,10.7,20.0,28.0,28.0,,,,5.4,0,,,834.7,834.1,834.1,834.3,,,,,,,86.0,76.0,90.0,84.0,,,,,,,,,,,,,,9,,9,13,10,16,8,12,,2,1,1,1.6,1659.0
12216,2026-10-04,,,,,,,,,,,,,,,,,,,,,,0,,,,,,,,,,,,,,,,,-1,-1,-1,,,,,,,,,,,,,,,,,,,,,,,,
12231,2026-10-04,,,,,,,,0,0,1452.0,9.3,12.8,13.6,11.9,20.0,12.0,0.0,,,,4.6,0,,,,,,,,,,,,,100.0,54.0,88.0,81.0,-1,-1,-1,,,,,,,,,,,9,,6,20,14,22,4,13,,1,2,0,1.2,1702.0
12302,2026-10-04,,,,,,,,0,0,1389.0,8.9,12.7,12.7,11.4,28.0,24.0,24.0,,,,7.8,0,,,917.4,914.3,915.3,915.7,,,,,,,91.0,56.0,81.0,76.0,-1,-1,-1,,,,,,,,,,,9,,7,20,14,20,6,13,4,1,2,1,1.6,1350.0
12311,2026-10-04,,,,,,,,0,0,1552.0,9.5,9.9,10.7,10.0,28.0,28.0,28.0,,,,5.4,0,,,815.8,815.1,815.1,815.3,,,,,,,80.0,60.0,93.0,78.0,-1,-1,-1,,,,,,,,,,,10,,10,15,9,15,7,11,,1,2,2,2.1,1645.0
12323,2026-10-04,0.0,0.0,0.0,2.0,2.0,4.0,27.0,0,0,,8.5,12.6,13.0,11.4,24.0,8.0,12.0,1,0,1,3.9,0,0,1,942.6,938.6,939.6,940.3,0,0,,,,,98.0,52.0,84.0,78.0,-1,-1,-1,,0,0,,-1.0,0,-1.0,10000.0,15000.0,10000.0,10,1,5,21,14,22,4,13,,1,1,1,1.1,1552.0
12351,2026-10-04,,,,,,,,,,,11.2,13.8,13.4,12.8,,,,,,,,0,,,918.8,916.5,917.3,917.5,,,,,,,95.0,60.0,83.0,79.0,-1,-1,-1,,,,,,,,,,,,,9,20,14,20,9,14,,,,,,
12352,2026-10-04,0.0,0.0,1.0,6.0,4.0,7.0,57.0,,,,,,,,,,,1,0,1,,0,0,0,,,,,0,0,,,,,,,,,-1,-1,-1,0,0,0,,-1.0,0,-1.0,5000.0,20000.0,10000.0,,0,,,,,,,,,,,,
12504,2026-10-04,,,,,,,,0,0,1452.0,9.8,12.6,13.6,12.0,16.0,32.0,12.0,,,,9.7,0,,,966.8,961.4,962.9,963.7,,,,,,,93.0,48.0,73.0,71.0,-1,-1,-1,,,,,,,,,,,9,,8,22,16,22,7,15,7,1,3,1,2.2,1350.0
12506,2026-10-04,,,,,,,,,,,,,,,,,,,,,,,,,,,,,,,,,,,,,,,,,,,,,,,,,,,,,,,,,,,,,,,,,
12513,2026-10-04,,,,,,,,0,0,,9.3,11.7,12.8,11.3,32.0,12.0,28.0,,,,4.9,0,,,943.5,939.2,940.3,941.0,,,,,,,91.0,47.0,74.0,71.0,-1,-1,-1,,,,,,,,,,,10,,7,21,15,22,7,15,4,1,2,1,1.6,1357.0
12530,2026-10-04,0.0,0.0,0.0,1.0,3.0,1.0,,0,0,,9.4,12.4,13.9,11.9,0.0,20.0,12.0,1,0,0,3.0,0,0,0,955.1,950.3,951.4,952.3,0,0,,,,,97.0,52.0,81.0,77.0,-1,-1,-1,,0,0,,-1.0,0,-1.0,12000.0,30000.0,12000.0,,1,7,20,15,22,6,14,4,0,1,2,1.2,1644.0
12616,2026-10-04,,,,,,,,0,0,1563.0,7.0,12.7,12.0,10.6,16.0,20.0,8.0,,,,10.0,0,,,934.0,929.5,931.0,931.5,,,,,,,98.0,45.0,88.0,77.0,-1,-1,-1,,,,,,,,,,,10,,2,23,12,24,1,13,1,1,2,1,1.6,1555.0
12711,2026-10-04,,0.0,0.0,0.0,2.0,2.0,13.0,0,0,1625.0,8.7,10.3,12.2,10.4,28.0,8.0,28.0,0,0,0,6.2,0,0,0,892.3,890.0,890.7,891.0,0,0,,,,,82.0,49.0,83.0,71.0,-1,-1,-1,0,0,0,,-1.0,0,-1.0,29000.0,29000.0,12000.0,10,1,8,18,13,19,7,13,2,1,2,2,2.1,1715.0
12720,2026-10-04,,,,,,,,0,0,1683.0,,,,,32.0,12.0,16.0,,,,6.3,0,,,,,,,,,,,,,,,,,,,,,,,,,,,,,,,,,,,,,,,1,2,1,1.6,2324.0
12721,2026-10-04,,,,,,,,,,,4.7,5.8,7.2,5.9,,,,,,,,0,,,,,,,,,,,,,62.0,52.0,79.0,64.0,-1,-1,-1,,,,0.0,,,,,,,,,3,9,6,9,2,5,,,,,,
12811,2026-10-04,,,,,,,,0,0,1559.0,7.4,11.2,12.2,10.3,24.0,4.0,24.0,,,,6.2,0,,,941.2,937.1,937.9,938.7,,,,,,,89.0,47.0,76.0,71.0,-1,-1,-1,,,,,,,,,,,10,,4,20,14,22,4,13,1,1,2,1,1.6,1535.0
13116,2026-10-04,,0.0,,0.0,1.0,0.0,3.0,0,0,1555.0,7.4,10.4,9.4,9.1,28.0,12.0,24.0,0,0,0,5.5,0,0,0,929.6,926.8,926.8,927.7,0,0,,,,,89.0,45.0,67.0,67.0,-1,-1,-1,,0,0,,-1.0,0,-1.0,5000.0,14000.0,8000.0,11,1,4,20,12,21,0,10,-1,1,1,2,1.6,1814.0
13120,2026-10-04,,,,,,,,0,0,1451.0,6.8,8.5,10.2,8.5,24.0,12.0,24.0,,,,6.0,0,,,943.8,940.1,940.8,941.6,,,,,,,92.0,35.0,75.0,67.0,-1,-1,-1,,,,,,,,,,,9,,3,21,12,21,3,12,1,1,3,1,2.2,1259.0
13302,2026-10-04,,,,,,,,,,,,,,,,,,,,,,,,,,,,,,,,,,,,,,,,,,,,,,,,,,,,,,,,,,,,,,,,,
13308,2026-10-04,,,,,,,,0,0,1344.0,,,,,32.0,16.0,4.0,,,,6.2,0,,,980.7,977.0,977.6,978.4,,,,,,,,,,,,,,,,,,,,,,,,9,,,,,,,,,2,2,1,2.1,832.0
13312,2026-10-04,,,,,,,,0,0,1609.0,7.7,9.9,10.1,9.2,20.0,8.0,0.0,,,,5.1,0,,,967.5,962.6,963.1,964.4,,,,,,,88.0,34.0,62.0,61.0,-1,-1,-1,,,,,,,,,,,10,,5,24,14,24,4,14,0,1,1,0,0.7,1401.0
13401,2026-10-04,,,,,,,,0,0,1487.0,7.2,8.6,11.2,9.0,0.0,4.0,24.0,,,,3.4,0,,,970.9,966.2,966.6,967.9,,,,,,,100.0,31.0,82.0,71.0,-1,-1,-1,,,,,,,,,,,10,,2,23,12,24,1,13,-2,0,1,1,0.7,1548.0
13515,2026-10-04,,,,,,,,0,0,1553.0,7.5,8.6,7.5,7.9,16.0,16.0,20.0,,,,5.2,0,,,910.7,909.5,909.3,909.8,,,,,,,62.0,39.0,53.0,51.0,-1,-1,-1,,,,,,,,,,,10,,10,19,12,20,7,14,1,1,2,2,2.1,1308.0
13605,2026-10-04,,,,,,,,0,0,1612.0,6.8,6.6,9.1,7.5,0.0,16.0,0.0,,,,5.8,0,,,989.8,987.6,987.3,988.2,,,,,,,83.0,23.0,64.0,57.0,-1,-1,-1,,,,,,,,,,,11,,4,23,12,24,3,13,2,0,2,0,0.9,1320.0
13606,2026-10-04,,,,,,,,0,0,1589.0,7.6,7.7,7.7,7.7,24.0,12.0,24.0,,,,7.8,0,,,948.5,947.1,946.9,947.5,,,,,,,66.0,31.0,47.0,48.0,-1,-1,-1,,,,,,,,,,,11,,9,21,14,21,7,14,3,2,3,1,2.8,1413.0
13640,2026-10-04,,,,,,,,0,0,1490.0,8.1,7.7,9.0,8.3,0.0,16.0,28.0,,,,5.3,0,,,976.7,975.1,974.7,975.5,,,,,,,84.0,28.0,69.0,60.0,-1,-1,-1,,,,,,,,,,,10,,6,23,11,23,5,14,2,0,2,1,1.2,1059.0
13702,2026-10-04,,,,,,,,0,0,1688.0,6.9,6.4,6.8,6.7,24.0,20.0,24.0,,,,6.1,0,,,955.3,954.1,953.5,954.3,,,,,,,43.0,26.0,37.0,35.0,-1,-1,-1,,,,,,,,,,,11,,14,21,16,21,12,17,,1,2,1,1.6,1134.0
13707,2026-10-04,,,,,,,,0,0,,7.6,8.4,8.3,8.1,32.0,16.0,32.0,,,,7.3,0,,,,,,,,,,,,,78.0,30.0,57.0,55.0,-1,-1,-1,0,0,0,,,,,,,,10,,7,23,13,23,4,14,1,2,2,1,2.1,1104.0
13811,2026-10-04,,,,,,,,0,0,,7.8,7.1,7.4,7.4,0.0,20.0,24.0,,,,6.3,0,,,992.7,990.8,990.3,991.3,,,,,,,78.0,25.0,41.0,48.0,-1,-1,-1,,,,,,,,,,,11,,7,23,16,24,5,14,2,0,2,2,1.8,1121.0
13907,2026-10-04,,,,0.0,,,,0,0,1491.0,7.3,7.6,7.5,7.5,24.0,16.0,28.0,0,,,7.4,0,0,0,1005.3,1003.0,1002.6,1003.6,0,0,,,,,79.0,25.0,53.0,52.0,-1,-1,-1,,0,,,-1.0,0,-1.0,6000.0,,,10,0,6,24,12,25,2,13,0,1,2,1,1.6,1101.0
14103,2026-10-04,,,,,,,,0,0,1355.0,13.1,14.0,14.2,13.8,8.0,28.0,16.0,,,,6.8,0,,,961.2,959.5,959.8,960.2,,,,,,,92.0,48.0,70.0,70.0,3,-1,-1,,,,,,,,,,,9,,12,24,18,24,12,18,10,1,1,1,1.1,1226.0
14105,2026-10-04,,,,,,,,,,,,,,,,,,,,,,0,,,,,,,,,,,,,,,,,,,,,,,,,,,,,,,,,,,,,,,,,,,
14115,2026-10-04,,,,,,,,0,0,1017.0,10.5,11.8,12.4,11.6,20.0,32.0,20.0,,,,4.6,0,,,910.3,909.1,909.6,909.7,,,,,,,86.0,56.0,79.0,74.0,,-1,-1,,,,,,,,,,,4,,10,18,14,20,10,15,,2,1,2,2.1,1250.0
14301,2026-10-04,,,,,,,,,,,,,,,,,,,,,,,,,,,,,,,,,,,,,,,,,,,,,,,,,,,,,,,,,,,,,,,,,
14302,2026-10-04,,,,,,,,0,0,1471.0,10.7,,11.8,,20.0,20.0,20.0,,,,6.7,0,,,882.7,879.9,881.0,881.2,,,,,,,82.0,43.0,70.0,65.0,11,-1,-1,,,,,,,,,,,7,,11,,15,22,10,16,9,1,1,2,1.6,1510.0
14305,2026-10-04,,,,,,,,0,0,1559.0,9.4,,10.0,,8.0,24.0,24.0,,,,11.2,0,,,802.5,801.6,801.8,802.0,,,,,,,100.0,70.0,91.0,87.0,14,-1,-1,,,,0.0,,,,,,,8,,6,,8,14,6,10,,2,4,3,4.7,1448.0
14308,2026-10-04,,,,,,,,0,0,,6.3,8.2,7.1,7.2,20.0,20.0,28.0,,,,6.6,0,,,,,,,,,,,,,81.0,93.0,89.0,88.0,,,,,,,,,,,,,,,,3,5,4,7,3,5,,2,1,1,1.6,2342.0
14310,2026-10-04,1.0,0.0,1.0,4.0,1.0,3.0,27.0,,,,,,,,,,,0,0,0,,0,0,0,,,,,0,0,,,,,,,,,,-1,-1,,0,0,,-1.0,0,-1.0,15000.0,20000.0,15000.0,,1,,,,,,,,,,,,
14311,2026-10-04,,,,,,,,0,0,1368.0,10.7,12.6,12.2,11.8,4.0,20.0,4.0,,,,5.8,0,,,890.7,889.5,890.1,890.1,,,,,,,83.0,61.0,84.0,76.0,15,-1,-1,,,,,,,,,,,7,,11,18,13,19,10,14,,2,2,1,2.1,1232.0
14403,2026-10-04,,,,,,,,0,0,1369.0,10.3,12.2,12.6,11.7,16.0,4.0,28.0,,,,8.3,0,,,936.5,932.0,933.1,933.9,,,,,,,73.0,40.0,58.0,57.0,8,-1,-1,,,,,,,,,,,7,,12,24,19,25,12,18,11,3,2,1,2.8,1636.0
14513,2026-10-04,,,,,,,,0,0,1464.0,12.6,12.0,12.6,12.4,20.0,16.0,28.0,,,,7.8,0,,,939.9,935.9,937.0,937.6,,,,,,,91.0,40.0,61.0,64.0,13,-1,-1,,,,,,,,,,,9,,12,24,18,25,12,18,,1,1,2,1.6,1517.0
14521,2026-10-04,0.0,1.0,,2.0,3.0,,,0,0,1271.0,9.8,11.1,12.0,11.0,20.0,4.0,8.0,0,0,0,10.6,0,0,0,,,,,0,0,,,,,92.0,38.0,60.0,63.0,8,-1,-1,,0,0,,-1.0,0,-1.0,5000.0,25000.0,5000.0,7,1,8,24,18,24,8,16,3,1,2,1,1.6,1600.0
14602,2026-10-04,,,,,,,,,,,,,,,,,,,,,,0,,,,,,,,,,,,,,,,,,,,,,,,,,,,,,,,,,,,,,,,,,,
14603,2026-10-04,,,,,,,,0,0,1354.0,11.9,13.3,13.1,12.8,24.0,8.0,4.0,,,,12.6,0,,,952.5,948.2,949.5,950.1,,,,,,,97.0,44.0,60.0,67.0,11,-1,-1,,,,,,,,,,,8,,10,24,19,25,10,17,6,1,2,2,2.1,1623.0
14621,2026-10-04,,,,,,,,,,,,,,,,,,,,,,0,,,,,,,,,,,,,,,,,,,,,,,,,,,,,,,,,,,,,,,,,,,
14622,2026-10-04,,,,,,,,0,0,1033.0,8.7,10.8,10.0,9.8,20.0,32.0,0.0,,,,7.3,0,,,866.7,864.0,865.3,865.3,,,,,,,88.0,52.0,91.0,77.0,9,-1,-1,,,,,,,,,,,5,,7,18,8,18,5,12,,1,3,0,1.9,1324.0
14631,2026-10-04,,1.0,0.0,0.0,3.0,3.0,20.0,0,0,1279.0,10.5,12.2,12.2,11.6,12.0,24.0,12.0,0,0,0,8.9,0,0,0,911.0,907.6,908.6,909.1,0,0,,,,,91.0,47.0,71.0,70.0,10,-1,-1,,0,0,,-1.0,0,-1.0,40000.0,40000.0,40000.0,7,1,9,22,15,22,9,16,6,1,2,1,1.6,1606.0
14701,2026-10-04,,,,,,,,0,0,1186.0,9.9,13.2,12.9,12.0,20.0,8.0,20.0,,,,6.7,0,,,,,,,,,,,,,87.0,54.0,79.0,73.0,10,-1,-1,,,,0.0,,,,,,,6,,9,21,14,21,8,15,5,2,2,2,2.7,1526.0
14802,2026-10-04,,,,,,,,0,0,1469.0,7.9,9.9,10.9,9.6,12.0,12.0,12.0,,,,5.3,0,,,871.6,869.1,870.0,870.2,,,,,,,79.0,50.0,76.0,68.0,5,-1,-1,,,,0.0,,,,,,,8,,7,17,12,19,6,12,,1,2,2,2.1,1501.0
14812,2026-10-04,,,,,,,,0,0,1537.0,9.1,,9.7,,28.0,8.0,32.0,,,,7.8,0,,,786.9,786.4,786.3,786.5,,,,,,,92.0,59.0,97.0,83.0,13,-1,-1,,,,,,,,,,,9,,7,,7,12,6,9,,3,1,3,3.4,1749.0
14822,2026-10-04,,,,,,,,0,0,1370.0,11.6,12.6,12.9,12.4,16.0,8.0,16.0,,,,5.4,0,,,922.7,920.1,920.7,921.2,,,,,,,87.0,52.0,77.0,72.0,18,-1,-1,,,,,,,,,,,9,,11,21,15,21,10,16,8,1,2,1,1.6,1416.0
14825,2026-10-04,,,,,,,,0,0,1442.0,6.9,10.1,9.6,8.9,8.0,20.0,8.0,,,,4.5,0,,,865.7,863.3,864.2,864.4,,,,,,,89.0,45.0,84.0,73.0,2,-1,-1,,,,0.0,,,,,,,9,,3,19,9,20,3,11,,1,1,1,1.1,1315.0
14833,2026-10-04,,,,,,,,0,0,1399.0,8.4,10.4,12.4,10.4,12.0,28.0,12.0,,,,8.5,0,,,912.1,908.6,909.7,910.1,,,,,,,85.0,44.0,82.0,70.0,6,-1,-1,,,,,,,,,,,8,,7,20,13,20,7,14,6,2,3,1,2.8,1359.0
14834,2026-10-04,,,2.0,0.0,,10.0,,,,,,,,,,,,0,,0,,0,0,0,,,,,0,0,,,,,,,,,7,,,,,,,-1.0,0,-1.0,20000.0,,20000.0,,0,,,,,,,,,,,,
14912,2026-10-04,,,,,,,,0,0,,7.1,11.0,11.5,9.9,20.0,32.0,20.0,,,,3.4,0,,,,,,,,,,,,,84.0,62.0,89.0,78.0,4,-1,-1,,,,0.0,,,,,,,5,,5,16,11,17,4,11,,1,1,1,1.1,1239.0
15001,2026-10-04,0.0,0.0,1.0,2.0,2.0,7.0,37.0,,,,,,,,,,,1,1,1,,0,0,0,,,,,0,0,,,,,,,,,3,-1,-1,1,0,0,,-1.0,0,-1.0,20000.0,20000.0,20000.0,,0,,,,,,,,,,,,
15002,2026-10-04,,,,,,,,0,0,1347.0,10.6,13.6,15.1,13.1,24.0,16.0,24.0,,,,3.7,0,,,954.9,951.4,952.3,952.9,,,,,,,88.0,49.0,81.0,73.0,2,-1,-1,,,,0.0,,,,,,,8,,10,23,16,24,9,16,4,1,1,1,1.1,1344.0
15105,2026-10-04,,0.0,1.0,0.0,1.0,6.0,23.0,0,0,1424.0,9.0,11.3,12.7,11.0,0.0,12.0,20.0,1,0,0,3.9,0,0,0,914.2,911.1,911.9,912.4,0,0,,,,,91.0,49.0,81.0,74.0,-1,-1,-1,,0,0,,-1.0,0,-1.0,15000.0,25000.0,15000.0,7,1,7,20,14,21,7,14,5,0,1,1,0.7,1511.0
15210,2026-10-04,,,,,,,,0,0,1548.0,7.2,7.2,7.0,7.1,28.0,12.0,24.0,,,,4.6,0,,,894.5,891.6,892.5,892.9,,,,,,,75.0,36.0,51.0,54.0,-1,-1,-1,,,,,,,,,,,9,,6,18,12,20,6,13,1,1,2,1,1.6,1452.0
15300,2026-10-04,,,,,,,,,,,,,,,,,,,,,,,,,,,,,,,,,,,,,,,,,,,,,,,,,,,,,,,,,,,,,,,,,
15321,2026-10-04,0.0,0.0,2.0,2.0,2.0,5.0,30.0,0,0,1579.0,4.8,6.8,9.1,6.9,28.0,32.0,32.0,0,0,0,7.4,0,0,0,780.8,780.1,780.1,780.3,0,0,,,,,55.0,54.0,90.0,66.0,-1,-1,-1,,0,0,,-1.0,0,-1.0,45000.0,35000.0,800.0,8,0,5,10,7,12,5,8,,1,2,1,1.6,54.0
15344,2026-10-04,,,,,,,,0,0,1430.0,6.6,8.8,8.6,8.0,0.0,20.0,32.0,,,,5.0,0,,,877.6,875.2,876.0,876.3,,,,,,,74.0,44.0,72.0,63.0,-1,-1,-1,,,,0.0,,,,,,,7,,5,18,10,18,5,12,0,0,2,1,1.2,1314.0
15402,2026-10-04,0.0,,,2.0,,,,0,0,1172.0,6.9,10.6,10.5,9.3,16.0,4.0,16.0,1,,,6.1,0,0,,921.9,917.9,919.3,919.7,0,0,,,,,88.0,43.0,81.0,71.0,-1,-1,-1,,,,,-1.0,0,-1.0,25000.0,,,6,1,3,21,11,21,3,12,-1,1,2,1,1.6,1410.0
15411,2026-10-04,0.0,0.0,1.0,1.0,2.0,7.0,33.0,0,0,1786.0,1.2,3.3,5.3,3.3,24.0,16.0,32.0,5,5,5,8.3,0,0,0,708.1,708.0,707.7,707.9,0,0,,,,,17.0,42.0,80.0,46.0,-1,-1,-1,0,0,0,0.0,-1.0,1,-1.0,80000.0,80000.0,500.0,11,0,2,4,1,5,1,3,,2,3,2,3.3,1156.0
15430,2026-10-04,,,,,,,,0,0,1284.0,5.8,7.6,9.4,7.6,8.0,24.0,8.0,,,,4.2,0,,,849.3,847.7,848.2,848.4,,,,,,,57.0,40.0,73.0,57.0,-1,-1,-1,,,,,,,,,,,6,,7,17,11,18,7,12,,1,1,1,1.1,1116.0
15501,2026-10-04,,,,,,,,0,0,1446.0,7.2,10.3,10.4,9.3,12.0,32.0,16.0,,,,4.2,0,,,905.5,902.0,903.1,903.5,,,,,,,88.0,49.0,75.0,71.0,-1,-1,-1,,,,,,,,,,,7,,4,18,12,19,3,11,,1,2,2,2.1,707.0
15506,2026-10-04,,,,,,,,,,,,,,,,,,,,,,,,,,,,,,,,,,,,,,,,,,,,,,,,,,,,,,,,,,,,,,,,,
15509,2026-10-04,,,,,,,,0,0,,8.4,10.4,11.5,10.1,0.0,28.0,20.0,,,,7.9,0,,,,,,,,,,,,,99.0,45.0,84.0,76.0,-1,-1,-1,,,,,,,,,,,7,,5,20,12,20,4,12,1,0,3,1,1.9,1536.0
15610,2026-10-04,,,,,,,,0,0,1522.0,7.1,8.8,9.9,8.6,32.0,20.0,32.0,,,,6.8,0,,,836.8,835.4,835.8,836.0,,,,,,,65.0,46.0,80.0,64.0,-1,-1,-1,,,,,,,,,,,10,,8,17,10,19,6,13,,2,1,2,2.1,1546.0
15640,2026-10-04,,,,,,,,0,0,1442.0,4.4,3.6,7.9,5.3,4.0,24.0,20.0,,,,7.2,0,,,,,,,,,,,,,47.0,23.0,66.0,45.0,-1,-1,-1,,,,0.0,,,,,,,7,,6,14,10,14,5,9,,1,2,1,1.6,1852.0
15702,2026-10-04,,,,,,,,0,0,1484.0,6.8,10.1,8.2,8.4,0.0,12.0,24.0,,,,8.7,0,,,910.4,906.2,907.4,908.0,,,,,,,100.0,42.0,79.0,74.0,-1,-1,-1,,,,,,,,,,,7,,2,21,8,21,-1,10,,0,2,1,1.2,1559.0
15712,2026-10-04,2.0,0.0,0.0,10.0,1.0,1.0,40.0,0,0,1541.0,7.2,9.2,8.9,8.4,0.0,20.0,32.0,0,0,0,6.7,0,0,1,913.8,909.2,910.5,911.2,0,0,,,,,99.0,35.0,71.0,68.0,-1,-1,-1,0,0,0,,-1.0,0,-1.0,300.0,50000.0,15000.0,8,1,3,22,10,22,1,12,-1,0,1,1,0.7,1511.0
15715,2026-10-04,,,,,,,,0,0,1511.0,6.4,5.5,6.4,6.1,28.0,16.0,16.0,,,,6.1,0,,,847.8,846.6,846.8,847.1,,,,,,,75.0,30.0,51.0,52.0,-1,-1,-1,,,,,,,,,,,,,5,16,10,16,4,10,-1,1,2,1,1.6,1311.0
15721,2026-10-04,,,,,,,,0,0,1586.0,6.9,8.4,8.8,8.0,0.0,12.0,32.0,,,,4.5,0,,,899.3,895.7,896.6,897.2,,,,,,,100.0,34.0,75.0,70.0,-1,-1,-1,,,,,,,,,,,9,,2,21,9,22,1,11,0,0,1,1,0.7,1609.0
15901,2026-10-04,,,,,,,,0,0,1495.0,7.0,10.0,9.1,8.7,28.0,12.0,28.0,,,,4.1,0,,,934.2,930.3,931.3,931.9,,,,,,,89.0,40.0,65.0,65.0,-1,-1,-1,,,,,,,,,,,10,,4,21,12,21,3,12,,1,1,1,1.1,1318.0
15912,2026-10-04,,,,,,,,0,0,1578.0,7.7,8.6,3.8,6.7,28.0,12.0,8.0,,,,7.0,0,,,883.8,882.1,882.3,882.7,,,,,,,90.0,39.0,24.0,51.0,-1,-1,-1,,,,0.0,,,,,,,10,,5,19,14,19,4,12,,1,3,2,2.8,1408.0
15920,2026-10-04,,,,,,,,0,0,1592.0,7.0,11.7,9.8,9.5,24.0,12.0,24.0,,,,8.3,0,,,936.7,932.2,933.4,934.1,,,,,,,92.0,42.0,72.0,69.0,-1,-1,-1,,,,,,,,,,,10,,3,23,12,23,3,13,,1,2,1,1.6,1529.0
16015,2026-10-04,,,,,,,,0,0,1532.0,6.5,10.3,8.1,8.3,28.0,16.0,28.0,,,,7.5,0,,,930.1,926.8,927.4,928.1,,,,,,,93.0,44.0,68.0,68.0,-1,-1,-1,,,,,,,,,,,10,,2,20,10,20,1,11,,1,3,1,2.2,1616.0
16101,2026-10-04,0.0,0.0,0.0,1.0,1.0,5.0,23.0,0,0,1519.0,6.5,9.5,9.0,8.3,28.0,8.0,16.0,1,0,0,4.0,0,0,1,951.8,947.8,948.0,949.2,0,0,,,,,95.0,38.0,62.0,65.0,-1,-1,-1,0,0,0,,-1.0,0,-1.0,600.0,30000.0,20000.0,11,0,2,21,13,23,1,12,-3,1,1,1,1.1,1617.0
16308,2026-10-04,,,,,,,,0,0,1605.0,8.5,9.1,10.4,9.3,12.0,12.0,8.0,,,,4.9,0,,,,,,,,,,,,,82.0,36.0,69.0,62.0,-1,-1,-1,,,,,,,,,,,10,,8,21,13,22,5,14,2,1,2,1,1.6,1506.0
16400,2026-10-04,,,,,,,,0,0,,7.4,8.5,9.9,8.6,0.0,12.0,4.0,,,,5.1,0,,,986.5,984.3,983.7,984.8,,,,,,,92.0,33.0,63.0,63.0,-1,-1,-1,,,,,,,,,,,11,,4,22,14,22,2,12,-2,0,2,1,1.2,
16411,2026-10-04,,,,,,,,0,0,1744.0,8.3,8.6,8.5,8.5,28.0,12.0,28.0,,,,5.2,0,,,944.3,943.1,942.6,943.3,,,,,,,69.0,35.0,67.0,57.0,-1,-1,-1,,,,,,,,,,,11,,10,21,11,22,7,15,5,2,1,3,2.8,1225.0
16412,2026-10-04,,,,,,,,,,,,,,,,,,,,,,0,,,,,,,,,,,,,,,,,,,,,,,,,,,,,,,,,,,,,,,,,,,
16413,2026-10-04,,,,,,,,0,0,1570.0,8.3,8.3,9.3,8.6,8.0,16.0,32.0,,,,5.9,0,,,987.7,985.5,985.1,986.1,,,,,,,84.0,31.0,57.0,57.0,-1,-1,-1,,,,,,,,,,,11,,7,22,14,23,4,14,1,1,2,1,1.6,1423.0
16414,2026-10-04,0.0,0.0,,1.0,1.0,,,,,,8.2,9.1,9.7,9.0,,,,1,0,,,0,0,0,986.2,984.0,983.5,984.6,0,0,,,,,87.0,34.0,61.0,61.0,-1,-1,-1,,,,,-1.0,0,-1.0,80000.0,60000.0,,,1,6,22,14,22,6,14,4,,,,,
16421,2026-10-04,,,,,,,,0,0,1620.0,6.8,7.8,7.5,7.4,16.0,12.0,32.0,,,,4.8,0,,,867.6,867.1,866.6,867.1,,,,,,,53.0,51.0,59.0,54.0,-1,-1,-1,,,,,,,,,,,9,,11,13,11,14,8,11,,1,2,2,2.1,1347.0
16501,2026-10-04,,,,,,,,0,0,1487.0,7.6,8.7,10.1,8.8,0.0,16.0,0.0,,,,5.2,0,,,984.7,982.5,982.2,983.1,,,,,,,90.0,33.0,71.0,65.0,-1,-1,-1,,,,,,,,,,,10,,5,22,12,22,3,13,,0,1,0,0.4,1311.0
16511,2026-10-04,,,,,,,,0,0,1603.0,8.5,8.5,8.6,8.5,32.0,12.0,16.0,,,,5.0,0,,,967.0,965.6,965.1,965.9,,,,,,,53.0,36.0,44.0,44.0,-1,-1,-1,,,,,,,,,,,11,,14,20,17,21,11,16,7,1,1,1,1.1,1356.0
16601,2026-10-04,0.0,0.0,1.0,4.0,2.0,2.0,27.0,0,0,1521.0,7.6,8.5,8.9,8.3,0.0,12.0,20.0,0,0,0,6.6,0,0,0,997.5,995.1,994.6,995.7,0,0,,,,,88.0,31.0,61.0,60.0,-1,-1,-1,,0,0,,-1.0,0,-1.0,15000.0,15000.0,7000.0,11,0,5,23,13,23,3,13,-3,0,2,1,1.2,1348.0
16702,2026-10-04,,,,,,,,0,0,1501.0,7.4,8.2,9.0,8.2,24.0,16.0,20.0,,,,6.8,0,,,1004.0,1001.3,1001.1,1002.1,,,,,,,88.0,28.0,65.0,60.0,-1,-1,-1,,,,,,,,,,,11,,4,24,12,24,1,13,0,1,2,1,1.6,1408.0
16711,2026-10-04,,,,,,,,0,0,1569.0,7.7,7.0,8.0,7.6,32.0,20.0,20.0,,,,7.4,0,,,981.2,979.6,979.0,979.9,,,,,,,63.0,27.0,42.0,44.0,-1,-1,-1,,,,,,,,,,,11,,10,22,17,23,8,15,6,2,2,1,2.1,1149.0
16800,2026-10-04,,,,,,,,0,0,,7.3,8.1,8.5,8.0,0.0,16.0,0.0,,,,5.4,0,,,,,,,,,,,,,86.0,28.0,59.0,58.0,-1,-1,-1,,,,,,,,,,,10,,5,24,13,24,0,12,-3,0,1,0,0.4,1156.0
16906,2026-10-04,,,,,,,,0,0,1403.0,10.6,11.5,13.9,12.0,12.0,32.0,16.0,,,,8.8,0,,,916.2,914.1,915.3,915.2,,,,,,,91.0,48.0,83.0,74.0,,-1,-1,,,,,,,,,,,8,,9,20,15,21,9,15,,1,3,1,2.2,1444.0
17002,2026-10-04,,,,,,,,0,0,1381.0,8.0,10.4,11.3,9.9,16.0,20.0,20.0,,,,11.8,0,,,854.3,852.0,852.9,853.1,,,,,,,92.0,52.0,77.0,74.0,8,-1,-1,,,,,,,,,,,7,,5,18,13,18,5,11,3,1,4,3,4.1,1451.0
17003,2026-10-04,,,,,,,,,,,,,,,,,,,,,,0,,,,,,,,,,,,,,,,,,,,,,,,,,,,,,,,,,,,,,,,,,,
17005,2026-10-04,,,,,,,,0,0,1556.0,7.7,7.1,8.8,7.9,8.0,32.0,12.0,,,,8.6,0,,,781.3,780.5,780.8,780.9,,,,,,,86.0,50.0,86.0,74.0,8,-1,2,,,,,,,,,,,8,,5,12,7,13,4,8,,1,2,1,1.6,1944.0
17102,2026-10-04,,,,,,,,0,0,1536.0,7.4,9.8,8.4,8.5,12.0,20.0,12.0,,,,7.0,0,,,879.0,875.5,876.4,877.0,,,,,,,90.0,43.0,59.0,64.0,3,-1,-1,,,,,,,,,,,9,,4,20,12,20,4,12,2,1,1,2,1.6,1633.0
17301,2026-10-04,0.0,,1.0,1.0,,7.0,,0,0,1143.0,5.6,7.2,9.8,7.5,16.0,4.0,8.0,1,0,0,7.1,0,0,0,817.7,815.8,816.7,816.7,0,1,,,,,67.0,41.0,77.0,62.0,6,-1,-1,,,,0.0,-1.0,0,-1.0,100000.0,,5000.0,6,0,4,15,11,16,4,10,,1,2,1,1.6,1449.0
17315,2026-10-04,0.0,,,4.0,,,,0,0,1612.0,,,,,24.0,12.0,20.0,1,,,5.1,0,0,0,732.1,731.8,731.6,731.8,0,0,,,,,,,,,5,-1,-1,,,,0.0,-1.0,0,-1.0,40000.0,,,,0,,,,,,,,2,1,1,1.6,1719.0
17320,2026-10-04,,,,,,,,0,0,1837.0,3.0,4.0,5.6,4.2,4.0,16.0,16.0,,,,4.3,0,,,680.9,681.0,680.7,680.9,,,,,,,51.0,44.0,87.0,61.0,,,,,,,,,,,,,,10,,0,6,1,6,-2,3,,2,1,1,1.6,501.0
17701,2026-10-04,,,,,,,,0,0,1471.0,6.1,7.5,7.7,7.1,24.0,8.0,24.0,,,,6.2,0,,,874.6,871.9,873.2,873.2,,,,,,,95.0,39.0,70.0,68.0,-1,-1,-1,,,,0.0,,,,,,,10,,1,17,8,18,0,9,-2,1,3,1,2.2,1340.0
17901,2026-10-04,,,,,,,,0,0,1518.0,7.5,9.7,10.6,9.3,0.0,12.0,20.0,,,,4.9,0,,,953.2,948.5,949.6,950.4,,,,,,,93.0,39.0,75.0,69.0,-1,-1,-1,,,,0.0,,,,,,,10,,4,21,12,22,4,13,0,0,1,1,0.7,1358.0
18001,2026-10-04,,,,,,,,0,0,1430.0,7.2,9.6,8.6,8.5,4.0,20.0,0.0,,,,5.0,0,,,907.5,904.3,905.4,905.7,,,,,,,76.0,42.0,64.0,61.0,-1,-1,-1,,,,,,,,,,,7,,6,20,11,20,6,13,5,1,2,0,1.2,1335.0
18111,2026-10-04,,,,,,,,0,0,1253.0,6.9,9.0,7.8,7.9,24.0,16.0,24.0,,,,4.7,0,,,893.5,891.3,891.8,892.2,,,,,,,91.0,47.0,76.0,71.0,-1,-1,-1,,,,,,,,,,,6,,3,17,7,17,3,10,-1,1,1,1,1.1,1145.0
18122,2026-10-04,,,,,,,,0,0,1523.0,7.4,10.1,10.1,9.2,24.0,12.0,28.0,,,,5.6,0,,,950.7,946.8,947.7,948.4,,,,,,,92.0,44.0,77.0,71.0,,-1,-1,,,,,,,,,,,9,,4,20,11,20,4,12,0,1,2,1,1.6,216.0
18210,2026-10-04,,,,0.0,0.0,0.0,0.0,0,0,1629.0,8.8,11.7,10.6,10.4,4.0,20.0,32.0,1,0,0,4.0,0,0,0,,,,,0,0,,,,,96.0,50.0,77.0,74.0,-1,-1,-1,,,,,-1.0,0,-1.0,60000.0,60000.0,60000.0,10,1,6,20,12,21,5,13,3,1,1,2,1.6,1530.0
18225,2026-10-04,,,,,,,,0,0,1161.0,7.6,11.6,11.4,10.2,28.0,16.0,28.0,,,,3.9,0,,,967.7,963.4,964.0,965.0,,,,,,,100.0,50.0,92.0,81.0,-1,-1,-1,,,,,,,,,,,6,,3,20,10,21,3,12,-1,1,2,1,1.6,1320.0
18231,2026-10-04,,,,,,,,0,0,1469.0,7.3,10.3,9.7,9.1,0.0,20.0,0.0,,,,5.0,0,,,944.7,940.8,941.8,942.4,,,,,,,98.0,45.0,83.0,75.0,-1,-1,-1,,,,,,,,,,,8,,3,20,9,21,3,12,-1,0,2,0,0.9,1507.0
18402,2026-10-04,,,,,,,,0,0,1575.0,6.9,9.3,8.8,8.3,32.0,16.0,32.0,,,,6.7,0,,,868.5,867.4,867.4,867.8,,,,,,,98.0,56.0,82.0,79.0,-1,-1,-1,,,,,,,,,,,8,,2,15,8,15,1,8,0,1,2,1,1.6,1241.0
18502,2026-10-04,,,,,,,,0,0,1572.0,6.9,11.5,10.1,9.5,24.0,8.0,20.0,,,,5.4,0,,,947.9,944.3,944.9,945.7,,,,,,,100.0,47.0,91.0,79.0,-1,-1,-1,,,,,,,,,,,10,,2,21,9,21,0,11,-1,1,2,1,1.6,702.0
18601,2026-10-04,,,,,,,,0,0,1498.0,7.4,10.8,10.1,9.4,28.0,12.0,28.0,,,,7.1,0,,,955.9,952.4,952.9,953.7,,,,,,,95.0,47.0,80.0,74.0,-1,-1,-1,,,,,,,,,,,9,,3,20,11,20,2,11,-2,1,3,2,2.8,1246.0
18622,2026-10-04,,,,,,,,0,0,1524.0,7.3,11.7,11.7,10.2,0.0,20.0,32.0,,,,4.8,0,,,976.6,972.7,972.6,974.0,,,,,,,98.0,49.0,84.0,77.0,-1,-1,-1,,,,,,,,,,,10,,3,20,12,21,3,12,0,0,2,1,1.2,1224.0
18705,2026-10-04,,,,,,,,0,0,1441.0,7.1,9.4,11.0,9.2,0.0,12.0,0.0,,,,3.1,0,,,983.4,979.6,979.2,980.7,,,,,,,99.0,39.0,86.0,75.0,-1,-1,-1,,,,,,,,,,,9,,2,21,11,22,2,12,1,0,1,0,0.4,1208.0
18805,2026-10-04,,,,,,,,0,0,1650.0,7.0,9.4,9.1,8.5,8.0,20.0,8.0,,,,4.8,0,,,908.0,906.6,906.4,907.0,,,,,,,66.0,46.0,66.0,59.0,-1,-1,-1,,,,0.0,,,,,,,11,,8,18,12,19,5,12,4,1,2,2,2.1,1311.0
18906,2026-10-04,,,,,,,,0,0,1624.0,8.5,9.1,10.3,9.3,20.0,12.0,24.0,,,,4.1,0,,,987.7,985.3,984.9,986.0,,,,,,,95.0,35.0,75.0,68.0,-1,-1,-1,,,,,,,,,,,11,,5,22,12,23,4,13,1,1,1,1,1.1,1256.0
19021,2026-10-04,,,,,,,,0,0,1566.0,8.3,10.7,10.4,9.8,0.0,16.0,20.0,,,,4.7,0,,,998.1,995.3,994.8,996.1,,,,,,,93.0,39.0,76.0,69.0,-1,-1,-1,,,,,,,,,,,11,,5,23,12,23,3,13,0,0,2,1,1.2,1513.0
19204,2026-10-04,,,,,,,,0,0,1557.0,6.9,8.2,9.0,8.0,32.0,16.0,28.0,,,,5.8,0,,,997.6,995.2,994.6,995.8,,,,,,,87.0,31.0,68.0,62.0,-1,-1,-1,,,,,,,,,,,10,,4,22,11,23,3,13,,1,2,1,1.6,1214.0
19205,2026-10-04,,,,,,,,0,0,1543.0,7.8,9.8,9.5,9.0,0.0,16.0,0.0,,,,5.6,0,,,991.2,989.0,988.6,989.6,,,,,,,84.0,36.0,63.0,61.0,-1,-1,-1,,,,,,,,,,,10,,6,23,13,23,4,13,3,0,2,0,0.9,1141.0
19505,2026-10-04,,,,,,,,0,0,1611.0,6.5,8.5,8.1,7.7,24.0,8.0,24.0,,,,5.7,0,,,906.8,903.1,904.2,904.7,,,,,,,87.0,37.0,67.0,64.0,-1,-1,-1,,,,0.0,,,,,,,11,,3,20,10,20,3,11,0,1,2,1,1.6,1339.0
19700,2026-10-04,,,,,,,,0,0,,7.4,10.7,10.2,9.4,0.0,8.0,32.0,,,,4.3,0,,,957.7,953.4,954.1,955.1,,,,,,,93.0,46.0,77.0,72.0,-1,-1,-1,,,,0.0,,,,,,,11,,4,20,11,21,3,12,0,0,1,1,0.7,1420.0
19711,2026-10-04,,,,,,,,0,0,1596.0,7.7,10.0,9.2,9.0,24.0,8.0,28.0,,,,6.1,0,,,,,,,,,,,,,77.0,49.0,70.0,65.0,-1,-1,-1,,,,,,,,,,,11,,7,18,11,18,5,12,,2,3,1,2.8,2236.0
19720,2026-10-04,0.0,0.0,0.0,4.0,3.0,5.0,40.0,0,0,1622.0,8.4,10.9,10.4,9.9,0.0,12.0,28.0,1,0,0,5.6,0,0,0,947.7,944.4,944.9,945.7,0,0,,,,,96.0,48.0,88.0,77.0,-1,-1,-1,,,,,-1.0,0,-1.0,15000.0,30000.0,20000.0,10,1,5,20,9,21,4,12,0,0,2,1,1.2,1344.0
19821,2026-10-04,,,,,,,,0,0,1697.0,9.7,13.5,10.7,11.3,32.0,24.0,4.0,,,,3.9,0,,,920.3,917.5,918.0,918.6,,,,,,,100.0,56.0,80.0,79.0,-1,-1,-1,,,,,,,,,,,9,,7,21,11,22,6,14,5,1,2,1,1.6,1247.0
19911,2026-10-04,,,,,,,,0,0,1506.0,7.4,12.6,11.0,10.3,0.0,12.0,28.0,,,,6.0,0,,,965.2,961.1,961.8,962.7,,,,,,,100.0,52.0,87.0,80.0,-1,-1,-1,,,,,,,,,,,9,,3,21,10,21,2,11,1,0,2,1,1.2,1440.0
20002,2026-10-04,,,,,,,,0,0,1592.0,8.2,11.6,9.0,9.6,24.0,12.0,0.0,,,,4.5,0,,,924.4,922.2,922.3,923.0,,,,,,,99.0,58.0,86.0,81.0,-1,-1,-1,,,,,,,,,,,10,,4,18,8,18,3,10,0,1,2,0,1.2,1119.0
20011,2026-10-04,,,,,,,,0,0,1601.0,7.7,11.4,8.7,9.3,28.0,16.0,32.0,,,,7.2,0,,,,,,,,,,,,,95.0,49.0,67.0,70.0,-1,-1,-1,,,,,,,,,,,10,,4,20,11,21,3,12,0,1,3,1,2.2,1426.0
20020,2026-10-04,,,,,,,,,,,,,,,,,,,,,,0,,,,,,,,,,,,,,,,,,,,,,,,,,,,,,,,,,,,,,,,,,,
20021,2026-10-04,,,,,,,,0,0,1750.0,,,4.0,,20.0,20.0,20.0,,,,4.6,0,,,795.9,795.7,795.3,795.6,,,,,,,7.0,25.0,37.0,23.0,-1,-1,-1,,,,0.0,,,,,,,11,,,,8,13,7,10,,1,1,1,1.1,1444.0
20101,2026-10-04,0.0,0.0,,1.0,1.0,,,0,0,1805.0,8.0,7.2,6.6,7.3,8.0,12.0,8.0,0,0,,4.9,0,0,0,858.2,857.7,857.4,857.8,0,0,,,,,74.0,41.0,54.0,56.0,-1,-1,-1,,,,0.0,-1.0,0,-1.0,80000.0,80000.0,,11,1,8,16,10,16,6,11,1,1,1,2,1.6,414.0
20105,2026-10-04,,,,,,,,0,0,1457.0,8.1,11.7,8.8,9.5,8.0,20.0,8.0,,,,6.6,0,,,927.0,924.8,924.8,925.5,,,,,,,85.0,61.0,71.0,72.0,-1,-1,-1,,,,,,,,,,,10,,6,17,10,18,6,12,3,2,3,3,3.9,1859.0
20123,2026-10-04,,,,0.0,0.0,0.0,0.0,0,0,1547.0,9.0,11.4,12.5,11.0,20.0,12.0,4.0,1,0,0,4.4,0,0,0,972.6,968.9,968.9,970.1,0,0,,,,,98.0,50.0,85.0,78.0,-1,-1,-1,,,,,-1.0,0,-1.0,20000.0,25000.0,25000.0,11,0,6,20,13,21,5,13,3,1,2,1,1.6,1433.0
20202,2026-10-04,,,,,,,,0,0,1418.0,8.7,11.5,10.9,10.4,16.0,28.0,12.0,,,,4.8,0,,,976.8,972.9,972.9,974.2,,,,,,,99.0,48.0,76.0,74.0,-1,-1,-1,,,,0.0,,,,,,,8,,5,21,12,21,4,13,2,1,1,1,1.1,1734.0
20209,2026-10-04,,,,,,,,0,0,1416.0,9.4,11.0,11.5,10.6,4.0,4.0,24.0,,,,4.6,0,,,,,,,,,,,,,96.0,50.0,73.0,73.0,-1,-1,-1,,,,,,,,,,,8,,7,19,14,20,7,13,4,1,1,1,1.1,1351.0
20212,2026-10-04,1.0,0.0,0.0,8.0,1.0,2.0,37.0,0,0,1518.0,7.9,11.2,11.4,10.2,28.0,16.0,28.0,1,0,0,4.7,0,0,1,977.9,974.1,973.7,975.2,0,0,,,,,92.0,50.0,78.0,73.0,-1,-1,-1,,,,0.0,-1.0,0,-1.0,400.0,50000.0,40000.0,9,1,5,19,13,20,4,12,2,1,2,1,1.6,1343.0
20220,2026-10-04,,,,,,,,0,0,1490.0,10.4,13.0,12.1,11.8,28.0,12.0,4.0,,,,4.3,0,,,977.5,973.7,973.5,974.9,,,,,,,100.0,58.0,89.0,82.0,-1,-1,-1,,,,,,,,,,,9,,8,19,12,20,6,13,5,1,2,1,1.6,1343.0
20270,2026-10-04,,,,,,,,0,0,1548.0,7.2,11.3,11.4,10.0,8.0,16.0,32.0,,,,4.4,0,,,966.7,963.3,963.3,964.4,,,,,,,89.0,47.0,77.0,71.0,-1,-1,-1,,,,,,,,,,,10,,4,21,13,21,4,12,3,1,2,2,2.1,1441.0
20411,2026-10-04,,,,,,,,0,0,1380.0,8.0,11.2,10.6,9.9,32.0,16.0,4.0,,,,2.9,0,,,976.2,972.5,972.1,973.6,,,,,,,99.0,51.0,89.0,80.0,-1,-1,-1,,,,,,,,,,,7,,4,19,10,20,2,11,-1,1,1,1,1.1,1241.0
20412,2026-10-04,,,,,,,,0,0,1531.0,7.9,10.1,8.5,8.8,0.0,4.0,16.0,,,,3.8,0,,,969.2,965.8,965.4,966.8,,,,,,,94.0,45.0,82.0,74.0,-1,-1,-1,,,,,,,,,,,11,,4,19,8,21,2,11,-1,0,1,1,0.7,1116.0
20903,2026-10-04,,,,,,,,0,0,1565.0,8.1,7.7,9.1,8.3,24.0,12.0,8.0,,,,5.4,0,,,1005.2,1002.6,1002.0,1003.3,,,,,,,92.0,26.0,61.0,60.0,-1,-1,-1,,,,,,,,,,,11,,5,24,13,24,2,13,,2,2,1,2.1,1311.0
21101,2026-10-04,,,,,,,,0,0,1194.0,8.2,9.0,8.4,8.5,20.0,28.0,20.0,,,,5.8,0,,,904.4,902.7,902.5,903.2,,,,,,,83.0,45.0,66.0,65.0,-1,-1,-1,,,,0.0,,,,,,,5,,7,18,11,18,5,11,2,1,1,2,1.6,1541.0
21300,2026-10-04,,,,0.0,0.0,0.0,0.0,0,0,1495.0,7.3,12.1,11.1,10.2,12.0,28.0,12.0,1,0,1,8.5,0,0,0,958.2,954.6,955.1,956.0,0,0,,,,,96.0,56.0,87.0,80.0,-1,-1,-1,,,,,-1.0,0,-1.0,12000.0,50000.0,40000.0,9,1,3,19,11,19,3,11,0,1,2,1,1.6,1209.0
